:020000040800F2
:1000000000000220A9260008C10D0008C30D000849
:10001000C50D0008C70D0008C90D0008000000004C
:10002000000000000000000000000000CB0D0008F0
:10003000CD0D000800000000CF0D0008D10D000814
:10004000F9260008F9260008F9260008F926000814
:10005000F9260008F926000849060008F9260008D4
:10006000F9260008F9260008F9260008F9260008F4
:10007000F9260008F9260008F9260008F9260008E4
:10008000D90D0008F9260008F9260008F92600080D
:10009000F9260008F9260008F9260008F9260008C4
:1000A000F9260008F9260008F9260008F9260008B4
:1000B000F9260008F9260008F9260008F9260008A4
:1000C000F9260008F9260008F9260008F926000894
:1000D000F9260008F9260008F9260008F926000884
:1000E000F9260008F9260008F9260008F926000874
:1000F000F9260008F9260008F9260008F926000864
:10010000F9260008F9260008F9260008F926000853
:10011000F9260008F9260008F9260008F926000843
:10012000F9260008F9260008F9260008F926000833
:10013000F92600080000000000000000F926000871
:10014000F9260008F9260008F9260008F926000813
:10015000F9260008F9260008F9260008F926000803
:10016000F9260008F9260008F9260008F9260008F3
:10017000F9260008F9260008F9260008000000000A
:1001800000000000F9260008000000000000000048
:10019000F92600080000000000000000F926000811
:1001A000000000000000000000000000F926000828
:1001B000F9260008F9260008F9260008F9260008A3
:0401C000F926000814
:1001C40010B5054C237833B9044B13B10448AFF38D
:1001D40000800123237010BD108001200000000066
:1001E4005427000808B5034B1BB103490348AFF378
:1001F400008008BD0000000014800120542700087E
:1002040053B94AB9002908BF00281CBF4FF0FF3179
:100214004FF0FF3000F088B9ADF1080C6DE904CE61
:1002240000F006F8DDF804E0DDE9022304B07047CD
:100234002DE9F047089D8E4604468846002B4AD196
:100244008A42174662D9B2FA82F64EB1C6F1200349
:1002540001FA06F820FA03F3B74043EA0808B44069
:100264004FEA174E1FFA87FCB8FBFEF1230C0EFB76
:10027400118843EA084301FB0CF29A4209D9FB189E
:1002840001F1FF3080F0EA809A4240F2E7800239BF
:100294003B449A1AA3B2B2FBFEF00EFB102243EACF
:1002A400024300FB0CFC9C4509D9FB1800F1FF320A
:1002B40080F0D6809C4540F2D3803B44023840EA2B
:1002C4000140A3EB0C0300211DB1F3400022C5E95A
:1002D4000032BDE8F0878B4205D90DB1C5E90001B4
:1002E40000210846F5E7B3FA83F1002946D17345A6
:1002F40002D3824200F20581841A6EEB03020120CC
:100304009046002DE5D0C5E90048E2E7002A00F058
:100314009080B2FA82F6002E40F0A4808A1A030C70
:100324004FEA174E80B2BCB20121B2FBFEFC0EFBB9
:100334001C2243EA024304FB0CF29A4207D9FB183D
:100344000CF1FF3802D29A4200F2E080C4469B1AB4
:10035400B3FBFEF20EFB123340EA034302FB04F448
:100364009C4207D9FB1802F1FF3002D29C4200F2F2
:10037400CA8002461B1B42EA0C40A5E7C1F12006D5
:100384008B4022FA06F71F430EFA01F420FA06F313
:100394002EFA06FE4FEA1749234300FA01F81FFA22
:1003A40087FCBEFBF9F01C0C09FB10EE44EA0E447A
:1003B40000FB0CFEA64502FA01F209D93C1900F132
:1003C400FF3A80F09C80A64540F2998002383C4474
:1003D400A4EB0E041FFA83FEB4FBF9F309FB1344E8
:1003E4004EEA044403FB0CFCA44508D93C1903F170
:1003F400FF3E80F08280A4457FD9023B3C4443EA1F
:100404000040A4EB0C04A0FB02EC64457346E146F7
:1004140062D35FD05DB1B8EB030264EB090404FA64
:1004240006F622FA01F31E43CC40C5E9006400211C
:100434004FE7B1FBF2FC010C41EA0E4180B240EA05
:1004440001423B4638463C46B846BE462026B1FBF0
:10045400F7F1A2EB080241EA0C4166E7014618E70E
:1004640010462CE7C6F120022EFA02F3B740B14041
:1004740020FA02F24FEA174E0A43B3FBFEF8BCB26D
:100484000EFB1833110C41EA034108FB04F9B04098
:1004940089454FEA104380B23ED9791808F1FF3CF0
:1004A40001D289451FD8A1EB0901B1FBFEF909FB73
:1004B40004F80EFB191192B242EA0142424529D2D4
:1004C400BA1809F1FF31C4D24245C2D2A9F10201DE
:1004D4003A44BEE7F0459DD2BEEB02036CEB070C39
:1004E4000138E14696E7A7EB09094944A8F1020C53
:1004F400B1FBFEF909FB04F8DBE773467FE75046DE
:1005040066E70846FDE63B44023A33E7ACF1020CE9
:100514003B441CE749469CE7A1EB0901C446B1FBF7
:10052400FEF909FB04F8C4E7704700BF2DE9F04F5A
:1005340089B00024039404940594069407940094C9
:100544002F4B1A6B42F080021A631A6B02F080027E
:100554000092009A01941A6B42F001021A631A6B1A
:1005640002F001020192019A02941A6B42F0020213
:100574001A631B6B03F002030293029B4FF4404B7C
:10058400CDF80CB001260496DFF87CA003A95046F0
:1005940001F092FC4FF44079CDF80C90DFF86C80B8
:1005A40003A9404601F088FC4FF410470397154D0A
:1005B40003A9284601F080FC22465946504601F022
:1005C4006BFD22464946404601F066FD2246394607
:1005D400284601F061FD03964FF4881304930596B1
:1005E40003A9284601F068FC22460221062001F0F6
:1005F400D5FF062001F0E2FF09B0BDE8F08F00BF8F
:10060400003802400000024000080240000402409A
:1006140000B583B000210191094B1A6B42F400121A
:100624001A631B6B03F400130193019B0A46102009
:1006340001F0B4FF102001F0C1FF03B05DF804FB2A
:100644000038024010B502F01DF8634B1B68C31A52
:10065400C82B31D9604B1860604B1B68052B0CD03C
:100664005E4A1368013313605C4B1B68052B23D867
:10067400DFE803F00726425E7A96584B00221A60A0
:10068400F2E7012000F0DAFA554800F0CBFA554CB5
:100694002268D36823F40073D360606A01F029FEF2
:1006A4004FF48053504A5149514801F0EDFD2268FE
:1006B400D36843F40073D360012001F0F5FC10BD4E
:1006C400012000F0BBFA4B4800F0ACFA454C22681C
:1006D400D36823F40073D360606A01F00AFE4FF418
:1006E4008053414A4449424801F0CEFD2268D36810
:1006F40043F40073D360DFE7012000F09FFA3F4822
:1007040000F090FA374C2268D36823F40073D36066
:10071400606A01F0EEFD4FF48053334A384934489F
:1007240001F0B2FD2268D36843F40073D360C3E7D9
:10073400012000F083FA334800F074FA294C22684F
:10074400D36823F40073D360606A01F0D2FD4FF4E0
:100754008053254A2C49264801F096FD2268D36827
:1007640043F40073D360A7E7012000F067FA274839
:1007740000F058FA1B4C2268D36823F40073D3604A
:10078400606A01F0B6FD4FF48053174A20491848B7
:1007940001F07AFD2268D36843F40073D3608BE7D9
:1007A400012000F04BFA1B4800F03CFA0D4C226883
:1007B400D36823F40073D360606A01F09AFD4FF4A8
:1007C4008053094A14490A4801F05EFD2268D3683F
:1007D40043F40073D3606FE72C8001203080012044
:1007E4006C270008DC8001203C0400400440012008
:1007F40034800120742700080400012080270008A9
:1008040004C000208C27000804000020942700085E
:10081400044000209C2700080480002072B6FEE7F4
:1008240000B58FB000230A930B930C930D93089398
:1008340009930193029303930493059306930793F7
:1008440036484FF08042026043608360344A126845
:10085400013AC2600361836100F08AFC002850D130
:100864004FF480530A930AA92C4800F0E7FD0028AE
:1008740049D12A4800F0A8FC002846D10023089357
:10088400099308A9254800F06BFF00283FD10022F6
:10089400019202920392059201A9204800F024FDDE
:1008A400002836D1002300931E4A116B41F4001135
:1008B4001163126B02F400120092009A1A481B4A48
:1008C40002604FF0C062426040228260C3604FF415
:1008D400806202614FF4805242614FF4804282612F
:1008E4004FF48072C2614FF400320262436201F03D
:1008F40065FC80B9094A0C4B53629A630FB05DF8EA
:1009040004FBFFF78BFFFFF789FFFFF787FFFFF774
:1009140085FFFFF783FFFFF781FF00BFDC80012025
:10092400000000200038024034800120886002402A
:1009340000B58FB000230A930B930C930D93089387
:1009440009930193029303930493059306930793E6
:100954001E481F4A02604360836040F6FF72C26013
:100964000361836100F004FC28BB4FF480530A93B5
:100974000AA9164800F062FDF8B9144800F050FCCA
:10098400E8B900230893099308A9104800F0E8FE89
:10099400B8B96023019300230293039305930822BB
:1009A40001A90A4800F0CFFC68B9084800F082FAAF
:1009B4000FB05DF804FBFFF731FFFFF72FFFFFF7E0
:1009C4002DFFFFF72BFFFFF729FF00BF94800120C5
:1009D4000004004000B595B03422002107A801F0BE
:1009E4008AFE0023029303930493059306930093D2
:1009F400194A116C41F080511164126C02F080525A
:100A04000092009A019315490A6822F4404242F484
:100A140080420A600A6802F440420192019A02226A
:100A2400079201220A9210220B920D9307A801F05B
:100A340021F868B90F2302930021039104910591D1
:100A4400069102A800F0D2FE20B915B05DF804FBAF
:100A5400FFF7E4FEFFF7E2FE0038024000700040BA
:100A640008B501F0E9FDFFF7B5FFFFF75FFD00F002
:100A74006DF9FFF7CDFDFFF7D3FEFFF759FF08210E
:100A84000B4800F0EBFD0B4C0021204600F064FD08
:100A94004FF48053084A0949094801F0F5FB094815
:100AA40000F0C0F82268D36843F40073D360FEE713
:100AB40094800120DC8001203C040040044001209B
:100AC400348001206C27000882B000EB4000002332
:100AD400019304E000BF00BF019B01330193019B1C
:100AE4008342F7D302B0704710B51420FFF7ECFF30
:100AF400094CA36943F40043A3611420FFF7E4FF06
:100B0400A36943F00043A3611420FFF7DDFFA36949
:100B140043F40043A36110BD0008024010B504462D
:100B24003D4A936943F48043936110F0800F41D1AF
:100B34003A4A936943F00043936114F0400F40D064
:100B4400364A936943F48053936114F0200F3ED0E6
:100B5400334A936943F40073936114F0100F3CD04B
:100B64002F4A936943F480739361FFF7BDFF14F038
:100B7400080F38D0294A936943F40043936114F071
:100B8400040F36D0254A936943F48053936114F0DB
:100B9400020F34D0224A936943F40073936114F032
:100BA400010F32D01E4A936943F480739361FFF7B7
:100BB4009BFF10BDA2F50062936943F40043936167
:100BC400BBE7164A936943F080539361BDE7144A27
:100BD400936943F000739361BFE7114A936943F04B
:100BE40080739361C1E70D4A936943F000439361B5
:100BF400C5E70A4A936943F080539361C7E7084AFB
:100C0400936943F000739361C9E7054A936943F01C
:100C140080739361CBE700BF0008024000000240EC
:100C24000004024038B50546002403E0FFF776FFD0
:100C34000134E4B2285D0028F8D138BD10B504466B
:100C44003F4A936943F08043936110F0800F45D18C
:100C54003C4A936943F00043936114F0400F44D03D
:100C6400384A936943F48053936114F0200F42D0BF
:100C7400354A936943F40073936114F0100F40D024
:100C8400314A936943F480739361FFF72DFF14F0A5
:100C9400080F3CD02B4A936943F40043936114F04A
:100CA400040F3AD0274A936943F48053936114F0B4
:100CB400020F38D0244A936943F40073936114F00B
:100CC400010F36D0204A936943F480739361FFF790
:100CD4000BFF40F6B830FFF7F7FE10BDA2F5006237
:100CE400936943F400439361B7E7164A936943F069
:100CF40080539361B9E7144A936943F00073936195
:100D0400BBE7114A936943F080739361BDE70D4AD1
:100D1400936943F000439361C1E70A4A936943F03E
:100D240080539361C3E7084A936943F00073936166
:100D3400C5E7054A936943F080739361C7E700BF31
:100D440000080240000002400004024008B5194BAC
:100D54001A6B42F001021A631A6B42F002021A6320
:100D64001A6B42F004021A63134A136843F0824375
:100D7400136002F58062136843F4A023136002F544
:100D84008062136843F0A043136047F23050FFF7CA
:100D94009BFE3320FFF752FF3220FFF74FFF0C205A
:100DA400FFF74CFF2820FFF749FF0120FFF746FF1C
:100DB40008BD00BF0038024000000240FEE7FEE725
:100DC400FEE7FEE7FEE770477047704708B501F09D
:100DD4004DFC08BD08B5024801F09EFA08BD00BFED
:100DE4003480012082B0002100910B4B5A6C42F4F4
:100DF40080425A645A6C02F480420092009A019133
:100E04001A6C42F080521A641B6C03F080530193F5
:100E1400019B02B0704700BF0038024010B582B099
:100E24000368B3F1804F04D01E4A93422CD002B021
:100E340010BD0446002300931B4A116C41F00101CC
:100E44001164126C02F001020092009A1748184AC9
:100E540002604FF0C06242608360C3604FF48062FE
:100E640002614FF4805242614FF480428261C36157
:100E74000362436201F0A2F918B90C4B63629C63EC
:100E8400D5E7FFF7CBFCF8E700230193064B1A6C78
:100E940042F002021A641B6C03F002030193019BEB
:100EA400C5E700BF00040040003802403480012040
:100EB4008860024000B587B0002301930293039336
:100EC4000493059302680E4B9A4202D007B05DF872
:100ED40004FB002300930B4B1A6B42F002021A63CB
:100EE4001B6B03F002030093009B01230193022375
:100EF4000293059301A9044800F0DEFFE6E700BF72
:100F040000040040003802400004024030B4036A88
:100F1400026A22F0010202624268846924F0730CBE
:100F24000C6844EA0C0423F0020C8B6843EA0C03BB
:100F3400114DA84203D005F58065A84205D123F0E0
:100F44000803CD682B4323F004030B4DA84203D0C0
:100F540005F58065A84207D122F440724D6945EA3F
:100F6400020C8A6942EA0C02426084614A68426364
:100F7400036230BC704700BF0000014030B4036A14
:100F8400026A22F4807202624268C46924F0730C1B
:100F94000C6844EA0C0523F400738C6843EA0423C8
:100FA400114CA04203D004F58064A04206D123F47E
:100FB4000063CC6843EA042323F480630A4CA04210
:100FC40003D004F58064A04207D122F440524C6956
:100FD40042EA04128C6942EA04124260C5614A681A
:100FE400C263036230BC70470000014030B4036A3E
:100FF400026A22F4805202624468C26922F4E64220
:101004000D6842EA052223F400538D6843EA053350
:10101400094DA84203D005F58065A84204D124F403
:1010240080444D6944EA85144460C2614A6802649C
:10103400036230BC704700BF0000014010B4036A73
:10104400046A24F001040462846924F0F00C4CEA7C
:10105400021223F00A030B43826103625DF8044B1E
:10106400704710B4036A046A24F0100404628469AB
:1010740024F4704C4CEA023223F0A00343EA011337
:10108400826103625DF8044B7047836823F0700348
:101094000B4343F0070383607047704770470000B9
:1010A4000368324A904212D0B0F1804F0FD0A2F5BB
:1010B4007C4290420BD002F58062904207D002F548
:1010C4008062904203D002F57842904203D123F02B
:1010D40070034A681343254A90422AD0B0F1804FE6
:1010E40027D0A2F57C42904223D002F58062904240
:1010F4001FD002F5806290421BD002F578429042E4
:1011040017D002F57052904213D002F580629042DB
:101114000FD002F5806290420BD0A2F59832904233
:1011240007D002F58062904203D002F580629042BB
:1011340003D123F44073CA68134323F080034A693C
:1011440013438A68C2620A688262084A904203D0E2
:1011540002F58062904201D10A690263026842F09A
:1011640004020260012242610360704700000140F2
:1011740040B310B5044690F83D30F3B1022384F82F
:101184003D30214651F8040BFFF78AFF012384F810
:10119400463084F83E3084F83F3084F8403084F898
:1011A400413084F8423084F8433084F8443084F881
:1011B400453084F83D30002010BD80F83C30FFF706
:1011C4002DFEDBE70120704740B310B5044690F8CC
:1011D4003D30F3B1022384F83D30214651F8040B2D
:1011E400FFF75EFF012384F8463084F83E3084F82C
:1011F4003F3084F8403084F8413084F8423084F839
:10120400433084F8443084F8453084F83D3000207D
:1012140010BD80F83C30FFF740FFDBE7012070474A
:1012240040B310B5044690F83D30F3B1022384F87E
:101234003D30214651F8040BFFF732FF012384F8B7
:10124400463084F83E3084F83F3084F8403084F8E7
:10125400413084F8423084F8433084F8443084F8D0
:10126400453084F83D30002010BD80F83C30FFF755
:1012740015FFDBE70120704730B4036A026A22F0ED
:10128400100202624468826922F4E6420D6842EA6E
:10129400052223F020038D6843EA0513114DA8426B
:1012A40003D005F58065A84206D123F08003CD68FC
:1012B40043EA051323F040030A4DA84203D005F581
:1012C4008065A84207D124F440644D6944EA85044A
:1012D4008D6944EA8504446082614A6882630362DA
:1012E40030BC70470000014090F83C30012B28D0FE
:1012F40010B50446012380F83C300C2A1CD8DFE8E2
:1013040002F0071B1B1B0C1B1B1B111B1B1B1600BA
:101314000068FFF7FBFD00200FE00068FFF7ACFF5B
:1013240000200AE00068FFF729FE002005E00068BD
:10133400FFF75CFE002000E00120002384F83C302D
:1013440010BD0220704738B590F83C30012B66D0B0
:1013540004460D46012380F83C300C2A5AD8DFE8B5
:1013640002F0075959591B595959305959594400D0
:101374000068FFF7CBFD2268936943F0080393618B
:101384002268936923F004039361226893692969AD
:101394000B43936100203EE00068FFF76DFF226875
:1013A400936943F4006393612268936923F480632F
:1013B400936122689369296943EA012393610020B8
:1013C40029E00068FFF7DAFD2268D36943F00803D7
:1013D400D3612268D36923F00403D3612268D369FB
:1013E40029690B43D361002015E00068FFF7FEFD77
:1013F4002268D36943F40063D3612268D36923F478
:101404008063D3612268D369296943EA0123D361E4
:10141400002000E00120002384F83C3038BD022085
:10142400FCE710B4846824F47F4C42EA03220A43A4
:1014340042EA0C0282605DF8044B704790F83C303D
:10144400012B78D010B50446012380F83C300223E8
:1014540080F83D300268936823F47F4323F07703D8
:1014640093600B68602B4CD023D8402B54D011D8F8
:10147400202B03D00AD80BB1102B05D119462068B4
:10148400FFF703FE002028E0012026E0302BF5D0F2
:10149400012022E0502B0AD1CA6849680068FFF78E
:1014A400CDFD50212068FFF7F0FD002015E001205C
:1014B40013E0B3F5805F3AD0B3F5005F14D0702B1E
:1014C40037D1CB684A6889680068FFF7AAFF2268A9
:1014D400936843F0770393600020012384F83D3040
:1014E400002384F83C3010BDCB684A6889680068E2
:1014F400FFF797FF2268936843F4804393600020CA
:10150400EBE7CA6849680068FFF7ABFD6021206813
:10151400FFF7BBFD0020E0E7CA6849680068FFF7F1
:101524008DFD40212068FFF7B0FD0020D5E70020A5
:10153400D3E70120D1E70220704701F01F014FF0EB
:10154400010C0CFA01FC036A23EA0C030362036A2C
:101554008A4013430362704710B5044608460029C5
:1015640042D194F83E30DBB2013B18BF0123002B7B
:101574006ED1002851D1022384F83E300122014665
:101584002068FFF7DAFF2368334A934203D002F559
:101594008062934203D15A6C42F400425A64236835
:1015A4002D4A934249D0B3F1804F46D0A2F57C42F4
:1015B400934242D002F5806293423ED002F58062AB
:1015C40093423AD002F57842934236D002F57052F3
:1015D400934232D0A2F5943293422ED01A6842F04C
:1015E40001021A60002032E0042908D008290DD035
:1015F40094F84130DBB2013B18BF0123B7E794F8FC
:101604003F30DBB2013B18BF0123B0E794F8403010
:10161400DBB2013B18BF0123A9E7042805D0082841
:1016240007D0022384F84130A8E7022384F83F302E
:10163400A4E7022384F84030A0E79A6802F0070286
:10164400062A07D01A6842F001021A60002010BD71
:101654000120FCE70020FAE70000014010B5044631
:101664000846002942D194F83E30DBB2013B18BF52
:101674000123002B6ED1002851D1022384F83E307F
:10168400012201462068FFF758FF2368334A93423A
:1016940003D002F58062934203D15A6C42F40042B3
:1016A4005A6423682D4A934249D0B3F1804F46D0FF
:1016B400A2F57C42934242D002F5806293423ED02E
:1016C40002F5806293423AD002F57842934236D0D2
:1016D40002F57052934232D0A2F5943293422ED046
:1016E4001A6842F001021A60002032E0042908D08E
:1016F40008290DD094F84130DBB2013B18BF012317
:10170400B7E794F83F30DBB2013B18BF0123B0E7E1
:1017140094F84030DBB2013B18BF0123A9E7042849
:1017240005D0082807D0022384F84130A8E7022313
:1017340084F83F30A4E7022384F84030A0E79A6895
:1017440002F00702062A07D01A6842F001021A6062
:10175400002010BD0120FCE70020FAE70000014052
:1017640090F83C20012A3DD010B40346012280F8B1
:101774003C20022280F83D2002685068946820F0E2
:10178400700C086840EA0C0050601A6816488242DF
:101794001AD0B2F1804F17D0A0F57C40824213D00A
:1017A40000F5806082420FD000F5806082420BD049
:1017B40000F57840824207D000F57050824203D091
:1017C400A0F59430824204D124F080044968214376
:1017D4009160012283F83D20002083F83C005DF8ED
:1017E400044B70470220704700000140002800F0BD
:1017F4009B8070B50D4604464F4B1B6803F00F03E6
:101804008B4208D2CBB24C4A1370136803F00F0317
:101814008B4240F08B80236813F0020F17D013F033
:10182400040F04D0454A936843F4E053936023685B
:1018340013F0080F04D0414A936843F46043936063
:101844003E4A936823F0F003A1680B439360236836
:1018540013F0010F32D06368012B21D09A1E012AA4
:1018640025D9364A126812F0020F61D033498A68CA
:1018740022F0030213438B6000F004FF06462F4B53
:101884009B6803F00C036268B3EB820F16D000F080
:10189400F9FE801B41F288339842F0D9032042E0DC
:1018A400264A126812F4003FE0D101203BE0234AAB
:1018B400126812F0007FD9D1012034E01E4B1B685E
:1018C40003F00F03AB4207D9EAB21B4B1A701B6833
:1018D40003F00F03AB422DD1236813F0040F06D09D
:1018E400164A936823F4E053E1680B43936023683A
:1018F40013F0080F07D0114A936823F46043216959
:1019040043EAC103936000F021F80C4B9B68C3F3D6
:1019140003130B4AD35CD8400A4B18600A4B18686F
:1019240000F064FE002070BD012070470120FAE73A
:101934000120F8E70120F6E7003C024000380240AD
:10194400AC2700080C8001200880012008B5464B14
:101954009B6803F00C03082B05D00C2B43D0042BFD
:101964007FD1424819E0404B5A6802F03F025B685D
:1019740013F4800F12D03C4B5968C1F388113B48D3
:101984000023A1FB0001FEF73BFC374B5B68C3F36C
:10199400014301335B00B0FBF3F008BD324B5868E0
:1019A400C0F388104FEA401CBCEB000C6EEB0E0E2B
:1019B4004FEA8E1343EA9C634FEA8C11B1EB0C019E
:1019C40063EB0E03DB0043EA5173C90011EB000C17
:1019D40043F10003990200234FEA8C2041EA9C5111
:1019E400FEF70EFCD1E7204B5A6802F03F025B6819
:1019F40013F4800F10D01C4B5968C1F388111B4895
:101A04000023A1FB0001FEF7FBFB174B5B68C3F34C
:101A14000273B0FBF3F0C0E7134B5868C0F38810AF
:101A24004FEA401CBCEB000C6EEB0E0E4FEA8E131B
:101A340043EA9C634FEA8C11B1EB0C0163EB0E0398
:101A4400DB0043EA5173C90011EB000C43F10003BE
:101A5400990200234FEA8C2041EA9C51FEF7D0FB07
:101A6400D3E7034899E700BF0038024040787D017E
:101A74000024F400002800F0018270B582B004460E
:101A8400036813F0010F41D0994B9B6803F00C03DA
:101A9400042B32D0964B9B6803F00C03082B27D001
:101AA400934B9B6803F00C030C2B59D06368B3F57C
:101AB400803F5BD0B3F5A02F5ED08D4B1A6822F423
:101AC40080321A601A6822F480221A606368002B3C
:101AD4005CD000F0D7FD0546854B1B6813F4003F2E
:101AE40014D100F0CFFD401B6428F5D90320CCE1CC
:101AF4007F4B5B6813F4800FD2D07D4B1B6813F4CB
:101B0400003F03D06368002B00F0BA81236813F010
:101B1400020F60D0764B9B6813F00C0F4AD0744BC5
:101B24009B6803F00C03082B3FD0714B9B6803F0B8
:101B34000C030C2B69D0E368002B75D06D4B01228C
:101B44001A6000F09FFD0546694B1B6813F0020FF5
:101B540061D100F097FD401B0228F5D9032094E1E0
:101B6400634B5B6813F4800FA0D0C6E7604A136828
:101B740043F480331360A9E75D4B1A6842F4802272
:101B84001A601A6842F480321A609FE700F07AFD06
:101B94000546574B1B6813F4003FB7D000F072FDA5
:101BA400401B6428F5D903206FE1514B5B6813F4A3
:101BB400800FBAD14E4B1B6813F0020F03D0E368B9
:101BC400012B40F05F814A4A136823F0F80321692E
:101BD40043EAC1031360236813F0080F49D0636913
:101BE400002B33D0434B0122C3F8802E00F04AFD72
:101BF40005463F4B5B6F13F0020F3AD100F042FDF4
:101C0400401B0228F5D903203FE1394B5B6813F4EC
:101C1400800F90D1CEE7364A136823F0F803216988
:101C240043EAC1031360D6E7324B00221A6000F086
:101C340029FD05462E4B1B6813F0020FCBD000F094
:101C440021FD401B0228F5D903201EE1294B002267
:101C5400C3F8802E00F016FD0546254B5B6F13F08C
:101C6400020F06D000F00EFD401B0228F5D9032018
:101C74000BE1236813F0040F76D01D4B1B6C13F09B
:101C8400805F33D100230193194B1A6C42F08052C8
:101C94001A641B6C03F080530193019B0125164BBE
:101CA4001B6813F4807F29D0A368012B3AD0052B3D
:101CB4003ED00F4B1A6F22F001021A671A6F22F0FE
:101CC40004021A67A368002B3CD000F0DBFC064634
:101CD400074B1B6F13F0020F45D100F0D3FC801BA0
:101CE40041F288339842F3D90320CEE00025D6E7A9
:101CF4000038024000004742007000406B4A1368FD
:101D040043F48073136000F0BDFC0646674B1B6808
:101D140013F4807FC8D100F0B5FC801B0228F5D9EC
:101D24000320B2E0624A136F43F001031367C9E76B
:101D34005F4B1A6F42F004021A671A6F42F00102F5
:101D44001A67BFE700F09EFC0646594B1B6F13F061
:101D5400020F08D000F096FC801B41F288339842B1
:101D6400F3D9032091E0EDB9A369002B00F08C8036
:101D74004F4A926802F00C02082A54D0022B17D062
:101D84004C4B00221A6600F07DFC0446484B1B684D
:101D940013F0007F45D000F075FC001B0228F5D934
:101DA400032072E0424A136C23F080531364DBE790
:101DB400404B00221A6600F065FC05463C4B1B684C
:101DC40013F0007F06D000F05DFC401B0228F5D91B
:101DD40003205AE0E369226A1343626A43EA8213E6
:101DE400A26A5208013A43EA0243E26A43EA0263FE
:101DF400226B43EA02732E4A53602E4B01221A6669
:101E040000F040FC04462A4B1B6813F0007F06D107
:101E140000F038FC001B0228F5D9032035E000202F
:101E240033E0002031E0012B31D0214B5B6803F417
:101E34008001E26991422CD103F03F02216A8A4277
:101E440029D1616A47F6C0721A40B2EB811F24D1CE
:101E540003F44031A26A5208013AB1EB024F1ED199
:101E640003F07062E16AB2EB016F1AD103F0E04350
:101E7400226BB3EB027F16D1002006E001207047ED
:101E8400012002E0012000E0002002B070BD01202A
:101E9400FBE70120F9E70120F7E70120F5E701203E
:101EA400F3E70120F1E70120EFE700BF00700040F5
:101EB400003802400000474200230F2B00F2E38069
:101EC40070B582B065E085684FEA430E032404FAD6
:101ED4000EF425EA0405CC6804FA0EF42C4384605D
:101EE400446824EA02044A68C2F300129A40224376
:101EF40042605CE0DC08083450F8242003F0070555
:101F0400AD004FF00F0E0EFA05FE22EA0E0E0A691E
:101F1400AA4042EA0E0240F824205CE0062200E0D7
:101F2400002202FA0EF22A430234574D45F82420C7
:101F3400564A94686FEA0C0224EA0C054E6816F4BB
:101F4400801F01D04CEA0405504CA560E46802EA05
:101F540004054E6816F4001F01D04CEA04054B4CEE
:101F6400E560646802EA04054E6816F4003F01D097
:101F74004CEA0405454C6560246822404D6815F41C
:101F8400803F01D04CEA0402404C226001330F2B05
:101F940077D801229A400C6804EA020C32EA04045D
:101FA400F4D14C6804F00304013C012C8BD94A6839
:101FB40002F00302032A09D0C4685D000322AA4088
:101FC40024EA02048A68AA402243C2604A6802F0F2
:101FD4000302022A8ED004684FEA430E032202FA57
:101FE4000EF224EA02044A6802F0030202FA0EF234
:101FF400224302604A6812F4403FC7D00022019293
:10200400234A546C44F480445464526C02F4804275
:102014000192019A9C08A51C1B4A52F8255003F012
:10202400030E4FEA8E0E0F2202FA0EF225EA020583
:10203400184A90423FF474AF02F58062904216D081
:1020440002F58062904214D002F58062904212D070
:1020540002F58062904210D002F5806290420ED068
:1020640002F5806290423FF459AF072259E70122FA
:1020740057E7022255E7032253E7042251E70522DA
:102084004FE702B070BD704700380140003C01408A
:1020940000380240000002400AB18161704709041F
:1020A400816170477047000008B5054B5B690342C6
:1020B40000D108BD024B5861FFF7F4FFF9E700BFF8
:1020C400003C014030B405682C6824F480242C6062
:1020D400046863608368402B05D0036899600368D3
:1020E400DA6030BC704703689A600368D960F8E727
:1020F40010B40368D9B210390A4AA2FB014212098A
:10210400094CA25CC2655F2907D96FF30903043344
:102114008365806D5DF8044B70476FF30903836535
:10212400F7E700BFABAAAAAAA4270008836A8269BA
:1021340092B9012B0AD0022B02D00BB100207047B8
:10214400C36A13F0807F28D100207047C36AB3F1BB
:10215400C07F24D000207047B2F5005F09D0022B65
:1021640025D9032B25D1C36A13F0807F23D1002006
:102174007047032B03D8DFE803F01404140A00208B
:102184007047C36A13F0807F0DD100207047C36A83
:10219400B3F1C07F09D000207047012070470120AF
:1021A40070470120704701207047012070470120CB
:1021B40070470020704701207047000070B5044646
:1021C40000F060FA002C5BD00546022384F8353019
:1021D400002384F834302268136823F00103136069
:1021E40023681A6812F0010F0AD000F04BFA431B5F
:1021F400052BF5D920236365032084F8350070BDD1
:102204001A68204911406268A0680243E0680243EA
:102214002069024360690243A0690243E069024302
:10222400206A02430A43616A04291ED01A602668A0
:10223400756925F00705636A1D43042B07D1A36A5A
:102244001D43E36A1BB12046FFF770FF90B9756127
:102254002046FFF74DFFE26D3F239340836000204B
:102264006065012384F83530C9E7E16A206B0143D6
:102274000A43DBE740236365012084F83500BEE7A9
:102284000120BCE73F8010F038B50446856D90F816
:10229400340001282BD0012084F8340094F8350050
:1022A400C0B2012804D0002384F83430022038BDA1
:1022B400022084F83500002060652046FFF702FF05
:1022C400E26D3F239340AB602268136843F016032A
:1022D4001360236C23B12268136843F0080313606E
:1022E4002268136843F0010313600020DFE7022033
:1022F400DDE790F83530DBB2022B03D08023436551
:1023040001207047052380F835300268136823F0F4
:102314000103136000207047F0B583B00446002326
:102324000193724B1D68724BA3FB0535AD0A876D93
:102334003E68C26D08239340334210D003681A6884
:1023440012F0040F0BD01A6822F004021A60C26D56
:1023540008239340BB60436D43F001034365E26D82
:1023640001239340334209D02268526912F0800F4E
:1023740004D0BB60636D43F002036365E26D042324
:102384009340334209D02268126812F0020F04D03D
:10239400BB60636D43F004036365E26D10239340F7
:1023A400334224D02268126812F0080F1FD0BB6099
:1023B40023681A6812F4802F0DD01B6813F4002FC1
:1023C40004D1236C9BB12046984710E0A36C73B1F1
:1023D400204698470BE01A6812F4807F03D11A68EC
:1023E40022F008021A60236C0BB120469847E26D74
:1023F40020239340334255D02268126812F0100F04
:1024040050D0BB6094F83530DBB2052B0ED0236876
:102414001A6812F4802F33D01B6813F4002F2AD1CA
:10242400636C002B3ED0204698473BE0226813683B
:1024340023F0160313602268536923F08003536169
:10244400236CA3B12268136823F008031360E26DC0
:102454003F239340BB60012384F83530002384F884
:102464003430236D002B3FD0204698473CE0A36CCA
:10247400002BE7D1EBE7E36BA3B12046984711E0CB
:102484001A6812F4807F09D11A6822F010021A60C7
:10249400012384F83530002384F83430E36B0BB126
:1024A40020469847636DFBB1636D13F0010F17D09D
:1024B400052384F835302268136823F00103136080
:1024C400019B01330193AB4204D823681B6813F0CA
:1024D400010FF5D1012384F83530002384F834301A
:1024E400E36C0BB12046984703B0F0BD0C8001208B
:1024F400B5814E1B002807DB00F01F0240090123B1
:102504009340024A42F82030704700BF00E100E0E7
:10251400002808DB0901C9B200F1604000F5614000
:1025240080F80013704700F00F000901C9B2014B95
:102534001954704714ED00E000B500F00700C0F135
:10254400070CBCF1040F28BF4FF0040C031D062B2D
:102554000FD9C31E4FF0FF3E0EFA0CF021EA000122
:1025640099400EFA03FE22EA0E0241EA02005DF8E7
:1025740004FB0023EEE70000074AD36823F4E0637A
:102584001B041B0C000200F4E060034343F0BF6330
:1025940043F40033D360704700ED00E010B5044607
:1025A400054BD868C0F30220FFF7C6FF014620465A
:1025B400FFF7AEFF10BD00BF00ED00E008B5FFF768
:1025C40099FF08BD0138B0F1807F0BD24FF0E023B2
:1025D4005861054AF02182F82310002098610722EF
:1025E4001A6170470120704700ED00E010B5044601
:1025F4000E4B1A784FF47A73B3FBF2F30C4A10685B
:10260400B0FBF3F0FFF7DEFF68B90F2C01D901200E
:102614000AE0002221464FF0FF30FFF7BFFF054BD1
:102624001C60002000E0012010BD00BF04800120D8
:102634000C8001200880012008B50B4B1A6842F475
:1026440000721A601A6842F480621A601A6842F4CE
:1026540080721A600320FFF78FFF0F20FFF7C6FF79
:10266400FEF7C0FB002008BD003C0240034A11688D
:10267400034B1B780B441360704700BF2481012077
:1026840004800120014B1868704700BF2481012099
:10269400034AD2F8883043F47003C2F88830704794
:1026A40000ED00E0DFF834D0FFF7F2FF0C480D49ED
:1026B4000D4A002302E0D458C4500433C4188C4299
:1026C400F9D30A4A0A4C002301E013600432A242FF
:1026D400FBD300F019F8FEF7C3F97047000002209D
:1026E4000000002010800120CC2700081080012069
:1026F40028810120FEE702440346934200D170473B
:1027040003F8011BF9E7000070B50D4D0D4C641B77
:10271400A4100026A64209D10B4D0C4C00F018F869
:10272400641BA4100026A64205D170BD55F8043BD5
:1027340098470136EEE755F8043B98470136F2E72F
:10274400C4270008C4270008C4270008C8270008B5
:10275400F8B500BFF8BC08BC9E467047F8B500BF8A
:08276400F8BC08BC9E4670475A
:10276C0053696E6500000000536177746F6F746875
:10277C0000000000547269616E67756C6172000034
:10278C005069616E6F0000004775697461720000DA
:10279C004472756D0000000000061016000610163D
:1027AC0000000000000000000102030406070809F5
:0827BC0078DAFF7F0100000044
:0427C400E90100081F
:0427C800C50100083F
:1027CC00851E000000080000000800000008000042
:1027DC00FF07000000080000FF0700005D04000078
:1027EC003A0B000052050000F709000064070000D6
:1027FC001A0700001D080000E60500009405000003
:10280C005407000064040000DC090000B905000056
:10281C00D80900002709000035080000D50B00007E
:10282C00230600001D0B0000570600007F08000067
:10283C00410800006E060000910900001607000018
:10284C00B208000007090000DA060000260A0000A2
:10285C00840500001C09000006060000710700003A
:10286C00050700002B07000060080000BC070000F3
:10287C005A0900006C080000090900007C080000DF
:10288C004B080000D8070000D707000078070000AD
:10289C001F080000AB0700006708000016080000C6
:1028AC0070080000070800002108000071070000F4
:1028BC00F0070000E20600000208000028070000F4
:1028CC00140800000008000002080000C208000004
:1028DC00EC070000CF080000E90700004E080000DC
:1028EC0020080000DD07000048080000D5070000A4
:1028FC00280800001F080000D20700005308000041
:10290C00890700004608000071070000000800005D
:10291C0091070000DD070000CA070000EA0700006D
:10292C00F4070000050800001F080000170800004D
:10293C002A0800000F0800001A080000F207000027
:10294C000E080000F307000008080000F407000060
:10295C0015080000FC0700001A080000FA07000028
:10296C000C080000F0070000FA070000EB0700005D
:10297C0010080000E7070000140800000B08000016
:10298C000508000024080000F407000017080000E8
:10299C0001080000F3070000FD070000DF0700003E
:1029AC00FF070000F4070000FE07000013080000FA
:1029BC00E907000013080000EE07000005080000FE
:1029CC00FD070000ED07000009080000E607000005
:1029DC0007080000F4070000F30700000B080000D4
:1029EC000C0800002A080000E30700002008000083
:1029FC00EC070000030800002B080000E7070000AC
:102A0C0048080000E707000018080000E307000072
:102A1C00DE070000EF070000D2070000E10700000E
:102A2C00F4070000E20700002D080000F707000083
:102A3C002708000016080000FF070000230800000C
:102A4C00DB07000009080000E2070000F0070000A7
:102A5C0002080000E507000016080000030800004B
:102A6C00FB0700000D080000EA0700000708000043
:102A7C00DE070000FE070000E3070000F607000079
:102A8C00F9070000F707000012080000F907000022
:102A9C001E080000FC0700001208000006080000D9
:102AAC000308000005080000FF07000006080000EE
:102ABC0003080000010800000F080000F8070000E0
:102ACC0002080000F8070000F0070000FF070000F4
:102ADC00F0070000F7070000010800005C07000089
:102AEC00F70A0000D40500003108000000080000BF
:102AFC005F080000AE070000680900002F06000008
:102B0C0080060000AF0800004C070000FF09000021
:102B1C005C090000F4070000FB070000D50700006B
:102B2C00B205000041080000A8070000670700007C
:102B3C009109000083070000CB080000E2080000A8
:102B4C002708000044070000E00700008B06000087
:102B5C00C3070000CD0800001F0800008C0900000E
:102B6C00B908000037080000780700008C07000047
:102B7C00E006000085080000EA070000E9070000F5
:102B8C006508000078070000430800003F080000BB
:102B9C007308000011080000370800000B07000044
:102BAC007B070000C1070000ED070000E8080000EB
:102BBC008908000054080000DA070000CB07000069
:102BCC005B07000005080000EB070000EB070000A6
:102BDC0043080000DF070000DC040000B20900001D
:102BEC00E706000006080000BA0A00000F07000004
:102BFC00E80B0000CB0700008E0A0000F70700006E
:102C0C009207000019080000C606000087070000A4
:102C1C00E4070000020700007F09000061060000C5
:102C2C0048090000BD060000F8070000DF060000A0
:102C3C00200700002F070000AE070000DC07000093
:102C4C0090080000E0080000DA0800007C09000091
:102C5C00270800000C0900006D0700006C0800003C
:102C6C00000700000C0800009B070000160800007D
:102C7C004808000044080000E70700007A0800003C
:102C8C00E806000032080000BB060000BF07000089
:102C9C0082070000A707000077080000000800006A
:102CAC00F908000015080000D4080000FF07000018
:102CBC0053080000E1070000E7070000DF070000F1
:102CCC0006080000C407000064080000CD070000DF
:102CDC0072080000E70700009809000038070000A0
:102CEC00FB060000EE0800006306000072080000FE
:102CFC00E2070000A0070000A3090000290700005C
:102D0C00CC080000380800001A0700007D090000FC
:102D1C00F00600009F080000230800001B070000BD
:102D2C00FF0800006107000014080000CE08000036
:102D3C0031070000C30800008E0700008D0700005B
:102D4C0043080000460700004C0800004208000041
:102D5C00A20700009C080000EC070000F707000029
:102D6C00210800000D08000018080000EC07000006
:102D7C00B4090000020300002708000092060000BE
:102D8C00A40800008E060000690800005808000026
:102D9C00640700009A070000F10B0000DE0700003A
:102DAC00A70800004E080000A30600001907000049
:102DBC000B060000120A0000F1060000E0070000FC
:102DCC005F080000C5070000DA0600006209000079
:102DDC00DE080000FF080000E1060000DF0900002B
:102DEC00A0060000D5040000E3090000F60700006F
:102DFC0095060000850800001E0900009E060000D4
:102E0C0083070000F6090000830900007806000023
:102E1C00A00900003C080000540500000708000051
:102E2C00BB080000E1070000D30600009D0900006C
:102E3C009C0700008E060000CA0800007C090000F8
:102E4C00360700002B080000DE080000D106000049
:102E5C00AE060000FD070000AA0800006C07000089
:102E6C00A208000024080000EC070000FD07000089
:102E7C008C0800001A08000057080000FC0700002E
:102E8C00B607000088070000870700003308000021
:102E9C00DA070000560800001E080000EF070000CB
:102EAC00AD07000019080000E7070000310800001A
:102EBC00F40700002B080000C1070000C107000048
:102ECC003B080000D607000029080000F0070000AE
:102EDC00FE070000080800008C060000200A000015
:102EEC00FD0400001F030000550900007B090000D1
:102EFC00870D000039080000E7040000AE06000052
:102F0C002D050000550A0000610800004008000073
:102F1C00780900003C070000EF080000E6050000FF
:102F2C00760600008C080000D5080000D90A0000C5
:102F3C000B080000A506000070060000BB06000090
:102F4C00E00800007C080000E408000075080000A0
:102F5C00D60700008E0700007707000091070000DD
:102F6C009B070000260800007C0800006708000092
:102F7C00D207000087070000DA070000E207000014
:102F8C00640800002608000068080000F90700002B
:102F9C00710700002D080000BC0700003B08000072
:102FAC00F7070000BA0700000F080000E90700004F
:102FBC0002080000DA0700005E0700007708000036
:102FCC00750800007E0800000008000027070000BC
:102FDC00E2070000C8070000A10800003A08000042
:102FEC0098070000240800001308000011080000D6
:102FFC00AD0700009E0700006E08000045080000A9
:10300C0078080000D607000037070000F107000021
:10301C001908000059080000D30700000708000039
:10302C0025080000CB07000049080000DE0700005F
:10303C00E2070000340800001D08000043080000EF
:10304C0080070000C9070000FD070000F107000021
:10305C0065080000FD0700000C080000F9070000DF
:10306C00F0070000F9070000D90700000408000071
:10307C000A0800001B08000025080000E9070000F2
:10308C0050080000ED070000FC0700001F080000BE
:10309C00BB07000012080000D50700003B08000029
:1030AC00E4070000D0070000F5070000EF07000060
:1030BC000508000031080000060800001C0800008C
:1030CC00040800000B080000E6070000B40700002D
:1030DC0019080000E6070000BD070000B607000055
:1030EC0028080000B1070000840800004B0800000D
:1030FC00BE070000EF070000CF07000037080000F4
:10310C00CE0700001F08000032080000EB0700008B
:10311C001E080000D4070000B5070000D40700000B
:10312C002108000071080000F70700001B080000D0
:10313C000B080000C9070000E1070000FF070000B2
:10314C0010080000F90700001B0800000F08000021
:10315C00D2070000E7070000130800000E0800006B
:10316C0013080000F4070000EF070000E50700005B
:10317C0003080000F5070000F40700000808000031
:10318C00FE07000000080000F80700000608000019
:10319C00FE0700000908000017080000FE070000E9
:1031AC0004080000F0070000F0070000070800000A
:1031BC00010800000B080000FF07000010080000C9
:1031CC0007080000F807000002080000F8070000DC
:1031DC00FF070000FD070000250800003408000070
:1031EC0004080000ED070000F5070000F0070000E0
:1031FC00FD0700001C0800001F0800000708000065
:10320C00EA070000E1070000EE07000006080000D6
:10321C000508000032080000FE070000000800004E
:10322C00EA070000C9070000F90700000C080000BD
:10323C003108000027080000ED070000EF07000030
:10324C00E50700000108000017080000FE07000059
:10325C00280800000808000007080000F807000014
:10326C00D6070000010800000D0800001C08000033
:10327C0021080000D807000001080000FB0700002F
:10328C00F907000008080000EA0700001908000010
:10329C00F007000008080000FA070000EF07000024
:1032AC00070800001608000020080000FC070000BA
:1032BC00F0070000FD070000FC070000F907000004
:1032CC00FC070000FD0700000C0800000D080000C2
:1032DC0000080000DC0600000E070000410800009A
:1032EC0037090000CC090000E6080000BC0700000C
:1032FC00840600008E0600006B0700008F0800009B
:10330C00760900005A0900005C0800002F07000035
:10331C00A50600001B070000FE070000F1080000D6
:10332C003409000087080000C00700001F070000D8
:10333C000F070000970700006F080000DC08000072
:10334C00B0080000100800007707000045070000D7
:10335C008D070000260800001F080000E70700008A
:10336C00EB0700000C0800000B0800000D08000023
:10337C00F0070000F2070000E60700001508000047
:10338C000C08000010080000ED070000F807000012
:10339C00FB070000F6070000FB07000022080000F6
:1033AC002008000001080000F3070000E3070000FC
:1033BC00F8070000090800001608000008080000C3
:1033CC00E8070000F40700000008000002080000F5
:1033DC0015080000FC0500009A070000C10500005C
:1033EC003B0A0000FE060000FA05000083090000FD
:1033FC0053080000710B0000020700005305000089
:10340C00B30600009D070000A70A00008908000011
:10341C00F2070000AB070000300700004308000073
:10342C001D070000B2070000A008000033090000CF
:10343C00BC0800005F070000C90600005F07000021
:10344C002A08000082080000AA0800002B080000CF
:10345C001D080000D807000035070000CB0700004E
:10346C000B080000C70800009A0800008407000041
:10347C00F90700007B070000370800002D0800004A
:10348C00670700007D0800002A080000840800007F
:10349C00C4070000DA060000330800000F08000023
:1034AC00EB080000190800004F0700002B08000073
:1034BC00CF07000072080000AE0700006F07000085
:1034CC00740800001B0800007C080000A80700001E
:1034DC0046070000AC070000980A0000250A00000F
:1034EC00210500000C0A00000E070000380800003F
:1034FC0067080000AC040000D20A0000900800002D
:10350C00EE080000050900009D030000E208000021
:10351C00C807000068090000D00900007A05000007
:10352C006F0900003C070000270800007608000027
:10353C004A050000C2090000890800004709000084
:10354C004C08000030050000360800008F07000012
:10355C0028090000D308000033070000A40800006D
:10356C00F4060000CA080000410700001B07000019
:10357C00DF080000EA0700007F090000BA0700001E
:10358C00E4060000B60700005C0700004C090000D0
:10359C005D080000ED0700000B0800000B070000A1
:1035AC009C080000B3070000BD07000030080000B5
:1035BC00DB0700000E090000DB07000069070000B4
:1035CC00A407000091070000DB0800002A08000097
:1035DC00D907000039080000F4040000A70A000015
:1035EC00DD060000760500008C0B0000B20A00001E
:1035FC00C3060000100400004E090000D7070000AD
:10360C00F4070000A30A00009C070000B3050000AB
:10361C00D9060000050B00006B0700000E07000028
:10362C00DB08000042080000E20700004F07000022
:10363C00E10800005F06000075080000C7090000E3
:10364C00D1070000DC060000E606000011090000AE
:10365C00F4070000C4080000A3070000B307000033
:10366C00A30700007007000045090000E5070000F3
:10367C00CC070000760700008C0800001A08000038
:10368C00500700006E080000DD0700004108000034
:10369C000A080000620800007E0700001307000003
:1036AC0092080000980800005808000070070000FD
:1036BC00E6070000CF070000D90700007D080000D6
:1036CC001E080000D70700008D07000075080000D9
:1036DC000A080000B0090000490900005D0C000058
:1036EC00710700002F070000CD0400000708000040
:1036FC00790800009A080000210B00002608000041
:10370C00FE06000083050000C9070000B107000099
:10371C00A0080000480A0000C6080000E4070000EA
:10372C00E2050000C70700003B0700005A08000034
:10373C00D0090000E50800002D080000ED05000090
:10374C000008000052070000590800003F09000063
:10375C007508000025080000D2060000AD08000026
:10376C00B7070000E00700009E0800001D080000DD
:10377C00200800000A07000053080000D3070000CF
:10378C003E0800008B08000003080000D50700006D
:10379C00280700007208000004080000330800002D
:1037AC00110800003B080000B80700006507000086
:1037BC0055080000ED070000500800000D0800003F
:1037CC0034080000C40700007A0700005608000007
:1037DC00FB070000590A0000000600005C0A00000C
:1037EC001D060000E30800009A0800009706000080
:1037FC001F0B00002A060000640A00001F070000CF
:10380C0070070000FE06000026060000CA06000035
:10381C000B070000E0050000830800004E070000C5
:10382C008E0900004809000021080000340A00003D
:10383C000C070000E90900000D070000E307000079
:10384C00090800001C0700002109000050070000B7
:10385C0089080000C008000046070000DB080000D3
:10386C00640600000508000069060000A3070000BC
:10387C00AC07000063070000A6080000EE0700007C
:10388C003A0900006F080000B80800003F0800006B
:10389C00170800001308000046080000F507000098
:1038AC005F080000CB07000043080000D3070000AE
:1038BC0015080000E207000003080000950700004F
:1038CC00DC0700004A070000F6070000690700004B
:1038DC001608000030080000FC070000CE070000AE
:1038EC000C080000AA080000E4070000D70800003C
:1038FC0000080000F5070000CC07000023080000BA
:10390C00F9070000EA07000014080000470800004F
:10391C00C60700001F080000AB07000017080000D6
:10392C00BF070000EC070000F9070000BE0700000D
:10393C00FF070000150800004E0800001F080000DB
:10394C000C080000EC070000FA070000EC07000070
:10395C0030080000F107000005080000DD0700003A
:10396C000B0800001C080000F407000020080000F1
:10397C0012080000E2070000E5070000BF07000086
:10398C0002080000F30700002708000037080000B9
:10399C00FB070000F7070000ED0700001D08000002
:1039AC00040800000D08000004080000E6070000F1
:1039BC0007080000F2070000FB070000DF0700000B
:1039CC00010800000B0800000308000004080000B8
:1039DC007107000058080000F607000031080000CD
:1039EC009E080000AB07000056080000930700007B
:1039FC0041080000F2070000D40700005D08000039
:103A0C00FB07000020080000D9070000DD070000BC
:103A1C001F080000E70700004B080000E607000045
:103A2C00DB070000AE070000F8070000E10700000C
:103A3C0002080000ED0700002C080000250800001B
:103A4C000908000028080000CC0700002508000029
:103A5C00F107000018080000E3070000E60700006B
:103A6C000D0800000A08000023080000FE070000F3
:103A7C00ED0700000F080000E10700001608000029
:103A8C00DA070000F6070000E3070000FB07000060
:103A9C0002080000F20700001F08000001080000E7
:103AAC001E080000F307000010080000F6070000D5
:103ABC00FB0700000D080000F207000006080000DC
:103ACC00F40700000B080000F9070000F4070000E1
:103ADC00D7040000E909000006050000BB0800003F
:103AEC004B0600004A070000CF0900004108000007
:103AFC009E0B00004C07000055090000CC0600008E
:103B0C004F080000CD0800000B090000D20900008E
:103B1C001C080000FB0600006E06000020060000DA
:103B2C00720800006E070000D3090000C7060000F1
:103B3C007F07000079050000010700000D08000058
:103B4C00F6080000EB090000460800004C080000D5
:103B5C00D80600007B080000FE07000049090000A1
:103B6C00B508000099080000CE0700008607000089
:103B7C009D070000F907000006080000530800002C
:103B8C0069070000B4070000C4060000F407000039
:103B9C00680700007A080000F0070000DF0700004B
:103BAC00ED07000073070000870800000E080000F6
:103BBC00090900003D0800005A080000E707000052
:103BCC00F50700003008000028080000400800003D
:103BDC00E1080000050900004E060000BA080000CC
:103BEC003B0300000D090000E70400002A09000057
:103BFC001A08000055080000E10A0000DD0700006B
:103C0C008B0B00002107000037090000A007000003
:103C1C0025070000160800008D0600007C08000037
:103C2C00E0070000D60700002B090000B7060000D3
:103C3C00690900001C0600005F080000A0060000D7
:103C4C0076070000C207000071070000B8080000EA
:103C5C004A080000F1080000B108000076080000D6
:103C6C00340800002808000070070000110800004C
:103C7C005C0700004D080000D40700004A08000053
:103C8C003F080000FC07000007080000E6070000E2
:103C9C0051070000FE070000C20600002E080000BD
:103CAC005807000035080000470800000E08000007
:103CBC0001090000F7070000CA080000EF07000028
:103CCC00FB07000018080000850700001108000021
:103CDC009D090000560600009C08000043080000E7
:103CEC00F706000056090000430700008707000094
:103CFC006608000062060000B00800000108000021
:103D0C006F0700000F090000200700006308000087
:103D1C008A0800004007000031090000C7070000B6
:103D2C00F8070000C7080000CD060000AE08000030
:103D3C00AF070000AA070000E008000044070000DD
:103D4C004C0800000D0800002D070000B50800000D
:103D5C008A070000E707000003080000B80700000E
:103D6C0024080000CB0600007A080000420700007F
:103D7C00BC090000760700006F070000A3080000D4
:103D8C00C90B000000070000D8090000CD08000096
:103D9C005A0500001B0700004D060000E308000058
:103DAC007C060000D90800006908000051070000DB
:103DBC00BD070000FF090000DE0700008E090000AF
:103DCC002D080000B20700000907000035060000AE
:103DDC00360A00007F050000E8070000E00900003B
:103DEC00930700009A060000120900000709000062
:103DFC0005080000E607000089090000E406000041
:103E0C0072050000F70800000C070000C507000051
:103E1C00A008000005090000B207000060070000C0
:103E2C000A090000AC0800006107000060090000EE
:103E3C0026080000970600009E070000A907000056
:103E4C002C08000048070000FF0800005108000083
:103E5C0072070000C90700007E080000B4070000CC
:103E6C007808000027080000F3070000C8070000CE
:103E7C005B070000940800008C070000600800003D
:103E8C0068080000D0070000D707000025080000D4
:103E9C000E0800003E080000F9070000550800005D
:103EAC00C00700007C0700002E080000AE070000D1
:103EBC000D08000017080000F5070000F7070000C8
:103ECC00DC0700000A08000040080000BA070000E8
:103EDC00E4040000140200009F0C0000820A0000A1
:103EEC003F0D0000CD0800003A02000077060000EC
:103EFC00900500008B0A00000A0A0000D0070000A1
:103F0C006D0A000087060000E8070000910500001C
:103F1C00DA0400001B0A00005F090000990B000086
:103F2C00F9070000220500001907000061060000D7
:103F3C00DE090000C308000007080000FC080000B0
:103F4C000D070000AD080000DE060000E6060000CC
:103F5C007B080000CB0700008609000097070000D3
:103F6C0020070000A2070000B6070000140900009B
:103F7C004F080000D607000043080000A50700000A
:103F8C0038080000C10700006707000002080000A5
:103F9C0003080000B6080000460800008107000076
:103FAC00AE070000F9070000350800008C0800007F
:103FBC0014080000F9070000C00700009507000076
:103FCC0006080000BB0700001A0800003D080000AE
:103FDC00E507000063080000BF070000D6070000DB
:103FEC00E4070000CE070000AC0800000808000041
:103FFC00DA0700000208000067070000150800003F
:10400C00230800005C08000010080000B307000043
:10401C000F080000CD070000F70700000B08000098
:10402C00D1070000370800001D0800003B08000005
:10403C00F4070000A907000020080000E5070000B5
:10404C003808000003080000F6070000F207000023
:10405C00D707000019080000F1070000E80700006E
:10406C0025080000240800005C080000DA070000A6
:10407C00E807000013080000C40700001B0800003C
:10408C00ED0700000B080000CD070000FA07000048
:10409C001D0800000D080000F8070000360800009D
:1040AC00E70700003008000010080000D8070000E7
:1040BC00E9070000D507000017080000F907000009
:1040CC000A08000004080000E2070000B70700001F
:1040DC00790800004A08000060080000560800003B
:1040EC00CE070000F9070000730700001E0800004F
:1040FC0007080000E2070000840800000B0800001D
:10410C00FF070000CA070000AB07000036080000DC
:10411C00F70700007A08000011080000960700005D
:10412C00EC070000BA07000000080000F9070000C7
:10413C002508000046080000E20700000608000001
:10414C00FA070000D1070000400800000508000035
:10415C0009080000EA070000E4070000200800003E
:10416C00EF07000013080000F7070000E00700004D
:10417C0018080000020800000A080000FA070000F6
:10418C00EE070000FC070000E40700000C0800002C
:10419C000508000009080000FC07000003080000E7
:1041AC00000800001508000007080000FF070000C9
:1041BC00FE0700000C0800000A080000FC070000C5
:1041CC00F3070000F0070000FE070000F0070000F6
:1041DC00080800009C07000000080000B907000058
:1041EC00F30700005B0800002208000055080000DF
:1041FC00C8070000BD070000E5070000EE0700003F
:10420C004E0800001208000010080000F207000021
:10421C00C5070000F1070000F50700001B080000AF
:10422C00290800001B080000F9070000EF07000038
:10423C00DC070000F0070000FA070000030800008C
:10424C00260800000D080000FA070000E107000036
:10425C00E807000013080000140800000A0800001A
:10426C0003080000EB070000F20700000008000044
:10427C00F007000006080000E40700002408000016
:10428C001108000002080000F7070000E607000014
:10429C00090800000B08000007080000F3070000E5
:1042AC00E8070000090800000B08000001080000E6
:1042BC00FE070000F80700001108000005080000C8
:1042CC0000080000F0070000F0070000AD08000037
:1042DC002B0B0000E20A0000310800002707000049
:1042EC009D050000E906000013080000820800008C
:1042FC00920A0000150900006F0800000407000076
:10430C0083040000B40700006E0800009F0A000040
:10431C00E2090000C706000015080000180600009E
:10432C00C5070000EC07000025070000640A000028
:10433C00EA0800000F090000AB060000DE040000D4
:10434C00CA07000024080000A80A0000EE080000BC
:10435C00D1060000FF07000029070000D708000065
:10436C00B307000037070000EF0800002208000028
:10437C00280900007207000071060000D107000038
:10438C00EC070000C609000063080000630700008A
:10439C00CB0700003407000098080000C907000094
:1043AC009B0700004408000045080000DF080000DF
:1043BC009207000025070000B70700002208000044
:1043CC00F708000019080000A7070000920500007C
:1043DC00D90700003405000035050000E506000093
:1043EC00830B0000270B0000C60700005B080000D1
:1043FC00910600007F0700005E080000D409000051
:10440C00CB050000EF05000065080000E408000083
:10441C009B080000D6080000B009000061070000EE
:10442C0005080000180700007706000031060000A0
:10443C0021090000F2090000870800004108000073
:10444C0085070000B10700008F0700001409000069
:10445C0072070000DF06000044070000730800002C
:10446C00AD0800007508000004090000BA07000040
:10447C00D00700007F070000C0070000E306000023
:10448C00B0070000C2080000BE0800005A08000077
:10449C00C5070000FB070000A70700007C08000010
:1044AC00D307000074070000360700001E08000048
:1044BC00830800004508000072080000FC0700009B
:1044CC00060800009D070000170800008B0500007F
:1044DC00840900009F070000E3070000E7080000C4
:1044EC002B06000070090000B0070000E007000078
:1044FC0051090000BD06000041080000AE07000095
:10450C005E070000270900004B0700007F08000031
:10451C005B080000F40600001209000030070000E0
:10452C00BA070000BA0800006B070000CC080000B6
:10453C009D0700006D070000910800005F07000058
:10454C00C0080000490800001A07000049080000D4
:10455C00F007000003080000E8070000EF07000068
:10456C0018080000FD0700004F080000F1070000CC
:10457C00BE070000F6070000040800002208000037
:10458C00EB070000030800000A080000F007000019
:10459C0027080000F3070000CC07000010080000FB
:1045AC001308000021080000F9070000E7070000CD
:1045BC00FC070000DF0700001108000017080000CE
:1045CC00DC0700000B080000FD0700000C070000D2
:1045DC004D0D0000D1060000C3060000640700006A
:1045EC008A070000880300009B090000E00C000013
:1045FC003007000063070000270800009308000044
:10460C00F8050000820A0000C2070000B204000096
:10461C0035070000270A0000C1080000330700001E
:10462C003F0A0000A6070000EE060000DD070000B0
:10463C009D080000290500004A0700007F0A0000C1
:10464C00C408000098070000230800005F08000061
:10465C00D706000010090000290800001A07000006
:10466C00E00600003A080000AA080000E30700007A
:10467C00200900001B080000360800007807000025
:10468C001E080000C30600001A070000970800006F
:10469C00E2080000B0080000FA070000090800005A
:1046AC000C0700002F0800005B0800002E0800001B
:1046BC0031070000B607000032080000FA070000BE
:1046CC0088080000640800005908000098080000E1
:1046DC00E6070000C5050000D40500001607000021
:1046EC0043090000510A00000009000046080000C0
:1046FC00D406000085060000000700008E080000AC
:10470C00CA080000F608000092080000B507000077
:10471C00FC060000EE0600002908000069080000F5
:10472C00F1080000CB080000050800002A07000073
:10473C00350700008307000009080000A6080000E8
:10474C00D60800006C080000AC0700000708000049
:10475C00F8070000DB070000C2070000F3070000A9
:10476C00F60700000F0800001D080000F807000005
:10477C00100800001508000016080000E5070000EE
:10478C00FF0700000708000006080000F207000001
:10479C00FC070000EA070000F60700001B080000F9
:1047AC000D0800001008000002080000F6070000C9
:1047BC00E40700000B080000FE070000FD070000E6
:1047CC0004080000F70700006607000071070000EE
:1047DC00FA0A00004B0600002E0F0000C005000076
:1047EC00150C0000A1070000090800003F0900009B
:1047FC008E050000A5090000AF070000230700008C
:10480C00020A0000B20500001A0A00006805000048
:10481C00EF070000CB0600000F0600008207000027
:10482C00FC0600000F080000F30800007E080000E2
:10483C0067090000BF080000960800008809000006
:10484C00CB0600007C090000BF06000064080000D5
:10485C00EC0700000E08000076080000F2070000CC
:10486C001F08000033080000F90600004E08000085
:10487C007306000051080000DE0600001608000058
:10488C00F2070000AC0700002E090000DB07000057
:10489C0032090000AE070000780800002208000072
:1048AC000408000037080000CD070000EB070000EB
:1048BC004C080000EC07000075080000B60700006B
:1048CC0021080000D9070000B007000054070000C1
:1048DC00DA070000B90700001A0800007907000089
:1048EC009E08000015080000290800008D08000033
:1048FC0090070000E9070000B007000097080000CF
:10490C00FD0700001808000033080000BE07000077
:10491C00E80700002A080000180800001D08000025
:10492C00C40700007808000082070000F4070000AC
:10493C00B7070000EE070000230800001F08000066
:10494C00570800009B070000F10700000B0800004F
:10495C00210800003108000000080000FE070000DC
:10496C00F5070000EB0700001B080000D80700004B
:10497C0001080000220800001A08000003080000CB
:10498C00F6070000C807000009080000EF07000048
:10499C003E080000F9070000030800000F080000A3
:1049AC00070800002C080000FF07000006080000A4
:1049BC00CE070000E7070000C8070000FE07000054
:1049CC00000800000A0800005A0800000608000051
:1049DC000D080000D507000094070000E507000053
:1049EC0092070000350800000808000023080000AA
:1049FC007F080000FB07000047080000D5070000F7
:104A0C003308000025080000EC0700002E08000009
:104A1C00D107000002080000F2070000D0070000D8
:104A2C0001080000C107000025080000EC07000089
:104A3C000408000003080000D7070000F40700007A
:104A4C00F20700000708000004080000FB07000044
:104A5C000008000001080000F7070000070800002C
:104A6C000808000018080000110800001B080000CE
:104A7C0003080000F5070000F90700000308000018
:104A8C000008000013080000ED070000FA07000002
:104A9C00C507000008080000F0070000130800001C
:104AAC00190800000308000015080000ED070000BD
:104ABC0017080000EE07000008080000F7070000C8
:104ACC00EB070000EC0700006F060000C7050000B4
:104ADC00A20300004C0900003F080000340900004C
:104AEC00600B00004F070000C5070000BE06000069
:104AFC000A070000FC070000360A0000F30600005D
:104B0C00F60700003B0700003D060000740900009A
:104B1C00FD080000E009000028090000D40700008F
:104B2C0025050000F50600009B0600008F0800001C
:104B3C00990A00007C080000FD0800002A0700000C
:104B4C00E1060000C9060000790800006A070000B1
:104B5C005C080000B8070000480700008E08000041
:104B6C003B080000C40800005E0800002708000095
:104B7C00B9060000EB070000300700002508000014
:104B8C00C90800000D08000073080000CE070000E3
:104B9C00DC070000AE070000590800009B0700006E
:104BAC0008080000C1070000A6070000320800003A
:104BBC003908000077080000500800002E0800009B
:104BCC006807000014080000F90700006B0A0000D9
:104BDC00A10700008D0900000F070000010800006C
:104BEC00720700006A070000E00500009107000052
:104BFC000A050000A5080000A2050000A608000098
:104C0C002D08000010080000450A000003070000F2
:104C1C00860A0000B1060000AE0900005C07000027
:104C2C00E4070000870800002D070000BF08000003
:104C3C00BE07000039080000FE080000D80600007E
:104C4C000D0900000A06000022080000670600009B
:104C5C008F0700008F07000060070000FD080000B0
:104C6C00C60700006509000067080000D2080000B4
:104C7C004908000015080000CA070000F1070000F1
:104C8C008807000036080000E707000069080000EC
:104C9C00E707000038080000B10700000408000016
:104CAC005D070000E90700003A070000F807000064
:104CBC006307000018080000030800001D0800002E
:104CCC00B6080000F6070000F909000036060000DF
:104CDC008D0900000A080000BD06000056090000FE
:104CEC0059060000750800009A080000F006000044
:104CFC00C3090000E0060000A0080000FA0700004D
:104D0C00010700006F08000024070000E7070000FF
:104D1C006E0800008D070000D70800000608000090
:104D2C00F7070000D1080000490700008E080000BA
:104D3C00AF07000094070000600800005C0700004B
:104D4C003908000030080000E007000012080000DD
:104D5C00EB070000E6070000C7070000470600004D
:104D6C0014090000ED070000800A0000590700003C
:104D7C00960B0000E0080000AA0500005C0800008B
:104D8C007C050000DC070000C7060000DC09000001
:104D9C009C070000C30700007B07000028090000E7
:104DAC00290700000E0A0000140900006807000023
:104DBC008007000099060000870800008A060000A2
:104DCC00680900003C080000D2050000A90600009C
:104DDC004D0A000039070000A10700008E090000F1
:104DEC00E50900008206000057060000BC0900001F
:104DFC0066060000AC0700002F090000F108000057
:104E0C0019060000BF070000DC080000CF070000F7
:104E1C00480700003B0A0000C9070000910600008B
:104E2C006F080000F8070000BC0700004D070000E9
:104E3C008C090000780700002C0700008408000093
:104E4C00900800003A070000DB080000880800000A
:104E5C00BA070000C1070000A7070000E807000020
:104E6C00780700009E0800000C080000BB0700003B
:104E7C00F507000035080000CF070000800800008F
:104E8C002108000050080000A2070000CF07000016
:104E9C00380800008E07000060080000F2070000D0
:104EAC0005080000D80700000E080000E00700000D
:104EBC001D0800000808000044080000FC07000062
:104ECC00FE070000AC070000090A0000EF0A000012
:104EDC002F0A0000CB080000B2030000F10600000E
:104EEC00C30600001E090000080B0000410700006B
:104EFC00C509000030070000320700003907000028
:104F0C001B050000260A0000140900008F0A00008F
:104F1C0068080000940400000B07000095060000D0
:104F2C00BD090000680900007E070000660900004A
:104F3C00360700003208000004070000F5050000E9
:104F4C0022090000C3080000CC090000FA07000089
:104F5C0047060000F70700007D0700006809000005
:104F6C008A08000011070000400800009A070000A2
:104F7C00BF0800008B070000C20600006B08000091
:104F8C001D0800006C090000C20700000E0700009D
:104F9C00DC070000CB0700000B0900000208000032
:104FAC00A807000004080000E60700007B080000CA
:104FBC008F07000056070000290800002A0800008F
:104FCC00E1080000B807000073070000E1070000CB
:104FDC00D607000034080000CE0700001D080000B2
:104FEC00120800003708000017080000CF07000067
:104FFC0094070000F6070000580800002308000082
:10500C002C080000F4070000CE070000EE0700009B
:10501C00E70700004008000000080000DF07000060
:10502C0019080000BB070000FF070000FA0700008A
:10503C001108000026080000E907000040080000E5
:10504C00CF070000E2070000F0070000DD070000BA
:10505C0042080000140800000B080000DE070000E6
:10506C008A07000037080000A007000008080000AD
:10507C0006080000260800000B080000DB070000F3
:10508C00EE070000FB070000E607000061080000C7
:10509C0017080000DB0700000E080000DA0700000C
:1050AC0022080000BA0700000708000000080000F2
:1050BC00020800000408000005080000E6070000D4
:1050CC00220800006E08000063080000B107000011
:1050DC00EA070000FC070000C0070000CB07000037
:1050EC00190800002E0800000A08000044080000FF
:1050FC00C7070000E6070000CD0700003F080000CE
:10510C0040080000EC07000033080000CA0700004C
:10511C00EB070000E9070000FB0700001B0800007C
:10512C00DB0700003C080000DF070000E907000077
:10513C0022080000D207000008080000F007000059
:10514C002008000014080000C30700002708000016
:10515C00E70700001908000000080000FC07000029
:10516C0002080000F007000031080000F107000001
:10517C00D9070000FD070000090800001108000015
:10518C0005080000F50700000D080000E20700000C
:10519C0004080000E9070000F207000018080000EE
:1051AC001D08000011080000F3070000ED070000C7
:1051BC00F5070000000800001108000007080000B7
:1051CC0001080000E60700001408000009080000B0
:1051DC00BC07000038080000360800002A08000050
:1051EC00DE07000071070000E7070000020800005E
:1051FC006208000039080000D8070000F40700001E
:10520C00C40700001E080000FF070000FD07000097
:10521C00150800000508000020080000E407000045
:10522C00D2070000EC070000FE0700004108000058
:10523C000C080000FB070000D8070000F507000071
:10524C00FA070000F5070000020800000108000042
:10525C000D08000012080000EC070000EB0700002E
:10526C00F7070000140800001B080000F7070000F7
:10527C00F0070000F1070000090800001B080000FF
:10528C0008080000ED07000003080000FE070000FE
:10529C000B080000E8070000F7070000EE0700000D
:1052AC000D080000080800000708000006080000B0
:1052BC00F907000004080000FD0700000C080000BE
:1052CC00EE07000094090000690800003F07000089
:1052DC006A060000E6060000060800000B09000044
:1052EC004B090000A9080000C807000000070000D7
:1052FC00FE060000AA070000860800000009000056
:10530C00AB0800001008000064070000250700002F
:10531C009107000027080000B30800009E08000059
:10532C0048080000A2070000600700007C0700008E
:10533C00E107000066080000920800006508000004
:10534C00F0070000C5070000F7070000F907000090
:10535C00F307000000080000FE0700001908000019
:10536C000108000009080000F7070000FC07000016
:10537C00040800001308000010080000ED070000EE
:10538C00F1070000F00700000A0800000D080000FB
:10539C000D080000F9070000F207000002080000E9
:1053AC0004080000FB07000002080000FE070000D4
:1053BC000208000000080000F907000001080000C6
:1053CC00F70700000909000050050000050A00005D
:1053DC0074080000370A0000D4070000E303000043
:1053EC00EB07000086080000B40A0000EF0800007C
:1053FC00590500006708000053070000620900000F
:10540C00FC070000AB050000790900005308000000
:10541C00F30900005E0700002E050000980800004C
:10542C00C7070000500A00002508000035060000E0
:10543C007608000055070000810900007207000083
:10544C00A1060000F008000009080000CC090000CB
:10545C003307000063060000EC070000CA070000D9
:10546C00DD090000E607000086070000DE070000EB
:10547C0058070000F708000073070000A807000099
:10548C002A080000300800002109000084070000F1
:10549C005707000085070000DD070000F508000035
:1054AC0034080000FF070000A9070000B80700003F
:1054BC002A080000DF070000080800000B080000A5
:1054CC0030080000FF0600007C050000700500009D
:1054DC00DD0600003B0C00003608000063080000ED
:1054EC002B070000A5060000470A00008A050000F3
:1054FC0040080000F8070000FB070000610B0000EB
:10550C00440600008C070000E2060000D4060000F0
:10551C008C0A00002D070000C00800002C080000B9
:10552C00DC06000006090000CA060000D2070000D5
:10553C0089080000D90700003E090000A1070000FF
:10554C005C070000A6070000BA070000E607000091
:10555C00AD0800003C0800001E0800000708000011
:10556C00360700000D080000CC0700006C08000096
:10557C004D080000AB07000068080000C4070000DD
:10558C00050800009E0700005D070000BF08000032
:10559C005C080000A2080000840700000E07000051
:1055AC00260800002A080000A7080000E2070000F7
:1055BC0064070000410800002E080000520800009B
:1055CC00AC070000E10A0000F6070000FD02000035
:1055DC00260B00002709000006070000B608000093
:1055EC00070A00003A050000B9040000410C000055
:1055FC001009000053070000620700002508000096
:10560C007406000072070000340B000062070000F3
:10561C0096060000E1070000490900000B07000096
:10562C002E07000037090000C00700008B0800009F
:10563C0077080000AE070000120600000208000008
:10564C00D309000013090000AD0700001806000084
:10565C001208000043080000A20800008B0800009C
:10566C008007000078070000850700001F09000074
:10567C00D60700007207000000080000B708000001
:10568C005208000043070000D20700008307000007
:10569C0072080000D7080000550800002F07000012
:1056AC00130700008A08000055080000530800008A
:1056BC00B007000006080000CE070000F20700004B
:1056CC00DF020000B3070000D40700000808000048
:1056DC00CC0A0000EC090000700800002A0400004D
:1056EC007D080000080700006C070000130900008B
:1056FC00C0090000930900006A0500004C08000076
:10570C002207000072070000710800000F0900005A
:10571C00AA0800006A06000045090000AA0700005C
:10572C007E0700005A0700008A080000B10800003C
:10573C00490700005E090000A2070000BA0700003C
:10574C001107000052080000B3070000F206000029
:10575C00EB08000030080000740800004C07000043
:10576C001E080000DD0700004C070000D4080000F4
:10577C003C0800006C080000380700000608000018
:10578C00BF070000D90700009E0800004608000073
:10579C003A0800002607000027080000DD0700007B
:1057AC00E607000053080000320800005208000011
:1057BC0061070000FA070000C20700001B08000088
:1057CC00E108000031060000370500002D0900003B
:1057DC004F020000E60A00008A050000630A000080
:1057EC008A0A000066070000E00C0000C0050000FB
:1057FC00480B000025070000F20700009F0900007D
:10580C00FE050000D409000099060000FB0700000B
:10581C002F090000940500001A0A00003005000052
:10582C00D408000082060000950600006C080000F9
:10583C0042060000040900002A0800006B08000062
:10584C00460900007F080000A7080000AF08000010
:10585C00FE0700006C0800004B070000D907000091
:10586C00C3070000FD070000E2070000F507000079
:10587C001108000027080000630700002B08000037
:10588C00CA060000ED0700002B07000015080000F9
:10589C0006080000D30700001409000017080000D8
:1058AC00F30800000F0800005A0800001B08000055
:1058BC00BF0700002D080000AC070000F407000033
:1058CC00E2070000CC0700007E080000660700001D
:1058DC000C0800002F0800000908000069070000F0
:1058EC0035070000CF070000C0070000F2070000DA
:1058FC00820800000D0800001E08000007080000C8
:10590C001F08000022080000E707000070080000D4
:10591C00F707000009080000B4070000AA07000000
:10592C000808000039080000540800006108000055
:10593C00CE070000D8070000AE070000F0070000FB
:10594C0006080000D707000034080000F807000024
:10595C00070800001E080000060800001F080000D1
:10596C00EA07000025080000F2070000BB07000052
:10597C00FC070000ED0700001C080000FF070000FA
:10598C00FC070000F5070000C50700001C0800001C
:10599C00FC07000016080000E1070000F8070000F3
:1059AC000A080000D107000025080000E1070000EC
:1059BC000F080000F3070000130800001F08000088
:1059CC00F307000042080000CB0700000D080000A0
:1059DC00CC070000F107000048080000CC070000CD
:1059EC00CA07000009080000B807000014080000EE
:1059FC00A80700004408000010080000050800007B
:105A0C006D080000F50700001B080000DA07000015
:105A1C00FF07000006080000D30700004408000040
:105A2C00E6070000EA070000DE070000ED070000B3
:105A3C0022080000D407000044080000D207000030
:105A4C00F7070000EB070000FB070000010800004F
:105A5C00ED07000029080000140800001A080000D7
:105A6C000008000009080000FC07000007080000FF
:105A7C00120800000C080000F507000001080000E7
:105A8C00FE0700000A080000FC07000002080000E6
:105A9C00F6070000FF070000EF070000FB070000FF
:105AAC00E6070000F407000006080000FC070000F1
:105ABC00020800000008000008080000FC070000B5
:105ACC00D6070000D50B00006F0B0000BD0A0000CC
:105ADC0089060000F0050000A9040000020800007F
:105AEC00AD060000360A00007F0600003B080000EF
:105AFC005804000019070000960600002409000055
:105B0C005A090000CE0800001D090000F106000033
:105B1C00B208000053070000C3090000B0080000E1
:105B2C007209000010080000C20700004C070000BA
:105B3C00E40700005D0700009F0800003C07000020
:105B4C005C08000065060000A00800006407000067
:105B5C008F080000A507000072070000F107000085
:105B6C0080070000090900005E0800002009000001
:105B7C000508000022080000C507000034080000DA
:105B8C00470800009E080000F907000015080000F7
:105B9C003907000006080000650700005C080000DB
:105BAC00AF0700004308000093070000CC0700007B
:105BBC00A9070000EE0700003E0800000E080000D8
:105BCC00F0070000F00A00003B0800003B08000052
:105BDC00600800007A070000480800002709000050
:105BEC0033070000F6090000BA0600009F09000008
:105BFC002806000039080000080600007C07000099
:105C0C00E3050000CC07000005070000AF0800000A
:105C1C00C608000073080000030A0000DF0700003C
:105C2C00F60900006B070000CF080000AC0700006D
:105C3C00B6070000130800007007000029080000D8
:105C4C0036080000A8070000FA080000A1060000B2
:105C5C00EE0800003706000021080000CE06000008
:105C6C007F070000300800008D07000001090000CC
:105C7C00070800000609000051080000A7080000F2
:105C8C00380800002C080000BF07000019080000AD
:105C9C00B10700004E080000BA0700005B080000C6
:105CAC00C90700000F0800009F070000DD07000077
:105CBC0061070000F20700003F0700001908000010
:105CCC00B408000032070000CC0900006F07000088
:105CDC00BC080000F6080000480700001809000086
:105CEC0089070000BC0700000F090000E306000054
:105CFC009C080000E70700001307000020090000C3
:105D0C00F70600005408000044080000A00600003C
:105D1C00DB080000BC0600000D0800009E08000017
:105D2C005007000038090000A90700000208000015
:105D3C007F0800003B0700009708000022080000C5
:105D4C00F40700001A080000E70700000408000030
:105D5C00F407000038080000340E0000970700001C
:105D6C00F40500005C080000A70400001B070000FD
:105D7C00FE060000D709000019080000D607000035
:105D8C00320800004508000037070000E10A000057
:105D9C007C080000B80700008B0700006D060000AF
:105DAC0076070000C406000033090000410800001B
:105DBC00C7070000250800008008000084050000CB
:105DCC00B30900008209000030080000E006000062
:105DDC0046080000870800004C050000630900001D
:105DEC00C7080000670700005207000035090000D3
:105DFC00CA07000067070000E108000074090000F2
:105E0C009B060000A8070000A3080000C2060000C3
:105E1C0001070000AD08000054080000D306000084
:105E2C0024080000AE080000AD070000C407000005
:105E3C00EA0900000E0800004607000045080000B3
:105E4C00D4070000B4070000950700008608000086
:105E5C00B7070000C10700003A080000FC0700006B
:105E6C00C707000054080000350800001C0800009B
:105E7C00AB070000BD070000E40700003B07000073
:105E8C005908000011080000F80700001E08000067
:105E9C000E08000004080000110800001B08000098
:105EAC007F080000C00700000D0800001F0800005C
:105EBC007107000021080000E3070000E209000060
:105ECC00D10B000071070000110800001304000042
:105EDC006A050000C108000047090000B80B00006B
:105EEC00E808000031070000C8050000AA05000002
:105EFC00B90700007C090000F90900008E090000B8
:105F0C007C07000032060000C30600000D070000ED
:105F1C009B08000055090000AA0800004009000079
:105F2C00150700002B07000097060000F50600007F
:105F3C00CE09000041090000390900008607000065
:105F4C008606000062080000EF070000C70800008A
:105F5C002D080000470700007D080000D107000055
:105F6C004B0800009B070000E106000097080000AA
:105F7C006808000027090000AA070000D8060000E6
:105F8C0025080000B9070000D7080000C30700006F
:105F9C003E0700006308000004080000A70800008A
:105FAC009F070000280700007F0800001008000071
:105FBC00DF080000E9070000410700000C080000A2
:105FCC00D0070000C008000084070000A3070000F1
:105FDC0085080000AE070000600800008E07000076
:105FEC00A70700004708000020080000A8080000D0
:105FFC00A0070000CD0700000F080000DE0700001E
:10600C005D0800001608000001080000EC07000005
:10601C00F3070000FB070000BE070000F2070000BA
:10602C00400800002D0800000C080000FC070000D0
:10603C00A7070000E2070000FC07000010080000A2
:10604C002F080000FB0700001A0800000F080000D2
:10605C00AB070000F3070000F4070000290800005C
:10606C00230800000D0800000E080000EB070000DC
:10607C00F90700006908000004080000E0070000B0
:10608C00E8070000CC07000019080000CC0700004E
:10609C0031080000C90700000108000022080000B8
:1060AC00F4070000070800000908000006080000BB
:1060BC001D0800000B080000E60700002008000087
:1060CC0022080000E2070000BC070000C607000021
:1060DC00FD0700004D08000015080000E80700004F
:1060EC001F080000C6070000D1070000E0070000F1
:1060FC0029080000200800002308000024080000E4
:10610C00E5070000CC070000100800001308000091
:10611C000F0800001B08000038080000EA07000008
:10612C00D4070000E5070000EA0700002208000081
:10613C000F08000034080000C8070000DD0700004D
:10614C00EB0700000208000011080000FD0700002A
:10615C002208000006080000F2070000FD070000FE
:10616C00EF0700000F0800000B08000010080000EB
:10617C000A080000E50700000C080000F207000008
:10618C0004080000FD070000FE07000011080000D5
:10619C0003080000F8070000EE070000F3070000FA
:1061AC0009080000FB0700000208000006080000B8
:1061BC0000080000160800000A080000EE070000A6
:1061CC00D10700004B08000026080000340800002E
:1061DC00EC0700007D070000EF070000FE07000041
:1061EC005B08000027080000DA070000E307000046
:1061FC00CF070000F5070000F9070000E1070000D9
:10620C00400800002308000013080000F3070000FA
:10621C00B70700000C080000FE0700003308000060
:10622C001D080000DA07000004080000E507000064
:10623C000008000009080000F80700003208000000
:10624C00EC07000019080000DD070000DD07000066
:10625C0002080000FD07000020080000F6070000FF
:10626C00010800001F080000F9070000F4070000F7
:10627C00FA070000FE07000002080000FC070000FF
:10628C0006080000F2070000F107000007080000F4
:10629C000C080000F60700000A080000FD070000CB
:1062AC000E080000FD070000F4070000F0070000D6
:1062BC00F70700001708000006080000140600008D
:1062CC004A0100005B0600005B060000250D000083
:1062DC003E0B00006F06000034080000EC040000C8
:1062EC00BE08000049070000C7060000A40A000011
:1062FC0091080000890A0000D30600006104000028
:10630C005C070000910700005B0B00002B090000EC
:10631C0022070000C50700001D0600004C08000005
:10632C00A1070000FD070000750900006A080000C5
:10633C00C90800009906000054060000CC070000B4
:10634C00F7070000F208000049080000A40700004D
:10635C00CF070000C7070000F9070000EA0700009C
:10636C00F10700006408000065080000B307000096
:10637C00C60700008C0700000C0800005108000044
:10638C00E10700006B080000F6070000F1070000B1
:10639C00CD0700005E070000650800003F08000004
:1063AC0062080000320800003C07000023080000CF
:1063BC00BF0700002A080000120800001E0A000097
:1063CC0055090000720700000C0B00003507000097
:1063DC00D0080000FE060000980600005F040000D4
:1063EC00F9070000A70A0000C5090000D409000045
:1063FC00AE0700004D070000DC050000F1080000AE
:10640C00C807000056070000910700008C08000028
:10641C0082080000B507000028090000FC070000F6
:10642C0062080000DB0700002D080000E7050000F3
:10643C00C4060000C30800006E09000042090000F9
:10644C004208000015080000610600002808000042
:10645C002D0800000A080000F506000019080000CD
:10646C00AE080000C6070000A608000001080000E6
:10647C0047080000BE0700007D0800003807000038
:10648C00D7060000E5070000E1080000DF08000067
:10649C001A0800005908000040070000E807000037
:1064AC00E10700002108000061070000240800003B
:1064BC00AA080000FB070000E90600005D070000C9
:1064CC00FD09000030060000E20900008007000012
:1064DC009E0600002A090000D2060000E108000018
:1064EC00050800005E0700005B0900005107000072
:1064FC001408000050080000A6060000DD0800008B
:10650C00C2070000340800009C080000410700008E
:10651C00A408000098070000F607000066080000B9
:10652C00720700004F080000FB070000D1070000B5
:10653C00530800009D070000140800001808000014
:10654C002508000012080000E8070000B60700004C
:10655C00030800001A080000EC07000013080000F4
:10656C00030800000F0800001A080000F9070000DB
:10657C00F4070000D3070000F9070000180800001A
:10658C000808000009080000090800000D080000B8
:10659C0007080000E6070000F607000015080000D9
:1065AC00F907000017080000E807000001080000C8
:1065BC0013080000E9070000D80800003D070000A0
:1065CC0018050000C90A0000330900000705000087
:1065DC00010A0000BE080000120900007C07000040
:1065EC00D40900001E0400000205000097090000F9
:1065FC00360A0000C50800008A0800007609000071
:10660C0032050000A70700006E0800001508000006
:10661C002F06000044090000C0090000CE0600004F
:10662C00070800007C0800004C0800002E07000042
:10663C00E40900000E070000C70500005307000026
:10664C0043090000020900002D080000E7080000C3
:10665C0045070000BF07000068070000260800007F
:10666C000C07000006080000F108000004080000F8
:10667C0003080000DD0700006D080000B5070000EE
:10668C0098080000D5070000410700003E070000F5
:10669C00560800008C080000240800009208000036
:1066AC00DB070000050800009D0700004F080000F4
:1066BC0091070000A607000089070000730800007E
:1066CC00DA0800002409000043090000FE0700005E
:1066DC0035070000C2060000F30600009107000019
:1066EC005809000078090000AD0800003B070000C5
:1066FC009D06000041070000B307000018090000C8
:10670C001A090000B3080000D10700003807000088
:10671C00CD0600001C0700005808000029090000E5
:10672C005C09000066080000A8070000AA0600002B
:10673C0029070000EE070000EE06000044080000E8
:10674C001F09000065070000320700006709000000
:10675C0018080000A606000071080000F5080000EB
:10676C00CF060000C3070000570900007D0700009A
:10677C001B0700000D0900004D0800009E060000DC
:10678C0053080000090900004207000080070000C0
:10679C00EB080000C2070000FE060000B508000070
:1067AC00A4080000FD060000E30700000909000032
:1067BC00A5070000C4070000FF0700000008000048
:1067CC00000800000008000000080000000800009D
:1067DC00000800000008000000080000000800008D
:1067EC00000800000008000000080000000800007D
:1067FC002208000024080000DE0700005C080000EE
:10680C001E0700001409000069050000C108000003
:10681C0044060000170800000907000031070000BB
:10682C00C508000056070000F80800001507000016
:10683C00B109000042080000230900001A080000FA
:10684C007E090000640800006D0900005707000075
:10685C0044090000920700002409000046060000CD
:10686C00840800006A060000120800000E060000F2
:10687C00660700000307000056070000C907000068
:10688C00240700007A080000B50700000C0900007E
:10689C00A7070000640900004908000098090000DF
:1068AC0003080000A3090000B8070000A7090000B6
:1068BC003207000028090000EE060000EF08000077
:1068CC0090060000F907000089060000B3070000DD
:1068DC00940600008D070000F9060000B0070000C8
:1068EC00B5070000D8070000210800001D080000B3
:1068FC00E0080000380800000F0900005E080000E6
:10690C005A0900003108000041090000CA070000C4
:10691C002C09000076070000BF08000003070000E8
:10692C0066080000CC060000CE0700009F060000A1
:10693C00BB0700009D060000CD070000F00600001C
:10694C000B080000910700003F080000150800002C
:10695C0054080000C408000084080000E30800008C
:10696C00870800000C09000051080000F408000022
:10697C00D1070000CF080000810700007F0800004D
:10698C000C07000020080000CE060000B507000030
:10699C00AB060000C1070000B8060000FE070000AF
:1069AC00220700003D080000A50700007A0800003F
:1069BC00280800009C080000A0080000B308000094
:1069CC00C80800009A080000DB080000300800002E
:1069DC00C1080000B607000091080000590700002C
:1069EC0046080000F0060000EE070000C406000098
:1069FC00C6070000AB060000F2070000C606000048
:106A0C003A0800004A0700007F080000C307000096
:106A1C00B408000047080000D808000094080000E3
:106A2C00D5080000F10800005608000028090000F5
:106A3C008E0700004F0A0000FD05000069080000E9
:106A4C009A070000CF070000A90700009406000079
:106A5C002D070000F7070000930600008B080000CC
:106A6C005D060000B1080000840700003C0800002F
:106A7C00BD080000300800000508000033090000C4
:106A8C004D08000092090000660700004D08000048
:106A9C004D0900009B070000D4080000830600008D
:106AAC005F080000F20700006807000014070000F0
:106ABC009307000099060000D2080000EF050000C3
:106ACC0008090000BF060000490800006208000029
:106ADC0010080000BC08000060080000000800005E
:106AEC00C109000016080000E80800003B0800007F
:106AFC00E207000084090000DB06000087080000A4
:106B0C0049070000F5060000B90700002206000046
:106B1C00C1070000EF060000B20700009E0900004C
:106B2C00310300004608000036080000C9090000C7
:106B3C00710700008C070000CF0B00002408000038
:106B4C009F0400007607000092070000140D00005F
:106B5C00180A00000508000089040000E206000085
:106B6C00E90600002F07000095080000240C000027
:106B7C00F609000018040000D60400002B030000E6
:106B8C002E0A000003090000AD0A0000D507000022
:106B9C004B070000C6080000EC0500007F06000053
:106BAC00770A0000B60B0000200B000068060000FE
:106BBC000805000064070000890700008309000035
:106BCC008C06000056090000B5090000D90700002A
:106BDC0039040000C406000081080000DC09000034
:106BEC007905000023070000DA070000BF08000049
:106BFC00E808000083060000A4080000EC08000070
:106C0C00B10800003808000085070000810800006A
:106C1C00320800006407000052070000DC07000087
:106C2C00A90800005D080000D80700000908000052
:106C3C0099070000EE07000000080000470800005C
:106C4C0063080000E70700000A0800009F07000027
:106C5C00D5070000100800001C0800002B080000DD
:106C6C00FC07000000080000CB0700009A0700009A
:106C7C00020800001A0800003F080000310800005C
:106C8C00ED070000DD070000E0070000F107000041
:106C9C002E0800002B080000470800000508000023
:106CAC00BB070000F0070000E60700001908000011
:106CBC002F080000F607000009080000BF070000BD
:106CCC00E1070000F5070000EB0700003E0800009C
:106CDC00F6070000F2070000DB070000F1070000D8
:106CEC0016080000F6070000110800002908000033
:106CFC00FC070000FD070000DD0700001008000085
:106D0C001A080000080800001A080000FF0700001D
:106D1C000408000000080000E00700000008000064
:106D2C000508000016080000F4070000D207000058
:106D3C0000080000E807000000080000F60700004B
:106D4C00FE07000009080000F90700000908000010
:106D5C00F6070000F20700002008000003080000FE
:106D6C0012080000FF070000FC0700001E080000CE
:106D7C00FA07000000080000FD070000F8070000FB
:106D8C0017080000E5070000ED070000ED07000004
:106D9C00F807000011080000EE07000003080000CF
:106DAC0002080000F1070000FF070000F3070000D5
:106DBC000E08000020080000FB0700001608000069
:106DCC00F807000011080000FF070000F2070000A0
:106DDC001A080000090800000F080000F607000060
:106DEC00DF070000F6070000E7070000F5070000CA
:106DFC0018080000E607000039080000DF07000053
:106E0C00D8070000DD0700007E0700002F080000F7
:106E1C008E0700004509000008070000EA08000082
:106E2C004308000006070000730900001507000066
:106E3C003009000031070000FC07000010090000B9
:106E4C004C0700004F08000096070000C90700001F
:106E5C0024090000E5060000DE0700005B080000C6
:106E6C003807000022090000D2060000AA08000022
:106E7C000108000030070000C70800006C07000084
:106E8C00280800003A0800005E070000CD0800004A
:106E9C0070070000B4070000B40800002A070000C7
:106EAC002709000059070000110800009008000095
:106EBC0017070000DE0800007007000045080000FE
:106ECC00AA08000034070000B8080000A907000059
:106EDC000E080000B3080000070700001E090000A0
:106EEC00BD070000CA070000AE080000260700001E
:106EFC00C50800009B070000F207000064080000B2
:106F0C009F07000048080000D1070000ED070000B3
:106F1C002E080000CA07000029080000F70700002F
:106F2C00FA07000017080000DD0700000708000042
:106F3C00FE070000FE0700000F080000EB07000032
:106F4C000D080000ED070000F50700000F08000019
:106F5C00F307000011080000F7070000F707000016
:106F6C000D080000EC0700000B08000003080000EF
:106F7C00FE07000015080000EE0700000B080000DB
:106F8C00FF070000F50700001A080000EE070000DC
:106F9C000C080000F9070000F507000015080000B8
:106FAC00E807000008080000F9070000F6070000D9
:106FBC000C080000EA0700000A08000006080000A0
:106FCC00EE07000017080000EF070000040800009F
:106FDC000A080000F407000019080000F20700007E
:106FEC00080800000D080000DF0800000908000078
:106FFC00E20A0000B5050000890B00001407000030
:10700C006B0A000071060000FC080000D5060000A9
:10701C0075080000F006000033070000330800007C
:10702C000B080000360800000E0700009009000055
:10703C0063070000900A0000FD050000F60900003F
:10704C003E060000D2090000A60500004C08000016
:10705C001307000076080000740700007707000093
:10706C00DA080000A3070000A6090000A40600002F
:10707C00D8090000EF0600002C0900006B06000088
:10708C00D8070000D1070000D6070000F407000065
:10709C004D0700001D09000096070000870900003D
:1070AC00C2060000EC090000E2060000A409000082
:1070BC0030060000540800004207000008080000D9
:1070CC007607000078070000B3080000970700005F
:1070DC003F090000E2060000BA0900000A070000A0
:1070EC00910900006906000095080000480700009F
:1070FC000C0800005E0700009F070000A0080000BD
:10710C00B60700001C09000023070000AC090000B2
:10711C00340700006D09000098060000A508000067
:10712C005D070000140800005C0700008B070000DE
:10713C00770800007E07000002090000F606000038
:10714C009E09000007070000830900009606000056
:10715C00D0080000530700002D0800005B0700005A
:10716C00B107000052080000AB070000BA0800008D
:10717C002D070000820900001B0700008509000094
:10718C0099060000FF0800004E07000032080000BE
:10719C006D070000AB07000039080000A9070000CC
:1071AC009F080000480700004F090000240700005A
:1071BC00720900009F060000130900003707000049
:1071CC004208000066070000C007000032080000FB
:1071DC00990700007C0800006807000030090000D7
:1071EC004207000058090000AD0600002D09000000
:1071FC001F0700007408000057070000F607000086
:10720C001D080000A50700008E0800003E070000C6
:10721C004C0900002907000045090000390700004F
:10722C007E080000F20700008207000047070000FC
:10723C007607000030090000BF060000820700003E
:10724C0086080000940800002F070000DD080000ED
:10725C00F40600001E090000CB070000C807000060
:10726C000B0700003009000018080000F1060000B0
:10727C00FD0800002F0800006C08000076070000D5
:10728C0089090000F606000024090000DF07000051
:10729C00A707000091070000BC080000DB060000F7
:1072AC00AD070000FF0800001C07000027080000C5
:1072BC002208000076080000DE060000A409000089
:1072CC007D06000039080000150800009F0700002B
:1072DC00180700009B08000022080000100700009F
:1072EC005409000058070000CD08000038070000C2
:1072FC00290900007C080000F309000019050000B2
:10730C009907000064080000A8070000EF080000BF
:10731C00440400001C0B000073050000D1080000A1
:10732C00780A0000A9070000640300003C0A000072
:10733C00730900009709000098050000560600002C
:10734C00330800002809000091090000EE07000036
:10735C00F506000062070000D10900009A08000041
:10736C00B4070000710600006B080000BA070000AB
:10737C002008000061090000800600005F07000083
:10738C0023090000420A00002E07000090080000AC
:10739C0052060000030800005F090000B908000055
:1073AC0002060000A5060000B80800001E08000038
:1073BC0033090000D50700002E0700001C07000051
:1073CC00FE090000220800009A07000033070000A5
:1073DC00AD07000037080000F70800007E0700002A
:1073EC00A8060000BE08000019080000D60800001E
:1073FC0020080000610700008D070000C90800008C
:10740C0033080000EA070000DE070000C90700008F
:10741C00B5070000D607000057080000F40700006D
:10742C0040080000040800009A070000B70700009D
:10743C00100800002F0800002908000009080000AF
:10744C00DA070000FC070000FB070000260800001C
:10745C00E10700002C080000FC07000019080000E0
:10746C00FD070000DE070000CC0700000B08000041
:10747C004F08000009080000F3070000C4070000D3
:10748C0019080000F007000026080000F2070000B1
:10749C00030800000C08000000080000E8070000CA
:1074AC00F507000007080000FB0700003B08000080
:1074BC00FA070000EA070000D70700000A080000DE
:1074CC00FF0700002D080000E4070000F60700008D
:1074DC00FB0700000008000003080000F70700008D
:1074EC00FF070000FD0700001F080000EC0700006C
:1074FC00F7070000E507000026080000F50700006C
:10750C000908000000080000F4070000F207000062
:10751C0014080000FF070000F00700001608000028
:10752C0003080000F7070000F5070000030800003F
:10753C00E607000017080000F3070000F207000040
:10754C00FC07000003080000FF070000FD07000017
:10755C001B080000F9070000020800000C080000DE
:10756C0009080000DC07000014080000FA070000FE
:10757C0010080000F607000010080000FA070000D1
:10758C00F107000016080000FE07000006080000C6
:10759C00FB0700000B080000E507000006080000D0
:1075AC00F907000001080000F8070000FF070000C1
:1075BC000D080000FE070000F0070000FA070000AD
:1075CC0019080000F807000002080000F40700008A
:1075DC00F60700000108000010080000FB0700007F
:1075EC00FE070000FB07000014080000050800005F
:1075FC0006080000D9070000E60700002808000074
:10760C00DC0700001C080000AC070000BA070000F3
:10761C000109000063070000450700004409000051
:10762C005707000034080000870800004A070000D4
:10763C00F80700001E09000089070000EC06000096
:10764C006E090000DF0700001B070000AC080000FB
:10765C00820700004C0800008D080000E9060000BD
:10766C00E8070000EC0800007A070000AD070000F6
:10767C0001080000AE0700005008000004080000DC
:10768C00D7070000D00700006908000008080000B8
:10769C00750700005808000053080000C2070000DE
:1076AC00CE0700007308000024080000B607000095
:1076BC0055080000CC070000C4070000C9080000F2
:1076CC009F07000085070000A2080000EB070000E0
:1076DC00CB0700003A0800007407000021080000E6
:1076EC00510800008E070000EF070000460800005C
:1076FC00D6070000CB0700002E080000EB070000A7
:10770C00D907000052080000DD070000D107000077
:10771C00390800002F080000BF070000F507000023
:10772C00570800000A080000A207000075080000B6
:10773C0002080000CE07000042080000DF0700002E
:10774C00E007000031080000EE070000EB07000026
:10775C0014080000F40700000108000001080000F4
:10776C00FC070000FE0700000308000005080000ED
:10777C00FA070000FF0700000208000000080000E4
:10778C00FA0700000608000000080000F9070000D6
:10779C000408000007080000F207000006080000BB
:1077AC0000080000FD07000003080000FF070000B0
:1077BC00000800000008000003080000F8070000A3
:1077CC0006080000FF07000000080000FD0700008D
:1077DC0007080000FA07000000080000030800007A
:1077EC00FE0700000F080000F6070000F807000075
:1077FC000F080000790800008F070000D707000071
:10780C001508000054080000A606000096090000A8
:10781C00000700002A070000ED080000A406000085
:10782C00460900009A060000350800008508000093
:10783C009F07000079080000EB0600005B080000C1
:10784C009E080000B3060000F40800007F0700004B
:10785C00EB070000D10800009B060000690900003E
:10786C0048070000170800006E08000043070000DE
:10787C00FB080000260700000C080000E4080000CC
:10788C001F070000CA0800008E070000C207000096
:10789C000B090000E6060000B7080000CA0700004C
:1078AC00C1070000AA080000170700009C08000090
:1078BC00EE070000A8070000B40800002C07000029
:1078CC0083080000F407000049070000FC080000D2
:1078DC001E0700006B080000F50700006807000099
:1078EC00E8080000140700007908000012080000E6
:1078FC0061070000DB0800000507000074080000A9
:10790C003D08000034070000160900001A070000AB
:10791C00610800005A08000026070000FD0800005E
:10792C0058070000380800005C0800004007000001
:10793C00F80800004C07000046080000850800000D
:10794C0034070000DF0800005F0700001A08000081
:10795C00940800002D070000B308000093070000F6
:10796C000B0800007908000035070000B40800007F
:10797C009C070000FA0700007F08000023070000A6
:10798C00A6080000AD070000C80700009F08000013
:10799C00310700008E080000C1070000BF0700007F
:1079AC00AE080000220700008C080000E60700006B
:1079BC0094070000C60800002007000073080000B0
:1079CC001D0800007D070000D408000038070000E7
:1079DC00540800002D0800007A070000D0080000B1
:1079EC003F0700005E0800000D080000850700003E
:1079FC008108000052070000080800001908000068
:107A0C00CB070000FA070000240800003F08000024
:107A1C0001090000D6060000490800007C070000A0
:107A2C0056080000EA0700002B070000950900002B
:107A3C009C07000079070000D60700000F08000023
:107A4C0091080000AA070000B50700000209000019
:107A5C003F0700002C080000FC070000B6070000E0
:107A6C00FB080000E1060000A0080000CE070000A3
:107A7C00DB070000AB0800000307000091080000C2
:107A8C00CB0700008C0700005D080000AD0700006C
:107A9C00D2080000A30700004D0700008D0800006D
:107AAC00A70700000808000041080000EC070000D0
:107ABC00BC0800002D070000EA0700007108000058
:107ACC00610700000509000086070000420800005D
:107ADC00450800001B070000DD080000340700000B
:107AEC007C0800005D080000ED060000AF080000F7
:107AFC007D0700005908000056070000CA07000067
:107B0C00630800004E0800005F070000090E00002B
:107B1C00CE080000370300005D0900004E0900008C
:107B2C00CB0700007606000038090000EC060000C8
:107B3C00F1080000A4090000990300007A07000076
:107B4C004B080000130900002D070000620600001E
:107B5C00B00A0000C0050000EC090000FF0A00009C
:107B6C00FD0500004208000010070000D8090000C5
:107B7C00150800007307000089080000E8060000E3
:107B8C006E0900001C09000034070000C207000049
:107B9C001C06000018070000CE0700000E080000AD
:107BAC00DF0700000E07000039070000190900006C
:107BBC00C7090000360700001F070000330700004C
:107BCC002609000025090000270700009B0900007A
:107BDC00B907000049080000480A0000E10600004F
:107BEC00200800001A070000600800004D08000083
:107BFC009F060000DB080000D707000041080000CA
:107C0C00C8070000080800003108000071070000D8
:107C1C00D9070000AB0700003B08000095080000E6
:107C2C00F3070000A8070000DC070000490800006B
:107C3C0006080000F4070000DD070000D70700006D
:107C4C003A08000015080000F407000001080000C5
:107C5C00C5070000280800001C08000005080000EB
:107C6C00FE070000D0070000220800000E080000EC
:107C7C00F307000002080000E607000015080000EA
:107C8C000C080000F7070000FC070000EF070000DD
:107C9C001608000004080000F3070000FE070000AF
:107CAC00F70700001008000000080000040800009E
:107CBC001F080000E7070000060800000708000086
:107CCC00EB070000F8070000E00700000B080000BD
:107CDC000B080000F707000003080000ED07000088
:107CEC000808000009080000F6070000030800005F
:107CFC00F507000006080000030800000208000059
:107D0C0000080000F507000002080000120800003F
:107D1C00FB07000007080000E10700000408000052
:107D2C0011080000F507000017080000EE0700001E
:107D3C00FD07000004080000FB0700000F0800000E
:107D4C00EA070000FD0700001C080000EF07000018
:107D5C000B080000F00700000008000013080000EA
:107D6C00090800001D080000EA07000007080000D1
:107D7C0001080000FD0700000C080000E7070000E8
:107D8C00EC070000F1070000FC0700000E080000E3
:107D9C00F7070000FE07000014080000FB070000B6
:107DAC000F08000001080000E80700000B080000A5
:107DBC00F607000007080000FC070000F6070000AB
:107DCC000E080000EE07000016080000080800006E
:107DDC00E9070000FE070000F90700000F0800008B
:107DEC00F5070000F20700000C080000E407000093
:107DFC001708000009080000E8070000F60700005B
:107E0C00FC070000FC07000006080000E607000065
:107E1C0013080000EC0700003108000015080000F2
:107E2C004C080000C70700001C0800004E070000AB
:107E3C00B00800008C0700008A08000060070000F2
:107E4C009A080000FE0700008A080000C70700001F
:107E5C00EB0700002E080000F7070000EC070000FD
:107E6C006B0700004B08000053070000830800005C
:107E7C0093070000DC080000740700008008000075
:107E8C00EA070000570800003008000072070000E5
:107E9C003B0800006E07000080080000140700007B
:107EAC006508000083070000A1080000A607000079
:107EBC009E080000F20700003A08000027080000A6
:107ECC00D30700006B0800004B07000048080000B7
:107EDC00020700009B0800005D0700007608000008
:107EEC008E070000930800000408000044080000FE
:107EFC003F080000CF07000056080000650700008F
:107F0C005B0800002C0700006B0800005207000003
:107F1C0060080000B807000074080000E9070000C2
:107F2C004C08000049080000EC0700004408000061
:107F3C0095070000530800003507000057080000A3
:107F4C005D07000053080000BE0700003408000065
:107F5C00F1070000250800001E080000FD070000C6
:107F6C0011080000EE07000012080000E0070000F6
:107F7C000A080000F0070000FE07000004080000DB
:107F8C00F90700000A080000F20700000C080000C6
:107F9C00FD07000006080000FA07000002080000B8
:107FAC00030800000008000007080000F6070000A6
:107FBC0006080000F607000011080000EF0700009B
:107FCC0009080000F207000009080000FA07000089
:107FDC0000080000FF070000F8070000040800007C
:107FEC0008080000FB070000E3070000FE07000084
:107FFC00E1070000E9070000E6090000490600005F
:10800C00680900008707000031080000F008000034
:10801C00A006000016090000770700007A0800008F
:10802C00FB07000092070000F5080000890700001C
:10803C00D807000000090000570700005B0800008B
:10804C00E20700005507000062090000F10600007D
:10805C007C080000E4070000E7070000900800001F
:10806C00400700005B0800002308000084070000A4
:10807C008A08000060070000130800008208000056
:10808C00F30600001D090000470700002E08000041
:10809C002408000043070000F00800003807000027
:1080AC0040080000250800006C070000D8080000FC
:1080BC004307000025080000A40800001A07000070
:1080CC00ED0800004D0700001C0800009A08000095
:1080DC0013070000F90800007307000028080000CF
:1080EC00710800003B070000D60800009407000050
:1080FC00E8070000A708000026070000AB080000F6
:10810C00AD070000D7070000BB08000039070000CE
:10811C0090080000BA070000D10700009708000083
:10812C002F07000090080000C6070000B9070000E8
:10813C009F080000240700008C080000E8070000DE
:10814C0092070000B40800002C070000780800001B
:10815C00F007000089070000C70800003B0700007B
:10816C006B080000110800006A070000D40800002A
:10817C0039070000580800004408000056070000AA
:10818C00CF080000500700005208000054080000FF
:10819C0060070000C60800006A07000034080000F1
:1081AC005608000056070000C308000074070000C2
:1081BC0026080000630800004F070000B608000006
:1081CC008007000023080000680800005407000026
:1081DC00A2080000890700000A08000070080000CF
:1081EC0054070000F5080000FB0500002D090000F5
:1081FC00E608000083060000DD0700001B090000F4
:10820C008F080000090700008D060000E10800003F
:10821C00E408000065070000A00800000708000043
:10822C003B070000AC070000FD070000FE08000043
:10823C0033070000E0080000E8070000D506000046
:10824C00DE080000F5070000CE0800001E07000045
:10825C0051070000250900005607000032080000F5
:10826C00950800002608000077070000F3060000C0
:10827C00C3080000AD080000540700000A09000004
:10828C00760700004D0700000E0800001D080000D6
:10829C00D80800002C070000530800007B080000E1
:1082AC00D60600006F0800001D08000088080000BA
:1082BC00750700004C070000C8080000D707000035
:1082CC00AA070000110900009207000083070000B4
:1082DC00790700004F080000AB0800005F070000A2
:1082EC00E00800000D08000017070000F20700006E
:1082FC00580800000008000089080000330900003D
:10830C0096080000BC070000C009000075080000BA
:10831C007A080000DF0900006C0700000A07000063
:10832C00510600002608000082070000B607000076
:10833C0089080000D00900005107000092070000D6
:10834C0017070000D1090000870700004106000054
:10835C00830800006408000058080000C2060000F2
:10836C00E0070000E7080000220700009908000061
:10837C007209000043080000CF06000086060000CA
:10838C00860700007A080000EF07000017090000BC
:10839C005208000058080000AC08000093060000CA
:1083AC00E1070000F10600004008000094080000FE
:1083BC00390700003F0900000C0800000708000006
:1083CC00FD070000B5070000530800001607000069
:1083DC00A707000034090000910800007C0700008A
:1083EC00560A0000FC050000EC0A000082060000A2
:1083FC0079090000B3060000D7070000E20700006F
:10840C00370700004A080000AD06000029090000EB
:10841C002507000072090000EC060000F20A0000BB
:10842C00C906000098090000DA0500005309000095
:10843C006C0600007D080000830600000F08000099
:10844C0022080000E9070000F7070000620700009F
:10845C002A0A00001C0700007B0900008A060000A5
:10846C0053090000CE0600001608000003070000A8
:10847C00BC070000FF08000031070000C508000021
:10848C0012070000340A0000F50600008109000004
:10849C00B70600008D0900000D0700002F08000032
:1084AC006A060000EE0700002B08000029070000F8
:1084BC00770800002C070000F9090000DA0600001C
:1084CC005B09000075060000C809000037070000B2
:1084DC004B080000A006000044080000E90700005B
:1084EC004D07000033080000BE070000C209000061
:1084FC00290700003E090000D10600009509000084
:10850C00450700004B080000EE0600006108000063
:10851C00E907000059070000F10700006E07000092
:10852C009F090000020700002A090000B1060000A4
:10853C00D7090000EF06000066080000E9060000FD
:10854C006E080000D907000059070000050800005C
:10855C0078070000570900001907000040090000C7
:10856C0001070000C9090000000700009C0800007A
:10857C00DD0600007E080000E3070000780700001D
:10858C00FB0700008A0700003809000012070000F2
:10859C00150900000B070000890900000007000006
:1085AC00C6080000E706000074080000B2070000CF
:1085BC008B070000E30700008C070000080900008F
:1085CC003B070000060900002D0700007809000099
:1085DC00FE060000D3080000FC060000B5080000F1
:1085EC00A9070000AB070000D30700008C070000B0
:1085FC00D008000075070000C30800002608000022
:10860C00AD0800007B070000A00900005407000023
:10861C00BA070000B50800001C0800009406000012
:10862C00C8080000130900001A0600009D0900008C
:10863C0013080000E9070000B8070000AD090000AE
:10864C00A60500003D090000840800005806000043
:10865C00F8070000FE080000460700004007000075
:10866C00F509000004060000D808000045080000C9
:10867C00C2070000800600009F090000D906000018
:10868C0026070000E3080000DB070000610700007C
:10869C00D8080000D1080000060600009E0A000061
:1086AC0090070000BE0700001608000090090000AB
:1086BC0056060000A20800004408000097060000BF
:1086CC0022090000120800007F070000BE0700000E
:1086DC001E0A0000FE050000E30800002E08000042
:1086EC005807000073070000860700009F06000073
:1086FC00FE07000032080000DB070000D309000071
:10870C00240700002D0700009108000087070000D7
:10871C008F050000420A00000A0A00002A06000029
:10872C00FD050000620A000002090000510600006D
:10873C00200B000048070000D606000014090000BA
:10874C00A70900002E050000C8070000050900005D
:10875C0072080000BA060000E60800006C08000071
:10876C0063070000DC070000AE080000130A0000DD
:10877C000307000031080000D9070000340800008E
:10878C005607000058080000DE070000AF06000086
:10879C00E408000010090000860700004E060000E7
:1087AC00C408000025090000B3070000CF08000032
:1087BC00D607000029070000F4070000E5080000B8
:1087CC00DD070000890600007A080000050900009A
:1087DC00CD060000AE070000800800003208000043
:1087EC00B9070000E20800009108000058090000D9
:1087FC004B060000BA0A0000E30500009D0A0000C9
:10880C007A050000D00900001C0600001F080000BB
:10881C00E50500006D07000074060000CF0700009E
:10882C0053060000E8070000FB060000D408000017
:10883C009C07000047080000970800001D09000075
:10884C000A0900006F080000AE090000E3070000F1
:10885C00150A000004070000ED09000009070000DC
:10886C006A090000480600003C080000BA06000037
:10887C005D0700006E0600003D0700009C0600002E
:10888C00BF0700003C070000B7070000D907000035
:10889C002A080000CB080000E2070000580900007D
:1088AC0048080000B309000029080000A4090000D2
:1088BC00B7070000B80900005507000022090000A6
:1088CC0006070000C3080000CA060000B707000036
:1088DC00AA0600006D070000A40600006707000050
:1088EC00D1060000B80700007F070000DD0700007C
:1088FC00050800003C080000D70800005C080000D8
:10890C000609000082080000430900006A08000004
:10891C0033090000CC0700002E0900009807000066
:10892C00BC0800000707000087080000B50600001F
:10893C00BE0700008F0600009107000092060000A1
:10894C00DA070000D1060000060800007F070000CF
:10895C004F08000006080000830800009F08000074
:10896C00AC080000E1080000B80800001C09000079
:10897C005E080000FC080000CA070000DF080000C9
:10898C0074070000810800000007000007080000C1
:10899C00AE060000AE07000097060000A607000018
:1089AC00970600000B080000FF0600004D080000B1
:1089BC009B070000800800002A080000CC0800007B
:1089CC0095080000DC080000C8080000AE08000094
:1089DC00D608000052080000B8080000C8070000C4
:1089EC00A00800005207000043080000D306000056
:1089FC00E2070000A3060000D60700005D06000099
:108A0C00DB070000DF0600006F08000027070000EE
:108A1C003509000052070000A909000045070000B5
:108A2C005D0900000A09000098080000A008000079
:108A3C00CB070000490900008A080000320800003A
:108A4C00850700009B0800006E0700007F080000EF
:108A5C003806000063080000C60600008907000005
:108A6C0028070000E307000045070000F907000095
:108A7C004D070000930900006F070000A5080000D7
:108A8C0056080000C908000063090000FD0700003B
:108A9C009F0800008C080000800800006908000096
:108AAC0090070000C60700006D080000A806000033
:108ABC00690800001606000026080000AA0600003F
:108ACC0082070000780700009B07000041070000A8
:108ADC007B0800009C070000120A0000AC06000096
:108AEC0059080000470A0000190900003F07000060
:108AFC00890700001F090000780A00000507000024
:108B0C001F0800007A080000DE080000F7070000CC
:108B1C005C060000CE07000009070000FC06000000
:108B2C005A05000029050000240800000009000077
:108B3C005D090000B00700004C0800005E0A000050
:108B4C00BF0800009F0700009A090000840A00007B
:108B5C00B9070000DB040000AB0500004A09000067
:108B6C0093080000F107000052090000D107000033
:108B7C0094090000180600003108000037060000B8
:108B8C001908000079070000C0050000320600003B
:108B9C006908000074080000DA08000024070000CF
:108BAC00470A00001F090000260900009509000073
:108BBC00EE0800000D0700006207000075070000BA
:108BCC00CF070000C3060000A4080000DF09000066
:108BDC00A1060000F707000045070000B9080000D7
:108BEC00D1070000150800008208000040080000B2
:108BFC00FC07000069080000140800007E08000053
:108C0C00110800006A08000015080000D8070000D1
:108C1C003008000016080000EC070000FE070000FA
:108C2C00F80700002A080000BC0700001908000023
:108C3C001B0800000C08000029080000FE070000BB
:108C4C001108000002080000FC07000016080000D4
:108C5C00DD0700001B08000003080000EA07000005
:108C6C00EE070000F507000000080000FD070000FB
:108C7C00E30700000A08000005080000E5070000F3
:108C8C00FF070000F507000022080000F9070000AC
:108C9C00020800000D080000000800001408000085
:108CAC0000080000130800001F080000EC0700007B
:108CBC0014080000FC070000FF0700000D0800006E
:108CCC00F207000011080000DE070000FA070000A0
:108CDC00EE070000EB07000003080000040800008A
:108CEC00F8070000FD070000E70700000B08000074
:108CFC00000800000D080000040800000308000034
:108D0C000408000003080000070800001D0800000C
:108D1C00F80700002508000001080000FC0700000F
:108D2C000708000002080000F8070000ED0700002B
:108D3C00FD07000002080000EC070000FB07000024
:108D4C00F0070000E607000007080000F507000028
:108D5C0018080000F80700000008000001080000D7
:108D6C0003080000090800000708000013080000B1
:108D7C000C080000FB0700000C08000000080000B5
:108D8C00F407000002080000F6070000FC070000D2
:108D9C00F1070000010800000B080000E9070000C3
:108DAC00FE070000FE070000EE07000000080000B0
:108DBC00F00700001B080000EE070000FB07000096
:108DCC0005080000FB070000140800000D08000057
:108DDC00050800002F080000F1070000050800003E
:108DEC0038080000BD0700005507000068090000A6
:108DFC00F005000053090000C506000045080000FE
:108E0C0072080000820600001C0900001707000011
:108E1C00D908000067070000FF070000E108000008
:108E2C0017070000CB070000710800006207000064
:108E3C00BA08000036070000B6070000050900005C
:108E4C00F306000027090000FA060000CB0800001A
:108E5C002B08000018070000C5080000640700007C
:108E6C00270800006808000029070000B808000067
:108E7C00CC07000086070000000900004E07000028
:108E8C00D50800008A070000CF070000C5080000C5
:108E9C000D0700009D080000C0070000CA07000075
:108EAC00C4080000130700007C0800001408000030
:108EBC0095070000CD08000007070000850800009A
:108ECC00E707000077070000AA0800001D07000054
:108EDC008C080000DA0700009F0700008C080000D7
:108EEC0099070000320800000C080000CB070000B6
:108EFC0049080000BE0700001D0800000B08000018
:108F0C00DD07000023080000E20700001008000045
:108F1C000C080000EE0700001C080000EA07000027
:108F2C0018080000FD070000FE07000013080000F1
:108F3C00ED0700000D080000F6070000F007000028
:108F4C0013080000EC07000003080000FE070000F7
:108F5C00F007000012080000EA0700000D080000EE
:108F6C0004080000EE07000014080000EF070000E2
:108F7C000C08000000080000F30700001B080000AC
:108F8C00F30700000708000006080000F6070000C1
:108F9C0010080000F6070000FF0700000A08000098
:108FAC00E607000010080000F1070000F8070000B9
:108FBC0009080000E507000013080000F207000094
:108FCC00FC0700000B080000EC0700000D08000077
:108FDC0061080000F70600007F090000B4050000DE
:108FEC00B2090000D50600006A0800002507000041
:108FFC009706000045090000E7060000D1090000B3
:10900C0015060000BB0A0000C4060000C9090000D8
:10901C00D10500004D090000CE060000E608000056
:10902C00AB060000D507000018080000E40700009C
:10903C001A0800007007000087090000BF07000035
:10904C0053090000BD0600005B090000EA060000A1
:10905C00DD0800009C06000058080000EB0700002B
:10906C00C807000029080000200700009109000033
:10907C003C07000060090000CE0600005809000003
:10908C001207000096080000A30600002D0800003F
:10909C00EB070000B907000029080000400700009A
:1090AC00620900002A07000060090000CB060000DE
:1090BC008C09000033070000CC080000B00600004B
:1090CC006608000098070000EF070000DA070000B0
:1090DC009E07000001090000720700001209000041
:1090EC00EF0600006B0900003E070000AC08000012
:1090FC00000700004A080000B5070000A2070000A6
:10910C00D507000095070000DC0800007707000079
:10911C0004090000F50600007B0900001D07000093
:10912C00E3080000EE0600008A080000B907000002
:10913C00C0070000D507000082070000C10800002E
:10914C0078070000F40800000F0700006709000012
:10915C0013070000F8080000F20600009708000052
:10916C008F070000EB070000D007000096070000F7
:10917C00A308000074070000DA0800002C070000A8
:10918C004809000029070000F4080000F806000058
:10919C00B10800006F07000005080000BA070000C6
:1091AC00B20700009408000062070000E20800000B
:1091BC002F070000400900003B070000F7080000E3
:1091CC0007070000C10800006C070000220800001F
:1091DC00BB070000A9070000AF0800004D07000006
:1091EC00640800009107000066080000F807000002
:1091FC00E9070000370700006A08000016080000A5
:10920C0099070000C60600000B0800004F0800007C
:10921C0054070000BB0700004E0800008A0900003C
:10922C00D1060000260900009507000094080000F4
:10923C00FD070000DB070000660700004409000082
:10924C00370800000307000087090000C30700006F
:10925C0053080000F0070000750800000507000027
:10926C0028090000FF06000007080000D5070000D1
:10927C00140800009E070000AF0700005308000010
:10928C00E5060000A2080000550700008D0800004C
:10929C001E070000D108000013070000180800008A
:1092AC00C4070000D5070000B807000046080000FE
:1092BC0097080000360700006A090000C407000088
:1092CC0098080000FE070000C0080000DD06000042
:1092DC0040090000D3080000C9060000E3080000A4
:1092EC00D9060000BB0C0000CD050000F008000002
:1092FC008704000012080000560A0000060800004F
:10930C00AC08000053050000F0070000AE0A000096
:10931C0087060000400700009D070000EB070000D7
:10932C00A8060000E30800006D0B0000A905000072
:10933C00ED050000F7080000BC090000D407000090
:10934C00160600007A0700000A090000A1090000B7
:10935C004209000026070000D5050000490900005D
:10936C00E10900006E090000BE0500004306000084
:10937C008F080000B2080000B9070000EC090000DB
:10938C00380700002F060000700900001E080000BE
:10939C0002080000EA050000FB070000420800007C
:1093AC003A0900008C07000091050000320700000C
:1093BC009C0900006709000060080000F806000026
:1093CC00C3050000F4080000D8090000A208000042
:1093DC00A20600002B08000064080000080800002A
:1093EC003D0800000B080000C7070000F007000054
:1093FC000D0800000508000029080000CC0700003B
:10940C008C080000E7070000DB070000D80700000D
:10941C00E20700003D080000FA07000021080000E8
:10942C00E307000029080000E8070000E807000037
:10943C00F20700002208000027080000270800009F
:10944C00E0070000BA0700000B080000F907000055
:10945C00300800000A080000EE070000E0070000DA
:10946C0017080000EC07000003080000E9070000E3
:10947C00FE0700001D0800000308000003080000A0
:10948C00BC070000190800000B0800003D08000094
:10949C00EA070000EC070000E607000009080000DE
:1094AC00F4070000F907000015080000030800008D
:1094BC0007080000FB070000FE070000E1070000A2
:1094CC0026080000FF07000017080000E407000052
:1094DC00F3070000EC07000014080000130800005C
:1094EC0003080000EE070000050800000708000054
:1094FC00F107000002080000F0070000120800004D
:10950C000908000005080000E9070000F907000041
:10951C00F807000013080000F8070000F907000026
:10952C0004080000F007000024080000EB0700000E
:10953C00080800000A08000005080000F9070000F0
:10954C0016080000EB0700001108000001080000DD
:10955C00F80700001208000001080000F5070000E1
:10956C00F507000009080000FA07000002080000D7
:10957C00F20700000C080000FE07000003080000C2
:10958C00FC070000E80700000608000018080000AF
:10959C00F9070000EB07000002080000FD070000BF
:1095AC000A0800000008000005080000F007000091
:1095BC00060800000C080000FB070000060800006D
:1095CC00F3070000FE0700000F080000F907000079
:1095DC00D8070000FF07000023080000C90700009F
:1095EC0036080000C00700004C080000810700008E
:1095FC0000090000CB0700006B080000B607000054
:10960C0030080000DF070000A3080000B8070000C6
:10961C00820600001C090000E8070000F5070000A6
:10962C00B6080000BA060000AD0800007209000080
:10963C00DA06000059070000440900001408000075
:10964C0035070000ED08000020080000720700003C
:10965C00EB080000A40700003007000049090000D7
:10966C00690700007E070000CD08000078070000A5
:10967C005B080000E90700000407000093080000E5
:10968C00FA070000B1070000BE0700002408000024
:10969C004B080000AE0700000A0800004708000055
:1096AC00880700003A0800005E080000C8070000A8
:1096BC00EF070000CE080000F3070000360700009B
:1096CC00C4080000340800003C070000C208000079
:1096DC00DB070000AB070000A908000061070000D1
:1096EC00C907000066080000750700002808000084
:1096FC00F4070000B2070000380800000B08000057
:10970C00B2070000CB0700005F0800001208000041
:10971C008E0700005108000044080000CE0700002E
:10972C00020800001C08000004080000E00700000C
:10973C003508000008080000D007000023080000CE
:10974C0005080000E107000017080000FE070000F4
:10975C00F407000005080000FF07000006080000E1
:10976C00F30700000C080000F907000001080000D6
:10977C000A080000F60700000408000005080000B5
:10978C00FD070000FE0700000208000000080000B2
:10979C00FF070000FF0700000C080000F2070000A4
:1097AC000408000005080000F7070000030800008B
:1097BC00FD070000FB07000007080000FF07000082
:1097CC00FB07000001080000F20700001B08000066
:1097DC00F0070000FF0700004B0800006D070000B9
:1097EC00AA060000060A0000A2050000720900008B
:1097FC00E7060000E4070000B00800002E06000099
:10980C0011090000F5060000BC0800006B07000001
:10981C00670700002A090000050700008D070000FB
:10982C00CD080000420700008E080000430700002E
:10983C007B07000025090000C40600002009000079
:10984C000B070000D00800004D080000DC060000EB
:10985C00100900007E070000F9070000BD08000099
:10986C000F070000AE0800000D08000038070000CC
:10987C00340900001F070000D70800009007000003
:10988C00A8070000F0080000F0060000A90800007E
:10989C00E107000090070000F90800000E07000027
:1098AC003C0800005A0800004A070000E4080000C9
:1098BC000B070000610800001008000038070000CA
:1098CC00E1080000170700008A08000007080000E4
:1098DC00330700000A0900000A07000047080000CF
:1098EC004F080000280700000D090000FD060000CD
:1098FC0049080000700800002E0700001C09000039
:10990C00200700004C08000084080000FB06000043
:10991C001C090000430700004308000098080000E1
:10992C000307000012090000660700000E08000083
:10993C00A50800003C070000C20800007C070000DE
:10994C00FC070000920800003E070000BB08000066
:10995C0096070000F10700009008000023070000A4
:10996C00A7080000AD070000DB0700008B08000013
:10997C001D0700008D080000C8070000AD0700009F
:10998C00B30800001A07000089080000EC0700006B
:10999C0070070000D8080000120700006F080000D4
:1099AC002708000068070000D20800002E070000FE
:1099BC00630800003808000063070000E708000097
:1099CC002D07000051080000720800002D07000050
:1099DC000C0900004107000031080000D10800000C
:1099EC000707000056090000BC060000E70700004E
:1099FC00B7080000BC07000010090000F5060000C5
:109A0C009B080000210800000A07000089080000DC
:109A1C0077070000E10800007A080000DA06000071
:109A2C002B0800008B070000F9070000F30700006B
:109A3C00A60700004B0900007A070000460700004B
:109A4C00EE070000FC0700002108000039080000A8
:109A5C00C2070000FC08000032070000CA07000023
:109A6C00A40800005B0700002C090000F3060000AE
:109A7C009F0800002B08000065070000000900008B
:109A8C00F506000098080000EA07000071070000C6
:109A9C00A208000096070000DA0800009E070000EC
:109AAC0037070000860800008D070000170800002B
:109ABC0070080000FB070000830800001907000075
:109ACC00BF0700009C0800003C070000450900008F
:109ADC009907000070080000160800007B060000C3
:109AEC004A0900008607000076080000A50800005F
:109AFC00FD060000E0080000E5080000300700004B
:109B0C00800A00004C05000035060000C308000068
:109B1C00B708000011070000C2070000D4090000BC
:109B2C009406000041090000930A0000640500003F
:109B3C00CC070000BC070000DD0800007A0700001D
:109B4C00E9060000850A00006305000053090000C7
:109B5C00350B0000E1050000A808000034050000EA
:109B6C006508000047090000330700007709000072
:109B7C00D4050000CF080000370A0000E106000001
:109B8C001B080000BB060000850700005B090000F5
:109B9C00320700001C0800001D080000F50600003C
:109BAC00B30900000E09000064070000E206000083
:109BBC00F7060000D509000011080000EA060000B5
:109BCC005D0800006C0700007F080000E40800003E
:109BDC00AC070000AB0700006F070000F1070000A6
:109BEC006508000057080000FD070000E1070000B1
:109BFC001D0800001E080000EB070000AF07000066
:109C0C00D8070000260800000508000027080000FF
:109C1C0018080000E0070000DD070000FE07000048
:109C2C001608000003080000DD0700000308000010
:109C3C00F90700003D080000FF070000D4070000F2
:109C4C001F080000E50700001C080000FF070000CB
:109C5C00DB07000023080000E307000015080000E4
:109C6C0012080000ED07000004080000DC070000EB
:109C7C00F90700001C08000000080000FF070000A6
:109C8C00FA070000F40700001C080000EE070000B3
:109C9C00F3070000FA0700000E0800001708000088
:109CAC00EB070000FF070000EB07000004080000B2
:109CBC0010080000EE07000008080000EC07000088
:109CCC00080800000E080000030800000A08000045
:109CDC00E207000009080000030800000408000067
:109CEC00F9070000EF070000030800000808000057
:109CFC0003080000F9070000EE070000020800004E
:109D0C00080800000B08000004080000F30700001E
:109D1C00080800000D08000008080000FF070000FC
:109D2C00F9070000FA070000F9070000F707000028
:109D3C000B080000E2070000F10700000F0800000C
:109D4C000008000013080000F307000003080000DF
:109D5C000D0800000C0800000B080000F2070000C2
:109D6C00F707000001080000FD070000FB070000DA
:109D7C00FA070000EE070000FA0700000C080000CC
:109D8C000B08000002080000F7070000080800009C
:109D9C0005080000FF07000008080000E5070000A8
:109DAC00FB07000002080000000800000308000088
:109DBC00FB07000014080000F20700000E0800006A
:109DCC0006080000EA0700000D080000F00700007C
:109DDC000C080000FB070000F60700000C08000050
:109DEC00E90700003B0800001E080000EC0700001B
:109DFC00E8070000E707000031080000FA07000040
:109E0C0013080000C207000036080000BD07000060
:109E1C00870800004B070000E108000068070000FD
:109E2C007F080000910700003008000006080000C1
:109E3C009907000004080000960700009508000030
:109E4C0053070000530800007E070000FE080000C6
:109E5C00820700007D080000E107000034080000C4
:109E6C0017080000A30700003B0800004E07000085
:109E7C0041080000430700009D0800009D070000FA
:109E8C009C08000078070000C108000020080000B2
:109E9C003508000007080000920700005D0800006C
:109EAC003307000066080000260700008808000041
:109EBC008307000094080000CB0700008B0800000B
:109ECC00F30700002908000036080000CE07000048
:109EDC003D080000380700005D0800003007000056
:109EEC007F0800006E07000089080000B907000019
:109EFC0077080000FB0700003D0800004D0800003B
:109F0C00C1070000470800006A0700006B0800004A
:109F1C0022070000620800007307000079080000A7
:109F2C00B707000065080000060800002E080000B6
:109F3C0030080000E60700002E080000CB070000E8
:109F4C001F080000C007000011080000EA0700000D
:109F5C0003080000FA070000FE07000012080000CA
:109F6C00F70700000C080000F507000006080000C9
:109F7C00FF070000FE07000006080000F9070000BC
:109F8C000B080000FA0700000C080000EC070000AA
:109F9C000D080000F20700000A080000F807000096
:109FAC0001080000F5070000050800000708000084
:109FBC00FE07000006080000F30700000F08000071
:109FCC00F307000014080000ED0700000F08000064
:109FDC00ED07000009080000A20900003D07000081
:109FEC00630800006B07000097080000F8080000E9
:109FFC00E30700002D080000EC0700000D0800002E
:10A00C004109000077060000350900001008000027
:10A01C000408000007090000370700003C08000096
:10A02C00CA08000028070000CB080000BA0700008F
:10A03C000B08000052080000E20600009309000023
:10A04C001B0700002B08000072080000120700001C
:10A05C00FA080000320700007B070000E808000047
:10A06C0021070000AD08000046070000E9070000CA
:10A07C00AA080000EC0600001209000021070000ED
:10A08C004B08000060080000D00600000209000028
:10A09C0079070000FE070000AA0800001F07000057
:10A0AC00F408000072070000EA070000ED08000049
:10A0BC00F30600002D09000046070000F60700001B
:10A0CC00F2080000F6060000ED080000C9070000C9
:10A0DC00C6070000E5080000050700009108000015
:10A0EC00FE070000A5070000D708000025070000A8
:10A0FC0090080000D90700009A070000C308000070
:10A10C003F0700005E080000030800006207000023
:10A11C00A50800003C0700004308000029080000C7
:10A12C0060070000CE080000100700006108000066
:10A13C002708000048070000E70800001C07000083
:10A14C0046080000440800001F070000FE0800003D
:10A15C004A0700003A0800008C08000010070000B5
:10A16C00FF080000450700003808000095080000B3
:10A17C002B070000E30800006C0700001A08000021
:10A18C00A10800003B070000C80800009907000068
:10A19C0004080000900800003C070000AE08000016
:10A1AC00A70700000B080000810800004207000010
:10A1BC0091080000A3070000E20700008F080000D0
:10A1CC00200700008C0800009807000069080000B8
:10A1DC0098070000860700006D080000300800009A
:10A1EC0054060000F90800003408000001080000C3
:10A1FC0090070000F80600006F0900002C07000013
:10A20C009307000051090000DC070000CE07000096
:10A21C005B060000CA0800000F0900002D070000B3
:10A22C00110900006E0700006F0700001508000000
:10A23C00B60700004309000013070000CF08000018
:10A24C002E080000CF060000800800004008000027
:10A25C0076080000960700005B070000200900004C
:10A26C007C070000C8070000F2080000D7070000B8
:10A27C007B0700005907000039080000E4080000C3
:10A28C000E07000021090000B2070000E1060000E3
:10A29C0064080000C6070000B00800008307000037
:10A2AC00FA070000D60800009906000047080000D5
:10A2BC00570800002B080000D807000058070000C2
:10A2CC00A6080000E90700007B0700000709000052
:10A2DC00960700007A070000E80700004507000019
:10A2EC001F09000015080000CD07000084070000BE
:10A2FC004C060000060600008B060000DA08000081
:10A30C00E50800000F0B00000C090000C908000054
:10A31C0071060000DF08000084070000270600001B
:10A32C0027080000F1060000070A00009F06000045
:10A33C00300900001507000037070000D4090000A1
:10A34C007507000036090000750600001B090000A7
:10A35C0076070000F7050000040900003A08000029
:10A36C008E0900004E07000023080000BD07000006
:10A37C009A050000F60700009C0800000E0900007A
:10A38C008A0700003C0900003C0800007608000029
:10A39C0089060000FE07000035080000CE0600000C
:10A3AC00480900005807000015080000A407000029
:10A3BC00B2070000EB090000E2060000D208000022
:10A3CC00210800008F0600004408000088050000EA
:10A3DC006F0800000C070000C307000068080000AD
:10A3EC008E070000CC0900008D060000E809000073
:10A3FC00B80600003C0B000071060000820900004A
:10A40C0077060000E5080000A10600000108000026
:10A41C009D070000E6070000D3080000C9060000F5
:10A42C00FD080000540700001B0A00007506000020
:10A43C00D60800001C07000011090000A606000049
:10A44C00E607000013070000570800005108000041
:10A45C0037070000F6080000890700003A0A0000E0
:10A46C008F06000053090000170700003209000096
:10A47C0023070000C90700006B070000D707000086
:10A48C004E080000CF060000270900006A070000F4
:10A49C002C0A00004006000080090000B8060000ED
:10A4AC004B090000AE0600000F0800004107000039
:10A4BC003D080000D0070000330700007D080000B5
:10A4CC00BC070000C9090000CC0600004A090000C6
:10A4DC002007000095090000C906000013080000C1
:10A4EC006F0700002F080000EA0700003707000084
:10A4FC00A00800009107000080090000A8060000D9
:10A50C006A0900002507000090090000B70600004A
:10A51C00420800004607000012080000F607000081
:10A52C00150700008C080000A00700006709000058
:10A53C00BB0600003A0900004A0700007009000041
:10A54C00C3060000950800004B0700003708000008
:10A55C00CD0700004C0700006D080000A8070000A4
:10A56C0040090000EE060000420900004B07000005
:10A57C004D090000D00600009A08000059070000A1
:10A58C0062080000880700004F0700003008000038
:10A59C00AB07000016090000F30600005609000086
:10A5AC002707000058090000D0060000AF08000083
:10A5BC003307000078080000990700008E070000A0
:10A5CC00FD070000B1070000E80800000C070000C0
:10A5DC00630900002D07000045090000C5070000B5
:10A5EC00AD0700000C0800007B0800009F0600006F
:10A5FC007C070000390900008D0600008708000068
:10A60C00C60700004A080000E0060000C30900006D
:10A61C00C006000021080000760800003408000085
:10A62C007E06000031090000440800006F0600009F
:10A63C00EC090000AB070000DD0700002508000056
:10A64C00D7090000D8050000950900001808000083
:10A65C00490700004D0800004B080000A40600004C
:10A66C003508000096090000E1050000DC08000038
:10A67C009F080000FD070000ED060000AC0900007B
:10A68C001F0600005B08000024080000FE06000006
:10A69C009C070000AA080000F8070000B50600009F
:10A6AC00220A000048070000330800003C080000A4
:10A6BC00E3080000850600009A0900008A070000E4
:10A6CC00030700000D090000ED0700000E08000054
:10A6DC00FB070000CC090000B6060000ED090000E5
:10A6EC00C4080000BC0500004F060000430D00002C
:10A6FC00B5030000C2060000D409000021040000CC
:10A70C007808000088090000070A000051030000C7
:10A71C008B09000062080000D2080000410800000C
:10A72C0068080000A2060000B407000045070000FE
:10A73C00B9070000B7070000DC0600003C08000069
:10A74C00D808000019080000CE06000075080000AB
:10A75C00BB0700006C0800007408000083080000B0
:10A76C0055060000FD0700007C08000031070000C2
:10A77C00AD08000051070000EF07000010070000B3
:10A78C004108000037090000F80600008C070000A3
:10A79C0073080000ED080000D20700000308000059
:10A7AC00BF070000BE0700006C0800007D08000019
:10A7BC00BE0700000D070000F907000000080000AC
:10A7CC00FD07000000080000000800000008000061
:10A7DC00FE07000002080000FD0700000208000050
:10A7EC00FD070000FF07000000080000CD06000078
:10A7FC002909000076020000240900007500000001
:10A80C00340E000041010000F50F0000E4010000CF
:10A81C00B0080000BE01000044060000B7060000AE
:10A82C00D80B0000FC0F0000EA0C0000C708000069
:10A83C00BF03000000000000EB030000300A000022
:10A84C004C0A0000710D00006B0C0000FF0B0000A7
:10A85C00BE020000C603000055070000FF08000000
:10A86C0030070000F6080000850800007F09000092
:10A87C007608000057080000470600004A04000054
:10A88C0042070000F9080000F10A000074090000FA
:10A89C00DD0900006C080000670600001C050000C4
:10A8AC003E0600008F070000C2090000340A0000B9
:10A8BC00AC0800007F07000054070000C20700002E
:10A8CC003E08000065070000700700007C070000D0
:10A8DC00F4070000D40800009E0900003D090000A8
:10A8EC008B07000023060000EC0500009E0700000B
:10A8FC0018090000880900004F09000066080000D4
:10A90C00CD0600008A06000089070000BE08000082
:10A91C00AD0800001C080000870700005F0700005E
:10A92C001C080000ED080000AA080000E407000065
:10A93C0035070000160700009607000059080000B4
:10A94C00D1080000BC0800002B080000B007000074
:10A95C00440700007C07000028080000880800005D
:10A96C0057080000E007000096070000DE07000013
:10A97C003C080000580800002F080000D707000012
:10A98C00A2070000C20700000D08000043080000E9
:10A99C002A0800001E08000001080000CD07000076
:10A9AC00C2070000DA070000000800002F080000B2
:10A9BC004E08000034080000E9070000B207000050
:10A9CC00BC070000EC070000170800002808000076
:10A9DC001B080000FF070000EC070000FB0700004D
:10A9EC001B0800005D080000480800001308000068
:10A9FC00840800006C0C00000A000000500F0000DE
:10AA0C00C0000000FA0F0000A70600003708000085
:10AA1C00360100003A060000FC060000E1070000C9
:10AA2C00D00E0000FF0F0000F50900009F08000089
:10AA3C00000000000200000090080000B2090000B5
:10AA4C00B20B0000690C0000810D00002C07000007
:10AA5C0078020000CD050000F2080000CA070000D3
:10AA6C004C0800006E08000023090000DB08000001
:10AA7C006B0800009A0700007B040000D80500005A
:10AA8C00020800003F0A0000570A00006B09000092
:10AA9C00BC09000023070000B00500005C050000A5
:10AAAC001807000090080000850A00005C090000EF
:10AABC000E0800002E0700007B070000360800007F
:10AACC00CD0700006107000063070000C907000004
:10AADC00340800005C09000050090000BA080000AE
:10AAEC00BD060000BB050000D406000038080000BD
:10AAFC007A090000730900000A0900008D070000A4
:10AB0C009A060000DC06000051080000CD08000089
:10AB1C0085080000C20700005C070000A0070000C9
:10AB2C00AA080000D80800005408000075070000AF
:10AB3C001607000050070000FA070000A9080000E3
:10AB4C00DD0800007A080000F0070000780700001C
:10AB5C0047070000D2070000590800007F080000DA
:10AB6C0028080000A3070000A40700000908000043
:10AB7C00510800004508000008080000B807000054
:10AB8C00A5070000E00700003208000038080000AC
:10AB9C002108000012080000E7070000C6070000AB
:10ABAC00D2070000E50700001B0800004208000067
:10ABBC004A08000013080000CB070000B40700008F
:10ABCC00D507000002080000260800002408000039
:10ABDC0008080000F3070000ED0700001008000053
:10ABEC0012080000480800005A0B00009D0A0000E3
:10ABFC00F90F0000B900000071040000DE0E000027
:10AC0C00FE010000810D000030040000000800006F
:10AC1C004106000066030000210A00008A060000BD
:10AC2C00FC06000066040000780800003C060000EA
:10AC3C002E080000FB080000A406000062090000BA
:10AC4C00B8060000C80A00001D070000C00800007C
:10AC5C00C9070000DA080000EC0700006F070000CD
:10AC6C001D09000039060000E90900007506000006
:10AC7C006A090000A80700007E080000D507000044
:10AC8C004E0800002C080000C507000067080000F3
:10AC9C0073070000C90800003707000059080000BE
:10ACAC00CB0700001A08000004080000DA070000B7
:10ACBC0020080000C00700002C080000CD07000091
:10ACCC00100800001A080000EE0700001808000029
:10ACDC000108000054080000E10700000B08000008
:10ACEC00DA070000D0070000EB0700001008000096
:10ACFC0021080000020800003008000002080000D3
:10AD0C000608000018080000E3070000FF07000019
:10AD1C00ED070000F5070000CC0700001808000044
:10AD2C00FE070000FB070000100800001E080000D2
:10AD3C00F0070000DF07000005080000FC0700001A
:10AD4C00FC070000F807000005080000EE070000F3
:10AD5C00FF07000008080000020800000B080000B4
:10AD6C00F5070000FD070000FE07000004080000C6
:10AD7C000E08000013080000F9070000F807000097
:10AD8C000F0800000D08000010080000F807000074
:10AD9C00FA070000F7070000FA070000FC070000A4
:10ADAC00FD070000FF07000001080000FF0700007E
:10ADBC0000080000FD070000FA070000F80700007B
:10ADCC00020800000908000000080000FD07000050
:10ADDC00F70700000708000007080000F50700004F
:10ADEC00B80700003E050000260B00004E010000D5
:10ADFC001E0D0000CD030000F60F0000B70200008E
:10AE0C0057050000510300005F05000054070000C7
:10AE1C003E0D0000FD0F00001E0C0000F9080000A4
:10AE2C004F0100000400000042050000C30A0000AE
:10AE3C009E0B00001F0D0000EA0D0000590B0000D6
:10AE4C006C010000B2030000010700008D09000036
:10AE5C009807000025080000F708000036090000DC
:10AE6C00990700006B0700005A050000EC04000075
:10AE7C0004080000B30A0000010C00007308000075
:10AE8C00A20900004007000006050000480500006C
:10AE9C008C060000240800004C0A0000930A0000F5
:10AEAC00EE0800008F070000C0060000EA07000053
:10AEBC0082070000F00500004C0700003A09000072
:10AECC00F6090000D809000099080000CB07000023
:10AEDC00FF050000E5050000060800004A09000017
:10AEEC006B090000CD080000FE070000E007000021
:10AEFC0005080000DC070000970800002E08000081
:10AF0C0054070000A0060000B5070000D20800009E
:10AF1C00B0090000CE08000084070000870600007E
:10AF2C00FB060000570800001A090000BD080000CD
:10AF3C00140800008307000023070000E907000045
:10AF4C0014080000AA0800007B0800003708000065
:10AF5C004707000003070000C40700004F0800006B
:10AF6C007D08000082080000BC0700008707000075
:10AF7C00A10700007E0800004A0800003808000005
:10AF8C00E8070000DA0700001E080000CD070000EB
:10AF9C00F7070000FA07000005080000260800006B
:10AFAC003B080000B2070000B507000005080000D0
:10AFBC00EC070000230800006508000009080000E9
:10AFCC00CB070000E6070000D7070000E9070000E8
:10AFDC002908000032080000DE0700000808000005
:10AFEC009B080000A508000088070000450700002A
:10AFFC007B06000064080000D20800003307000044
:10B00C0028070000C8080000ED08000098050000A3
:10B01C00BD08000076070000C70700001D070000F0
:10B02C005B080000ED070000760900009C0700009B
:10B03C0061080000E707000019080000290800005B
:10B04C00060800003B0700009808000018080000E4
:10B05C0023080000130800001F0800004608000029
:10B06C00290800004B08000005080000210800001A
:10B07C00CF07000016080000C90700001D080000DB
:10B08C00EA0700001A080000F4070000FB070000A4
:10B09C00F20700001408000016080000FC0700006E
:10B0AC00EF070000F0070000F30700001108000094
:10B0BC00260800000608000000080000F207000047
:10B0CC00FA070000F907000006080000F707000067
:10B0DC00FC07000009080000ED070000E70700006E
:10B0EC002C08000000080000DC07000033080000FA
:10B0FC0012080000F5070000050800001608000003
:10B10C00FA070000E60700001D080000E307000036
:10B11C00FC07000002080000ED070000EB07000030
:10B12C00FD070000050800000A080000F9070000F0
:10B13C00FB070000F207000003080000E70700000F
:10B14C000E080000EC070000F807000013080000D0
:10B15C0015080000030800000508000006080000A0
:10B16C00F0070000FD070000FB070000FB070000D4
:10B17C00FE0700000508000006080000FC070000A0
:10B18C00040800000408000000080000FE0700008E
:10B19C00F807000002080000FC070000040800008B
:10B1AC0006080000FB070000FE070000FF07000078
:10B1BC000008000000080000FD070000FC0700006C
:10B1CC00FA070000FB070000FE070000040800005F
:10B1DC000808000006080000FD070000F907000041
:10B1EC00FD070000DC070000D5080000D1070000B7
:10B1FC00DB060000D204000017070000C90800009D
:10B20C0084070000FD050000E5090000C7080000E8
:10B21C003008000051090000240700003507000029
:10B22C008D08000084070000C0070000DF07000045
:10B23C008107000096080000C10700000A08000002
:10B24C00D60700004D080000FD0700003C08000078
:10B25C00D0070000F10700000F080000EB0700000A
:10B26C00B607000027080000E0070000D807000020
:10B27C00B707000056080000EE070000EE070000BC
:10B28C00C8070000D0070000ED0700001B080000F5
:10B29C00EA070000E4070000ED070000F5070000D6
:10B2AC00E3070000010800000D0800000C08000076
:10B2BC00F60700000B080000FB0700000E0800005A
:10B2CC00FC0700000808000007080000F507000054
:10B2DC000E080000F9070000020800000908000031
:10B2EC00F107000017080000CF070000420800001B
:10B2FC00DF0700003E0800003A080000D0070000FD
:10B30C00F5070000FD07000002080000120800000D
:10B31C001F080000F2070000FE070000E80700000D
:10B32C00030800000E08000010080000E6070000EB
:10B33C001A08000003080000E6070000F5070000EB
:10B34C0013080000FB070000FF07000006080000C0
:10B35C001408000003080000F9070000E6070000CD
:10B36C00FA07000004080000F00700001B080000AA
:10B37C00FB07000004080000F9070000F9070000B3
:10B38C000E0800000C080000FE070000FF0700007C
:10B39C00FD070000FE070000FB070000010800008D
:10B3AC000008000002080000FE070000FF07000074
:10B3BC0000080000FE070000FF070000FE07000069
:10B3CC0003080000FB07000002080000FB07000058
:10B3DC00F6070000BF080000CB0700005A0700006A
:10B3EC008006000035050000FE0F00002400000060
:10B3FC00B1050000BF0B00003E020000A50F0000CD
:10B40C0059020000090D00004D040000BD080000A9
:10B41C003D0B0000BA040000D50600004A060000EF
:10B42C00DE080000610800007A090000D008000066
:10B43C0043090000A60700007F08000085090000F2
:10B44C008C050000260A0000ED060000BA0800007A
:10B45C005C0700009B0700008D08000087060000B9
:10B46C00F9080000010700006E0900000907000040
:10B47C00C4080000C1070000FF07000073080000AB
:10B48C00240800004C0800003D070000C008000024
:10B49C00620700004D080000B40700000C08000013
:10B4AC00EA070000F50700002A080000A3070000C7
:10B4BC0043080000AC070000210800001008000041
:10B4CC001B08000009080000E40700004008000009
:10B4DC00DC07000027080000DF070000FD07000064
:10B4EC000A080000EF0700001F080000D507000045
:10B4FC0028080000EF070000F607000025080000F0
:10B50C0091080000F1070000FF0700000D08000083
:10B51C00FE07000021080000DE070000F90700000C
:10B52C0004080000F9070000FA070000F307000008
:10B53C00F5070000ED07000002080000EA07000014
:10B54C00FD070000F30700001108000006080000CA
:10B55C00F7070000F4070000EC07000006080000E5
:10B56C0003080000FE070000F507000018080000A3
:10B57C0001080000F3070000FE07000004080000AB
:10B58C00140800001108000008080000F107000072
:10B59C00ED070000EB070000FA0700000D080000A3
:10B5AC001808000001080000E9070000F00700007F
:10B5BC00E8070000F1070000F8070000120800007F
:10B5CC001E08000010080000FE070000F70700002E
:10B5DC00FC070000E7070000C70700000E0800008A
:10B5EC000E070000C70700001F09000089070000B4
:10B5FC00A0090000E60900003B08000090060000CE
:10B60C002D090000C406000090070000DF070000B1
:10B61C001D0900000F080000CC090000AF07000056
:10B62C00F70700004708000081080000E20700004F
:10B63C00E80700002008000050070000C4070000C5
:10B64C00EE070000C4070000DB070000F60700004F
:10B65C00AF07000023080000CD070000FD07000025
:10B66C000A08000038080000BC0700002B08000086
:10B67C0015080000EB070000120800000808000085
:10B68C00F6070000F207000001080000EC070000BC
:10B69C00FC070000FB07000001080000FC0700008D
:10B6AC000508000003080000080800000A08000054
:10B6BC00FD070000FF07000006080000F907000066
:10B6CC00FD07000002080000070800000608000043
:10B6DC000408000055080000D4070000D70600003D
:10B6EC00E40300005F0A00006B030000E20F00009F
:10B6FC00C20100005B0A0000FB030000F502000021
:10B70C007F08000076060000E30F0000590E0000D1
:10B71C00A80A000000090000000000006C000000F6
:10B72C007803000039080000EB0C0000E20F000069
:10B73C00550D000060070000CB0300001006000050
:10B74C006A0700001205000020080000CF07000067
:10B75C00AB0A0000170A0000F80900007608000088
:10B76C005B050000D90400006604000021070000FE
:10B77C00840900008C0C0000010C0000130900006F
:10B78C00A10500007404000000060000E60800009B
:10B79C009C090000B3080000B0070000BF070000C0
:10B7AC001E080000540800000008000026070000D6
:10B7BC001E070000E90700000909000092090000BB
:10B7CC005E0800008D070000AD060000BF060000FB
:10B7DC00FC070000C40800002A07000067090000ED
:10B7EC000B0700003E05000079070000270500004C
:10B7FC009009000023060000620F00004F030000B8
:10B80C007F070000CB0100009C050000C207000070
:10B81C00B60C0000FD0F0000620C0000CC0800000C
:10B82C000301000004000000C70400006B0A0000C4
:10B83C008B0A0000470D0000E90C00001F0B0000F4
:10B84C00870200006F040000E307000013090000EA
:10B85C004A070000BC080000AD08000054090000B5
:10B86C006608000038080000E00500008F040000A6
:10B87C007707000058090000E70A0000440900009F
:10B88C00E809000011080000380600000E05000051
:10B89C0089060000BF070000060A0000040A000029
:10B8AC008C080000690700005C070000DE07000040
:10B8BC002C0800005B070000730700008A070000DB
:10B8CC0001080000F00800007C09000025090000B8
:10B8DC004E070000A40500003D060000D007000044
:10B8EC0030090000830900002F0900002A0800001D
:10B8FC00CD06000090060000C2070000C60800003C
:10B90C009F08000002080000730700004E070000AB
:10B91C0054080000F408000091080000C70700005C
:10B92C003807000016070000A00700006B08000095
:10B93C00CF080000A30800001B0800009D070000B2
:10B94C003707000095070000380800008A0800003F
:10B95C0050080000D507000099070000E50700001B
:10B96C00440800005208000027080000D00700001F
:10B97C00A6070000C60700001A08000042080000D5
:10B98C00270800001C080000F9070000CC07000085
:10B99C00CA070000DD0700000008000036080000A0
:10B9AC00510800002C080000DE070000B50700005D
:10B9BC00C2070000F20700001E0800002808000063
:10B9CC0016080000FF070000EA070000FF07000050
:10B9DC00200800003C080000A50800002B0900000E
:10B9EC004D07000025080000F70600003E08000087
:10B9FC00B1080000FA07000092080000CC05000016
:10BA0C00C10800000F0900003A070000B20700004F
:10BA1C0026080000D007000042080000AB07000019
:10BA2C0046080000EB070000BF0700001F080000DD
:10BA3C00DB0700000708000027080000480800008A
:10BA4C00E407000015080000F8070000EA070000F2
:10BA5C00D8070000FF070000F20700001A080000DA
:10BA6C00E0070000FB070000C407000022080000EC
:10BA7C00E107000018080000FA070000EE070000BC
:10BA8C00F8070000F90700001B0800001908000067
:10BA9C00FE070000E4070000000800000908000091
:10BAAC0015080000230800000B080000F90700002F
:10BABC00ED070000F6070000FC070000110800006D
:10BACC000C08000009080000F3070000FC07000048
:10BADC00FA070000E1070000120800000E08000041
:10BAEC002A080000EA0700001308000056080000AE
:10BAFC00EB070000D4070000F7070000F807000070
:10BB0C00ED070000110800001808000003080000F1
:10BB1C000D080000140800000D08000015080000B6
:10BB2C00DF07000036080000E507000021080000D0
:10BB3C00080800002B0800001D0800000508000084
:10BB4C00E60700001708000024080000BF070000EB
:10BB5C00D007000003080000EC07000022080000DA
:10BB6C0037080000F5070000F3070000F30700009A
:10BB7C00F9070000F7070000F807000002080000B2
:10BB8C0004080000FD07000000080000FE0700008C
:10BB9C00010800000008000002080000FD0700007A
:10BBAC000308000002080000FE070000FB0700006D
:10BBBC00FF07000001080000050800000108000054
:10BBCC0000080000CD070000FD0700000C08000075
:10BBDC00EF070000E90700009B080000420000008E
:10BBEC00FF0F00000600000096070000590A000035
:10BBFC00CD040000B10F0000D4050000A10C000022
:10BC0C009C050000D10900006F08000059060000D7
:10BC1C00A604000069060000140C00005206000087
:10BC2C00D0090000A9050000810800007C09000073
:10BC3C006A0800003F0A0000DE0500007D0B0000D2
:10BC4C00E606000017090000A20600003A070000F3
:10BC5C0012080000A706000066080000A9060000F4
:10BC6C00C5090000A80600004309000042070000B7
:10BC7C0093080000E80700001F080000F30700000D
:10BC8C00B60700007A080000440700006B080000AB
:10BC9C00B107000021080000D4070000F5070000E0
:10BCAC0013080000D907000033080000B807000093
:10BCBC001108000009080000FA070000060800003F
:10BCCC00F60700004C080000DE0700001808000012
:10BCDC00CA070000E4070000D907000014080000A0
:10BCEC001D0800001408000037080000E4070000DD
:10BCFC0011080000D4070000D00700000208000063
:10BD0C00F7070000F3070000EA07000037080000FF
:10BD1C0009080000270800000508000020080000A2
:10BD2C00EE070000E5070000FE0700000408000015
:10BD3C000A080000FB070000F2070000E207000001
:10BD4C0001080000060800000A0800000C080000AA
:10BD5C0003080000050800000008000005080000AA
:10BD6C00F807000009080000F6070000EB070000C8
:10BD7C00FC070000060800000D080000F807000092
:10BD8C00FF070000FA070000FE070000FF07000095
:10BD9C00F807000001080000FF0700000D08000074
:10BDAC00FC0700000708000001080000FA0700006B
:10BDBC0002080000000800000B0800000208000048
:10BDCC00EF070000FD0700000E080000000800004F
:10BDDC00010800007C07000022040000A3090000F9
:10BDEC008206000067080000400F0000850200007A
:10BDFC00AD050000EC040000FB0400006608000028
:10BE0C00B90D0000E90F0000980B0000FA070000C4
:10BE1C00010000000100000033060000660B00006A
:10BE2C00C20B0000AD0C0000C20D000001090000A7
:10BE3C003E000000610400008107000021090000A1
:10BE4C00F307000063090000A4090000DA080000F1
:10BE5C0023070000FE060000C90400008E04000049
:10BE6C0073080000F00A0000D90A0000170900004E
:10BE7C00D408000091060000AE0500003A05000051
:10BE8C0017070000DC070000AD0900006E0A000077
:10BE9C007C08000029070000960700000A08000033
:10BEAC00450700007206000051070000C2080000A0
:10BEBC00C2090000EF09000098080000B00700005C
:10BECC00200600008E06000028080000E90900008A
:10BEDC00790900001F08000042070000B9070000A4
:10BEEC00D607000052080000C2080000FC07000042
:10BEFC003C070000C5060000CE070000AB080000A0
:10BF0C007A090000B00800007D0700008C060000D4
:10BF1C001E070000FC070000B908000059080000CB
:10BF2C00F807000049070000A3070000C507000040
:10BF3C0083080000BA0800003E080000C00700009B
:10BF4C003F0700005807000031080000650800009A
:10BF5C009508000010080000750700007F0700001E
:10BF6C00DD070000540800006D08000035080000D3
:10BF7C00EE070000C90700002608000003080000B7
:10BF8C00F50700003B080000120800003408000010
:10BF9C0018080000B5070000DF070000EC070000E0
:10BFAC001008000024080000710800000C080000B4
:10BFBC00C5070000E8070000EB070000F4070000CD
:10BFCC002C0800000F080000E807000036080000ED
:10BFDC00D9080000C00700005C080000000A00003F
:10BFEC00A40A0000F60800003E0700005D070000F0
:10BFFC0072080000FC080000230800006106000025
:10C00C0067080000EC0900000C0800002007000085
:10C01C00E306000026080000590900006A0700002A
:10C02C00B1080000860700004C0800007D080000E5
:10C03C001C0800009307000044080000F9070000EA
:10C04C00BE070000F1070000F00700001308000015
:10C05C000308000037080000000800001108000069
:10C06C00CD07000009080000D40700002D080000CF
:10C07C00FC07000001080000E8070000ED070000C5
:10C08C00FE0700000E080000FF070000EA07000092
:10C09C00F2070000DF07000000080000170800008E
:10C0AC001A0800000A0800000B080000F507000041
:10C0BC00F5070000F607000010080000F907000063
:10C0CC00EC0700001F08000035080000DC0700002A
:10C0DC000B080000E7070000F9070000D607000076
:10C0EC00D5070000ED07000029080000EC07000050
:10C0FC00FB070000D40700000F080000F007000049
:10C10C0002080000DD07000008080000EC07000032
:10C11C0010080000100800000A08000006080000C3
:10C12C00FB070000FB0700000A080000F1070000F5
:10C13C00EE0700000A080000050800000E080000C9
:10C14C00070800000C080000FC070000F9070000BD
:10C15C00F5070000FB070000FA070000F6070000D7
:10C16C00F8070000FF070000FF0700000A080000A6
:10C17C00010800000308000002080000F907000095
:10C18C00FB070000F5070000010800000208000092
:10C19C00040800000108000000080000FF07000070
:10C1AC0002080000FD070000FC070000F907000072
:10C1BC00F8070000FC070000FE070000070800005D
:10C1CC000608000002080000FD070000FE07000042
:10C1DC000308000042080000E8060000D40F00002D
:10C1EC00380000004B0F00005F000000F90F00004A
:10C1FC002B020000D80A0000870100005106000045
:10C20C0086070000A8090000A80F0000540F0000CA
:10C21C007809000032080000000000001D01000039
:10C22C0060090000DB090000010D0000BC0C0000DF
:10C23C000B0D0000B40400009F0200007F060000FC
:10C24C000B0900002F0700009C0800004C080000A0
:10C25C0055090000A20800007F0800001407000028
:10C26C000A04000071060000610800009C0A00002E
:10C27C00EB090000A009000044090000D0060000F2
:10C28C0064050000B20500004E0700001E09000006
:10C29C007F0A000006090000D507000033070000E4
:10C2AC00900700004C08000099070000740700007C
:10C2BC0062070000DE07000062080000AF09000002
:10C2CC0068090000460800006F060000EE0500003B
:10C2DC001F0700008A0800006009000060090000C8
:10C2EC00E108000039070000960600001F07000057
:10C2FC006B080000C1080000530800009F070000F5
:10C30C0049070000D7070000DE080000BF08000046
:10C31C002E080000640700000A07000066070000F2
:10C32C0023080000BC080000CC0800004D080000E9
:10C33C00D50700006307000058070000EF07000056
:10C34C0075080000740800000D0800009907000033
:10C35C00B707000021080000550800003A0800004B
:10C36C00F7070000AC070000AB070000F107000066
:10C37C0044080000330800001F0800000D080000EE
:10C38C00DC070000C4070000D5070000F707000019
:10C39C00250800004A0800004508000000080000BD
:10C3AC00BC070000B7070000DF070000080800000A
:10C3BC002D0800001C08000002080000F107000016
:10C3CC00F10700001308000020080000E30700003C
:10C3DC009C0E000006000000FF0F00000000000093
:10C3EC00C50C00009606000018030000B90F0000F1
:10C3FC00820500006A0E000094050000280B000066
:10C40C002D0A000016040000A7070000CC0600004F
:10C41C00240A0000FF030000F2090000C00700001E
:10C42C00790900006C060000A70600000A0A00004B
:10C43C0062060000460B00006D060000910900002A
:10C44C0070060000520800001E080000A007000043
:10C45C006A080000D106000072090000BB0600004B
:10C46C00E20800004A070000BC080000E8070000D2
:10C47C003C08000035080000CA07000090080000C6
:10C48C005A0700007B080000B90700001C080000D8
:10C49C00C00700002A080000F7070000D6070000BC
:10C4AC003E080000BD07000025080000EB07000057
:10C4BC0027080000FE070000ED0700003B08000005
:10C4CC00D207000026080000E40700000608000060
:10C4DC00F7070000F00700000A080000E907000059
:10C4EC0036080000E4070000FA070000FD07000012
:10C4FC0000080000D0070000E80700002D0800002D
:10C50C00E00700000D080000070800002A080000E2
:10C51C000F0800000A080000060800000A080000C6
:10C52C00F707000002080000FC070000E607000007
:10C53C0006080000F90700001708000003080000B7
:10C54C00F4070000FD070000FB070000F9070000DE
:10C55C00F807000010080000F8070000FE070000B4
:10C56C0008080000F5070000FB07000002080000A7
:10C57C00070800000308000009080000EE0700008F
:10C58C00EA070000ED07000005080000080800009D
:10C59C000F08000002080000F0070000E007000090
:10C5AC00ED070000FA070000050800001208000063
:10C5BC001B0800001908000008080000FD07000017
:10C5CC00F507000026080000470700004B0A000092
:10C5DC003607000047080000D5080000AC09000031
:10C5EC0070080000D1070000420800003A07000064
:10C5FC00D6080000FE080000E80600003E08000017
:10C60C006C070000AC070000C3080000DA0700004C
:10C61C0070080000C4070000C60700008A0700006D
:10C62C007B07000074070000D90700000508000014
:10C63C00A707000001080000CE07000077080000E3
:10C64C00CB07000021080000EF070000C70700001F
:10C65C00D7070000E6070000DD0700002E080000E9
:10C66C001908000004080000280800001908000040
:10C67C00FE070000F507000009080000E6070000AF
:10C68C0003080000F507000002080000F80700008E
:10C69C00FD070000F007000006080000F807000086
:10C6AC0009080000FC070000FD070000EF07000070
:10C6BC00000800000708000000080000FC0700004C
:10C6CC000708000040080000010900006105000097
:10C6DC002E070000A1060000B0060000FE0F0000AF
:10C6EC00230100000A0A00004F0300009003000021
:10C6FC007808000039070000FF0F00002F0D000024
:10C70C00E10A00008E07000000000000F8000000A5
:10C71C0009040000CB080000C10D00009E0F0000B2
:10C72C00DF0C000079060000DA0300008E06000022
:10C73C00410700004A0500005008000003080000F3
:10C74C00D20A00001B0A0000FE09000001080000CC
:10C75C002C050000DA0400007A04000094070000A5
:10C76C00C6090000E70C0000A40B0000A2080000A2
:10C77C004A0500008704000066060000210900003D
:10C78C00960900007E080000B0070000C7070000F3
:10C79C002F08000052080000E30700001B070000F0
:10C7AC00270700000E080000280900007B09000084
:10C7BC003C0800007307000095060000E10600002D
:10C7CC002E08000064070000AE0700008D06000074
:10C7DC0036060000530900006F0400004E0C0000E8
:10C7EC004F0200000F0B0000980C000088030000A3
:10C7FC008C040000D6020000B705000044070000BE
:10C80C00DB0D0000FF0F0000350B00003C090000A1
:10C81C00000000000000000012060000860A000064
:10C82C00270B00002B0D0000EA0C0000D5090000BE
:10C83C0037020000F20400004E0800007C080000E3
:10C84C00A1070000C4080000DF0800002A0900004E
:10C85C00510800001E0800002A050000F604000024
:10C86C00BD070000B3090000C10A00003309000035
:10C87C00EE090000AC0700000106000017050000DF
:10C88C00CB060000F6070000410A0000CA090000B0
:10C89C005808000043070000680700000A08000061
:10C8AC00130800005B0700006A070000A6070000E1
:10C8BC001208000018090000A9090000F208000085
:10C8CC00E6060000CA0500007B060000F507000024
:10C8DC004E090000910900001E090000D20700005B
:10C8EC00A3060000B7060000E9070000C10800001D
:10C8FC00A5080000EB0700005D07000073070000AF
:10C90C007A080000EC0800008C080000AE0700005C
:10C91C002307000025070000CD0700008C0800004D
:10C92C00DE080000950800000E08000092070000C9
:10C93C003B070000AB070000480800008908000016
:10C94C003B080000C30700009B070000F60700002F
:10C95C004B080000490800001A080000CD07000031
:10C96C00A6070000CA0700002708000041080000C5
:10C97C00230800001B080000F9070000C70700008F
:10C98C00C6070000E1070000080800003C08000092
:10C99C004F08000026080000D4070000B107000073
:10C9AC00CB070000F6070000230800002A0800004F
:10C9BC000F080000F8070000ED0700000608000053
:10C9CC001F080000090800000E0900007507000090
:10C9DC00F7070000E80F000000000000780F0000CF
:10C9EC0046000000E80F0000EB010000A40B000063
:10C9FC00EE0100005F06000063070000740A0000EF
:10CA0C00F70F00001E0F0000060900007107000060
:10CA1C000000000068010000EE090000EC090000B5
:10CA2C00CE0C0000600C0000200D00006D04000016
:10CA3C00ED020000D30600002709000003070000E8
:10CA4C009F080000440800007209000096080000CE
:10CA5C0087080000EC06000006040000AA0600008F
:10CA6C0084080000B10A0000D1090000BF090000D1
:10CA7C0018090000B00600004C050000D5050000A8
:10CA8C006007000041090000700A0000F608000071
:10CA9C00C1070000360700009A0700004608000096
:10CAAC00830700006E07000063070000E407000026
:10CABC006F080000B90900004A090000F8070000DF
:10CACC002E060000E005000018070000AD0800006D
:10CADC008E0900002C090000BF0800003B07000075
:10CAEC0095060000380700007A080000C108000015
:10CAFC00420800009B07000051070000EB070000F4
:10CB0C00E4080000C10800002108000050070000E4
:10CB1C000C0700007207000033080000C00800007A
:10CB2C00D008000049080000CA07000055070000A3
:10CB3C0060070000F8070000730800007008000090
:10CB4C00000800009A070000BC070000280800003D
:10CB5C00550800003B080000EF070000A807000084
:10CB6C00B3070000F7070000440800003408000079
:10CB7C001F0800000C080000D8070000C2070000C6
:10CB8C00D7070000F7070000240800005108000038
:10CB9C0043080000FB070000BC070000B6070000BC
:10CBAC00E10700000C0800002D0800001C08000024
:10CBBC0001080000F1070000F30700001308000053
:10CBCC000F080000CF070000FE0F0000020000005D
:10CBDC00FB0F0000090000009F0F0000F107000090
:10CBEC0088050000E50E0000D6050000B209000023
:10CBFC0092060000AA0A0000E50700007905000073
:10CC0C00D5070000B207000085080000560500009B
:10CC1C001B0A0000F9070000DA080000BE0800003B
:10CC2C00750700008C090000BA0600007A080000A5
:10CC3C00CE0500006E090000A2050000C40700002C
:10CC4C00E007000051070000B8080000FC060000D7
:10CC5C00B20800002D070000DA090000DE06000013
:10CC6C00340900006E0700007F080000F707000081
:10CC7C00090800007F0800008D07000078080000FC
:10CC8C006807000017080000B90700000D08000035
:10CC9C00FA070000D807000027080000C2070000B0
:10CCAC001C080000F307000020080000FD0700002E
:10CCBC001208000041080000E307000018080000FB
:10CCCC00B2070000E3070000DA070000F7070000D6
:10CCDC00110800000408000031080000F3070000F0
:10CCEC0026080000DD0700000E080000D707000032
:10CCFC00EF0700001B080000ED07000017080000FC
:10CD0C000D0800001F08000008080000290800009A
:10CD1C0009080000F4070000F807000001080000F3
:10CD2C0023080000FE070000EA070000EC070000E3
:10CD3C00FB070000FC070000030800000D080000C2
:10CD4C00ED070000F60700000108000008080000CD
:10CD5C00FA070000F7070000F4070000FC070000CA
:10CD6C00060800000108000003080000FD07000091
:10CD7C00FC070000F807000006080000F907000097
:10CD8C00F907000008080000FF0700001108000068
:10CD9C00FE070000FF070000FD070000FD07000074
:10CDAC0004080000EF070000F8070000FA07000075
:10CDBC000008000002080000FD0700000408000045
:10CDCC00BC080000BC0A00009C000000170E00000C
:10CDDC00A3010000D30D0000760C000083050000B9
:10CDEC00C901000004060000D0050000C8080000BE
:10CDFC00240E0000F50F0000B80900007A080000AE
:10CE0C00000000000300000079080000A20A0000E6
:10CE1C00A10C0000D30B0000540E000052070000C0
:10CE2C0047010000F4030000500800004009000016
:10CE3C00FA0800008F090000A0090000EC080000AF
:10CE4C0013070000FD070000F60300006F0500004B
:10CE5C0084080000690B0000750A00003908000006
:10CE6C00040900005307000078050000620500006B
:10CE7C00AD070000160800007E0A0000770A0000CB
:10CE8C00F9070000D8060000BE0600008F0700005E
:10CE9C000A070000EA0600005E070000F80900001F
:10CEAC0095090000B70900003F0800000F070000BB
:10CEBC00570500006406000074080000B209000069
:10CECC00CF080000CE07000049070000C50700008E
:10CEDC00BC070000590800004E080000E5070000E0
:10CEEC0076070000C406000053070000F30800009A
:10CEFC002C090000A708000088070000B4060000F9
:10CF0C0043070000FF070000C8080000B10800003C
:10CF1C00460800007D0700008A070000F1070000AA
:10CF2C00120800004208000008080000F907000081
:10CF3C006D070000BC0700005C0800008F080000B3
:10CF4C007D08000018080000770700009207000019
:10CF5C00E607000037080000420800003B0800000C
:10CF6C00E20700008507000000080000F907000038
:10CF7C00E707000043080000FB070000360800002C
:10CF8C001D080000A4070000E10700000D080000C8
:10CF9C0002080000230800003D080000E60700001E
:10CFAC00CF070000D6070000FC070000F6070000C2
:10CFBC00F60700000B080000EF0700000708000050
:10CFCC003D080000160800001B080000BE09000008
:10CFDC00B40700001108000049060000ED0700002E
:10CFEC0001080000DF0600002907000022070000EE
:10CFFC004D090000390A0000100900000607000066
:10D00C0092080000370700005B0800005C07000076
:10D01C000F08000026080000620700008A080000C4
:10D02C00CE070000AB0700001C08000050080000F1
:10D03C00AE0700000B080000B1070000E507000078
:10D04C00F50700000F080000E907000007080000C2
:10D05C00A50700001C080000EA0700001A080000E1
:10D06C00F3070000ED070000F2070000F9070000CD
:10D07C00FD0700000908000018080000E90700007F
:10D08C00E9070000E6070000020800001208000093
:10D09C001F08000006080000FD070000EF07000055
:10D0AC00FB0700000508000007080000FD07000052
:10D0BC00EF070000E5070000C1070000DC070000D7
:10D0CC00FA07000048080000980700000608000056
:10D0DC000F0800001608000003080000E807000015
:10D0EC0020080000C80700000D080000E50700003C
:10D0FC00F0070000F107000013080000F90700001A
:10D10C00030800000C0800000508000000080000DF
:10D11C0004080000FC070000FF070000E607000001
:10D12C00FC0700001608000007080000FC070000C0
:10D13C00100800000F080000F50700000A080000A6
:10D14C00FD070000F8070000FB070000FF070000C8
:10D15C00040800000F080000030800000908000084
:10D16C00FF070000FF07000000080000F8070000A0
:10D17C00FA070000FA070000FF070000FC07000098
:10D18C000308000003080000FB070000FA0700007A
:10D19C000208000001080000FC070000FE07000068
:10D1AC00F9070000FE070000020800000808000054
:10D1BC000308000003080000FE070000F70700004A
:10D1CC00FF07000032070000F00700006F070000A7
:10D1DC004108000012070000EF0800008E05000057
:10D1EC00810700008A06000060070000830700002A
:10D1FC00C1060000470800004A070000DC070000D9
:10D20C008D0700007F070000EC070000600800009D
:10D21C00B9070000EC070000AE0700000108000091
:10D22C00D907000065080000230800006008000012
:10D23C000E080000CA070000BA070000F90700003A
:10D24C0091080000FA0700000E080000E907000032
:10D25C0036080000BE070000DB070000DA070000FC
:10D26C0001080000CA070000F9070000FD070000D4
:10D27C000408000008080000EB070000D2070000BB
:10D28C00DB070000F9070000180800000408000084
:10D29C00060800000708000004080000020800004F
:10D2AC00FC070000F807000012080000F20700005D
:10D2BC000908000000080000F8070000FA07000049
:10D2CC00020800001F080000C7070000410800000A
:10D2DC0008080000BE0700001E080000E50700005B
:10D2EC000808000001080000E0070000FA07000031
:10D2FC0020080000E707000012080000F8070000F3
:10D30C00F1070000010800000708000001080000F8
:10D31C00170800000608000004080000DF070000E2
:10D32C000508000000080000220800000F0800009B
:10D33C001008000010080000E807000006080000B4
:10D34C00090800000208000019080000000800008D
:10D35C000008000001080000FE070000FA070000AA
:10D36C00FB07000006080000FE070000FF07000096
:10D37C00030800000308000000080000FF0700007D
:10D38C000108000002080000FF070000FF07000072
:10D39C00FF070000FF070000FD0700000008000069
:10D3AC0002080000FB07000003080000FE07000055
:10D3BC0088080000E6070000FE07000033070000A5
:10D3CC00FE0F000006000000FC0F0000080000002B
:10D3DC00E50F000061040000B1080000F00D000032
:10D3EC001C0500002C0F0000ED070000300C0000A5
:10D3FC00B10400006E07000082080000570700000F
:10D40C00C308000075060000650900007D070000D8
:10D41C00A409000060080000F5070000C008000027
:10D42C002A060000A40800004C0500004A0A00006F
:10D43C00B3060000C208000057070000CF07000029
:10D44C00400800009E0600002D0A00009106000016
:10D45C002F090000240700002009000050070000DD
:10D46C00AD0800001E080000EB0700005E0800007D
:10D47C005C0700005E080000800700003808000010
:10D48C009307000022080000DD070000DF07000002
:10D49C002E080000C507000034080000D807000063
:10D4AC0035080000E6070000130800000E08000015
:10D4BC00DA07000027080000D30700001808000056
:10D4CC0005080000F607000012080000F307000032
:10D4DC00230800001A0800000108000013080000CF
:10D4EC00E0070000CE070000EE0700001F08000058
:10D4FC00B70700002A080000F00700001C08000015
:10D50C00F6070000ED070000E80700000508000022
:10D51C00F9070000F4070000FE07000003080000F4
:10D52C000C080000F30700000908000006080000C2
:10D53C000408000000080000F8070000F6070000CF
:10D54C00F90700000408000001080000F4070000BF
:10D55C00FF070000FF070000FE07000003080000A3
:10D56C00100800000A080000FC070000EE0700008D
:10D57C00ED070000ED0700000C0800001308000088
:10D58C000B08000002080000EC070000EB0700008D
:10D59C00F2070000F60700000B0800001908000055
:10D5AC00160800000D080000FE070000F10700003F
:10D5BC00F1070000C1070000FA080000090800008C
:10D5CC0002080000B1070000260500003708000023
:10D5DC005C07000062060000900800002E080000A6
:10D5EC00AA090000D6090000A707000037080000B0
:10D5FC003E070000420700000808000097080000E2
:10D60C00870800008E07000006080000A008000034
:10D61C0002080000060800007208000076080000EE
:10D62C0086070000D1070000F4070000E3070000A4
:10D63C0004080000BF070000FE070000CB07000035
:10D64C00EB070000F3070000F207000013080000CE
:10D65C0014080000FD070000150800000008000079
:10D66C00F30700000108000010080000F00700009C
:10D67C000308000002080000F8070000F80700008B
:10D68C00FC0700000108000003080000FB07000075
:10D69C00F8070000F4070000F6070000010800007E
:10D6AC00FB070000F5070000FE070000FD07000067
:10D6BC00B30700008F080000C80800002704000012
:10D6CC008C0A000017030000F8090000B40F0000DA
:10D6DC0099010000C9080000AE020000810400009E
:10D6EC001908000001090000FF0F00003E0C0000AB
:10D6FC00630B0000A905000002000000A801000057
:10D70C009204000074090000580E0000800F000005
:10D71C004B0C00009F05000017040000F5060000EC
:10D72C00BF0600009A0500005E08000062080000B9
:10D73C00CA0A0000160A0000D20900009B0700006C
:10D74C0002050000C9040000C90400000308000021
:10D75C00220A0000140D0000320B00002C080000FF
:10D76C00FA0400009B040000CF06000050090000E2
:10D77C008509000049080000AD070000CA07000039
:10D78C004408000051080000C20700001007000008
:10D79C003807000030080000500900005D09000047
:10D7AC001F08000054070000800600000A07000054
:10D7BC00600800000F080000E006000007060000EB
:10D7CC00310A0000EE06000017000000550E0000A4
:10D7DC00A4000000FF0F000053090000A505000085
:10D7EC00A5020000D3040000C2060000CD07000013
:10D7FC002C0F0000F70F00008C0A000051090000EC
:10D80C000100000000000000200700004E0A00008C
:10D81C00400B0000C70C0000B80D000055080000BC
:10D82C001402000082050000B40800004808000043
:10D83C00F907000069080000FD080000DB08000083
:10D84C0067080000D0070000B60400006205000065
:10D85C00E1070000F4090000860A000049090000F5
:10D86C00DB09000060070000D40500003C05000047
:10D87C00F0060000380800006F0A00009309000051
:10D88C003608000032070000700700002108000075
:10D89C00E60700005E07000063070000BD070000FC
:10D8AC002508000061090000AD090000E708000030
:10D8BC00E0060000BA050000DD0600003808000094
:10D8CC006609000076090000260900009B0700008D
:10D8DC009C060000BF06000029080000D3080000C9
:10D8EC0083080000C80700005307000081070000F0
:10D8FC008E080000F1080000760800009207000076
:10D90C001907000048070000EA0700009C08000007
:10D91C00DD08000085080000FC07000089070000F6
:10D92C003E070000BE070000510800008008000000
:10D93C0035080000B5070000A2070000020800002F
:10D94C004E0800004808000010080000C107000045
:10D95C00A4070000D40700002B0800003D080000BD
:10D96C002208000012080000EF070000C6070000A4
:10D97C00CB070000EB070000120800004408000071
:10D98C004C0800001F080000CF070000B107000082
:10D99C00CF0700000108000024080000290800003F
:10D9AC000A080000F6070000EE0700000A08000055
:10D9BC0019080000AD0800005B07000047060000D6
:10D9CC003B0800002507000085080000C309000083
:10D9DC00C70800001108000058090000DB05000012
:10D9EC00190700009F0800001C0800009B0700009E
:10D9FC0036080000FC070000BF070000DA07000033
:10DA0C004E080000D5070000C107000055080000B3
:10DA1C0071070000E0070000EC070000930800000D
:10DA2C00AB070000BB070000E7070000120800006E
:10DA3C00A0070000040800002408000003080000F0
:10DA4C008A070000A1070000E2070000FD070000A4
:10DA5C002E080000E50700000A0800000708000077
:10DA6C00ED07000006080000200800001008000068
:10DA7C0006080000EB070000FF070000FF0700008E
:10DA8C00220800001108000006080000F40700003E
:10DA9C00F0070000F907000007080000100800005C
:10DAAC000B08000000080000FB070000FB0700004B
:10DABC0007080000ED070000FA070000E807000067
:10DACC000808000000080000E9070000300800000A
:10DADC000F0800000608000001080000E507000020
:10DAEC00FB07000018080000E5070000F307000022
:10DAFC00FA0700001F08000012080000E2070000EF
:10DB0C003B080000FF0700000E0800004208000060
:10DB1C000A080000E90700000008000005080000E2
:10DB2C001E080000140800001E0800000A0800006F
:10DB3C0015080000D9070000EA070000E7070000FD
:10DB4C00150800001408000001080000F907000087
:10DB5C00FB070000FB070000FF07000004080000A3
:10DB6C0002080000FC070000FD0700000008000090
:10DB7C0003080000FD07000000080000FD0700007E
:10DB8C000008000001080000FD070000FA07000073
:10DB9C00FD0700000108000004080000FF0700005A
:10DBAC000108000005080000FB070000F207000058
:10DBBC00F807000079070000FD0F000006000000C8
:10DBCC00FB0F000001000000C70F0000CC0100009B
:10DBDC00EC060000D60C0000400500008A0C00008A
:10DBEC00370900002909000098070000CA06000048
:10DBFC00770B0000F40700004C080000EC05000057
:10DC0C00520900003C070000A7090000E7070000CC
:10DC1C00E6060000D5080000A8050000D90A00009F
:10DC2C00BF0400008209000085050000A408000064
:10DC3C001907000013080000430800004907000002
:10DC4C00340A00008006000088090000F20600007B
:10DC5C009F0900005F070000C6080000870700004E
:10DC6C002108000041080000610700008108000045
:10DC7C006C07000066080000D50700002B080000A8
:10DC8C00CB070000F407000026080000CF070000B7
:10DC9C003D080000DA07000018080000F707000034
:10DCAC003908000021080000FC070000F9070000FB
:10DCBC00B6070000FE070000E60700001D08000084
:10DCCC0014080000040800002A080000EE070000F9
:10DCDC0010080000FA070000ED070000EB07000039
:10DCEC000E080000F6070000DF070000FA0700002E
:10DCFC00F50700001E080000FF07000026080000C2
:10DD0C00EB070000FA070000E7070000F50700002A
:10DD1C000B080000FD070000E8070000F1070000F9
:10DD2C0006080000F60700000F0800000A080000B3
:10DD3C000308000005080000F40700000E080000AE
:10DD4C000108000000080000F80700000F080000A0
:10DD5C0002080000F807000005080000FE0700009C
:10DD6C0002080000FA07000005080000FE0700008A
:10DD7C00FA070000FB070000010800000208000081
:10DD8C000208000000080000F7070000FF07000071
:10DD9C0002080000FE070000010800000008000057
:10DDAC000708000003080000FD0700000908000038
:10DDBC00C40800003D0A0000EF000000C30E000084
:10DDCC0032010000FF0F0000EA070000A20800006B
:10DDDC00180000002C0700002507000008090000AF
:10DDEC00410E0000990F00002D0A0000AF07000043
:10DDFC00020000000C000000A5090000050B00004B
:10DE0C00100D0000C80B00004E0E00008F05000026
:10DE1C0040010000AA040000D709000063090000BB
:10DE2C00F8080000AF0800007C080000CD070000D7
:10DE3C002B070000AC06000019030000610600006F
:10DE4C000B090000E70B0000B00A0000630900009A
:10DE5C00BF08000021070000F0050000920500003B
:10DE6C007707000054080000EC0A0000650A000067
:10DE7C00EE07000024060000AE0700006B07000050
:10DE8C000B07000001070000E307000083090000F6
:10DE9C00D50900009309000051070000F9060000A5
:10DEAC00C70500003D06000098080000DC090000D2
:10DEBC00D00800009E0700004D070000D2070000AC
:10DECC005A0800004308000076080000F007000024
:10DEDC002107000091060000DD070000FE0800008D
:10DEEC009D0900005D080000540700003606000084
:10DEFC004F0700004D0800008B080000830800004D
:10DF0C00EB0700007907000074070000F20700001F
:10DF1C00130800004F080000300800000108000042
:10DF2C00C6070000A30700000E08000073080000DD
:10DF3C006F080000E6070000AE0700007F07000036
:10DF4C00D60700002C08000070080000160800001E
:10DF5C00A5070000B807000000080000F10700004A
:10DF6C00F0070000450800001F0800002208000010
:10DF7C0004080000C3070000D0070000F5070000EC
:10DF8C002F080000290800003408000010080000C9
:10DF9C00EF070000DE0700000C080000EB07000094
:10DFAC00120800000E080000F5070000030800002E
:10DFBC00BF080000A2070000490800005209000039
:10DFCC002A080000C50800009E0900007D0600001C
:10DFDC00D209000069080000BE0900009109000088
:10DFEC008308000039080000310800001B060000FF
:10DFFC000E09000037070000790800008F080000A8
:10E00C009407000018080000F10700005F080000EA
:10E01C0060080000C70700009F07000017080000F9
:10E02C009007000009080000DB070000440800000E
:10E03C0001080000320800002A0800001E08000039
:10E04C00D8070000210800000208000001080000A9
:10E05C000D080000E50700000B080000FF0700009A
:10E06C0004080000110800001C080000E107000073
:10E07C00ED070000E50700000C0800001408000084
:10E08C002208000001080000F9070000ED0700005D
:10E09C0003080000F9070000FF070000FE0700005E
:10E0AC00DD070000000800003D080000E10700004B
:10E0BC0017080000F50700002A080000FF07000001
:10E0CC00D107000009080000D50700000108000076
:10E0DC002B080000D80700001A08000006080000F2
:10E0EC00F0070000FA07000012080000F10700001A
:10E0FC001908000016080000FC070000FF070000CC
:10E10C00FB070000F707000000080000FC070000F8
:10E11C00EB070000E407000002080000FC07000009
:10E12C00110800000B080000FC070000FA070000B3
:10E13C00F6070000F8070000F107000008080000CF
:10E14C00060800000408000003080000090800008D
:10E15C00060800000708000004080000FA07000089
:10E16C00F5070000F6070000000800000108000099
:10E17C000508000000080000FE0700000108000070
:10E18C0003080000FE070000FE070000FC0700006B
:10E19C00F607000000080000FE0700000808000059
:10E1AC000808000002080000FC070000FA07000045
:10E1BC00F3070000D2070000870300000D0B0000DE
:10E1CC0075000000CF0E0000C3000000FF0F000020
:10E1DC0029020000D5080000B40100006006000010
:10E1EC0024070000CF0B0000F80F0000D90C000032
:10E1FC001E0900000F040000000000007F03000057
:10E20C00A30A0000660A0000520D00009E0C0000DC
:10E21C00370C0000E70200009B03000041070000E0
:10E22C00FA0800001A070000F00800007E08000041
:10E23C0072090000830800005F0800005A06000005
:10E24C004604000034070000F2080000DE0A00005B
:10E25C0077090000DC0900007F0800006806000058
:10E26C001B050000320600008B070000B9090000F6
:10E27C003D0A0000B1080000810700004E070000B5
:10E28C00C007000036080000690700007207000094
:10E29C007B070000F1070000AC080000EE0900004D
:10E2AC00470900008307000018060000160600004E
:10E2BC0082070000100900009E09000048090000B8
:10E2CC0088080000D60600009106000082070000B6
:10E2DC00B0080000B2080000200800008007000011
:10E2EC006707000011080000ED080000A9080000F5
:10E2FC00EA070000380700000F0700008E07000037
:10E30C005C080000D0080000AE08000025080000E2
:10E31C00BD07000045070000780700001B0800003F
:10E32C007C0800005A080000E60700009607000071
:10E33C00D70700003408000059080000330800001B
:10E34C00DF070000A0070000C10700000B08000059
:10E35C00450800002F0800001F08000002080000FC
:10E36C00CF070000C1070000DA070000FF0700001C
:10E37C002D0800004D08000035080000EB070000D8
:10E38C00B4070000BC070000EA07000016080000F4
:10E39C00280800001B080000FF070000ED07000024
:10E3AC00FB070000190800001108000049070000D5
:10E3BC00F70F000000000000F60F00001200000034
:10E3CC007F0F000031010000440A00004B070000E1
:10E3DC0036050000AB090000880300001F0900008F
:10E3EC004B050000860900007A080000AD0600000D
:10E3FC0020080000000600004B090000C9070000BF
:10E40C00310A0000240900009207000018090000DE
:10E41C00A10600003C09000053050000E4090000BF
:10E42C005205000082080000750600006508000017
:10E43C000F080000B706000090090000E00600007D
:10E44C0064090000390700003809000009070000C2
:10E45C00F208000072070000F707000040080000F7
:10E46C00780700006B0800008507000058080000C2
:10E47C00850700002F080000C40700001C080000DE
:10E48C0019080000D20700004B080000D10700005B
:10E49C0030080000E007000032080000000800000F
:10E4AC00E30700001E080000DA0700000708000060
:10E4BC00F30700000B080000F5070000FA07000046
:10E4CC000A080000D207000021080000D60700004F
:10E4DC00FB070000180800002508000002080000D7
:10E4EC00020800002D080000D7070000EF0700000D
:10E4FC00F907000022080000E707000013080000DD
:10E50C00F1070000F10700000308000000080000FC
:10E51C0002080000EF07000021080000F8070000C7
:10E52C00F6070000F0070000FB070000FD070000E5
:10E53C00EF0700000E0800000408000008080000A7
:10E54C00F1070000FA07000007080000130800009C
:10E55C000C0800001608000009080000E507000080
:10E56C00EA070000F5070000100800002208000070
:10E57C000B080000FC070000EC070000F00700008F
:10E58C00EE070000FA07000009080000240800004C
:10E59C002008000005080000FE070000FD07000031
:10E5AC00F90700009A0700005C09000054090000FC
:10E5BC0078070000F20600003D060000B4070000DA
:10E5CC00AE080000E707000051090000F807000042
:10E5DC002107000052080000B40600009506000058
:10E5EC00B0080000F10700000D080000F70700005C
:10E5FC005C080000EA070000E9070000C6070000FD
:10E60C001E08000005080000C9070000940800005F
:10E61C0037080000370800001C08000056080000EE
:10E62C00E50700002808000052080000F30700006E
:10E63C001F0800000F080000FE070000BC070000C8
:10E64C00F3070000F007000014080000E6070000C4
:10E65C00F10700000008000011080000F20700009C
:10E66C00FC0700000708000001080000F507000087
:10E67C00FF07000005080000F30700000208000077
:10E68C000508000003080000F5070000F207000071
:10E69C0005080000090800000B080000FF07000037
:10E6AC00AC07000067080000610900007803000057
:10E6BC00800C00003F010000A40C00002C0C00009A
:10E6CC003103000058070000CD010000D305000005
:10E6DC0055070000B60A0000FF0F0000A90B000050
:10E6EC00850B000008040000040000002D0200004F
:10E6FC0039050000190A0000E40E00001D0F00008F
:10E70C00900B000002050000660400001D070000CD
:10E71C002F060000180600003E080000F408000058
:10E72C00C40A00000E0A0000AE0900001D0700001C
:10E73C00ED0400009E040000090500006A080000BA
:10E74C008B0A0000210D0000D00A0000B807000061
:10E75C00BD040000BF040000400700007009000069
:10E76C006B0900001C080000B1070000DC0700006A
:10E77C004B0800004D0800009F0700000707000031
:10E78C00510700005D0800006F090000300900000F
:10E79C0003080000330700007A0600003C07000065
:10E7AC00580800004E090000FF0700000008000098
:10E7BC00000800000008000000080000000800002D
:10E7CC00000800000000000002000000040000002F
:10E7DC0006000000080000000A0000000C00000009
:10E7EC000E000000100000001200000014000000D9
:10E7FC0016000000180000001A0000001C000000A9
:10E80C001E00000020000000220000002400000078
:10E81C0026000000280000002A0000002C00000048
:10E82C002E00000030000000320000003400000018
:10E83C0036000000380000003A0000003C000000E8
:10E84C003E000000400000004200000044000000B8
:10E85C0046000000480000004A0000004C00000088
:10E86C004E00000050000000520000005400000058
:10E87C0056000000580000005A0000005C00000028
:10E88C005E000000600000006200000064000000F8
:10E89C0066000000680000006A0000006C000000C8
:10E8AC006E00000070000000720000007400000098
:10E8BC0076000000780000007A0000007C00000068
:10E8CC007E00000080000000820000008400000038
:10E8DC0086000000880000008A0000008C00000008
:10E8EC008E000000900000009200000094000000D8
:10E8FC0096000000980000009A0000009C000000A8
:10E90C009E000000A0000000A2000000A400000077
:10E91C00A6000000A8000000AA000000AC00000047
:10E92C00AE000000B0000000B2000000B400000017
:10E93C00B6000000B8000000BA000000BC000000E7
:10E94C00BE000000C0000000C2000000C4000000B7
:10E95C00C6000000C8000000CA000000CC00000087
:10E96C00CE000000D0000000D2000000D400000057
:10E97C00D6000000D8000000DA000000DC00000027
:10E98C00DE000000E0000000E2000000E4000000F7
:10E99C00E6000000E8000000EA000000EC000000C7
:10E9AC00EE000000F0000000F2000000F400000097
:10E9BC00F6000000F8000000FA000000FC00000067
:10E9CC00FE00000000010000020100000401000034
:10E9DC0006010000080100000A0100000C01000003
:10E9EC000E010000100100001201000014010000D3
:10E9FC0016010000180100001A0100001C010000A3
:10EA0C001E01000020010000220100002401000072
:10EA1C0026010000280100002A0100002C01000042
:10EA2C002E01000030010000320100003401000012
:10EA3C0036010000380100003A0100003C010000E2
:10EA4C003E010000400100004201000044010000B2
:10EA5C0046010000480100004A0100004C01000082
:10EA6C004E01000050010000520100005401000052
:10EA7C0056010000580100005A0100005C01000022
:10EA8C005E010000600100006201000064010000F2
:10EA9C0066010000680100006A0100006C010000C2
:10EAAC006E01000070010000720100007401000092
:10EABC0076010000780100007A0100007C01000062
:10EACC007E01000080010000820100008401000032
:10EADC0086010000880100008A0100008C01000002
:10EAEC008E010000900100009201000094010000D2
:10EAFC0096010000980100009A0100009C010000A2
:10EB0C009E010000A0010000A2010000A401000071
:10EB1C00A6010000A8010000AA010000AC01000041
:10EB2C00AE010000B0010000B2010000B401000011
:10EB3C00B6010000B8010000BA010000BC010000E1
:10EB4C00BE010000C0010000C2010000C4010000B1
:10EB5C00C6010000C8010000CA010000CC01000081
:10EB6C00CE010000D0010000D2010000D401000051
:10EB7C00D6010000D8010000DA010000DC01000021
:10EB8C00DE010000E0010000E2010000E4010000F1
:10EB9C00E6010000E8010000EA010000EC010000C1
:10EBAC00EE010000F0010000F2010000F401000091
:10EBBC00F6010000F8010000FA010000FC01000061
:10EBCC00FE0100000002000002020000040200002E
:10EBDC0006020000080200000A0200000C020000FD
:10EBEC000E020000100200001202000014020000CD
:10EBFC0016020000180200001A0200001C0200009D
:10EC0C001E0200002002000022020000240200006C
:10EC1C0026020000280200002A0200002C0200003C
:10EC2C002E0200003002000032020000340200000C
:10EC3C0036020000380200003A0200003C020000DC
:10EC4C003E020000400200004202000044020000AC
:10EC5C0046020000480200004A0200004C0200007C
:10EC6C004E0200005002000052020000540200004C
:10EC7C0056020000580200005A0200005C0200001C
:10EC8C005E020000600200006202000064020000EC
:10EC9C0066020000680200006A0200006C020000BC
:10ECAC006E0200007002000072020000740200008C
:10ECBC0076020000780200007A0200007C0200005C
:10ECCC007E0200008002000082020000840200002C
:10ECDC0086020000880200008A0200008C020000FC
:10ECEC008E020000900200009202000094020000CC
:10ECFC0096020000980200009A0200009C0200009C
:10ED0C009E020000A0020000A2020000A40200006B
:10ED1C00A6020000A8020000AA020000AC0200003B
:10ED2C00AE020000B0020000B2020000B40200000B
:10ED3C00B6020000B8020000BA020000BC020000DB
:10ED4C00BE020000C0020000C2020000C4020000AB
:10ED5C00C6020000C8020000CA020000CC0200007B
:10ED6C00CE020000D0020000D2020000D40200004B
:10ED7C00D6020000D8020000DA020000DC0200001B
:10ED8C00DE020000E0020000E2020000E4020000EB
:10ED9C00E6020000E8020000EA020000EC020000BB
:10EDAC00EE020000F0020000F2020000F40200008B
:10EDBC00F6020000F8020000FA020000FC0200005B
:10EDCC00FE02000000030000020300000403000028
:10EDDC0006030000080300000A0300000C030000F7
:10EDEC000E030000100300001203000014030000C7
:10EDFC0016030000180300001A0300001C03000097
:10EE0C001E03000020030000220300002403000066
:10EE1C0026030000280300002A0300002C03000036
:10EE2C002E03000030030000320300003403000006
:10EE3C0036030000380300003A0300003C030000D6
:10EE4C003E030000400300004203000044030000A6
:10EE5C0046030000480300004A0300004C03000076
:10EE6C004E03000050030000520300005403000046
:10EE7C0056030000580300005A0300005C03000016
:10EE8C005E030000600300006203000064030000E6
:10EE9C0066030000680300006A0300006C030000B6
:10EEAC006E03000070030000720300007403000086
:10EEBC0076030000780300007A0300007C03000056
:10EECC007E03000080030000820300008403000026
:10EEDC0086030000880300008A0300008C030000F6
:10EEEC008E030000900300009203000094030000C6
:10EEFC0096030000980300009A0300009C03000096
:10EF0C009E030000A0030000A2030000A403000065
:10EF1C00A6030000A8030000AA030000AC03000035
:10EF2C00AE030000B0030000B2030000B403000005
:10EF3C00B6030000B8030000BA030000BC030000D5
:10EF4C00BE030000C0030000C2030000C4030000A5
:10EF5C00C6030000C8030000CA030000CC03000075
:10EF6C00CE030000D0030000D2030000D403000045
:10EF7C00D6030000D8030000DA030000DC03000015
:10EF8C00DE030000E0030000E2030000E4030000E5
:10EF9C00E6030000E8030000EA030000EC030000B5
:10EFAC00EE030000F0030000F2030000F403000085
:10EFBC00F6030000F8030000FA030000FC03000055
:10EFCC00FE03000000040000020400000404000022
:10EFDC0006040000080400000A0400000C040000F1
:10EFEC000E040000100400001204000014040000C1
:10EFFC0016040000180400001A0400001C04000091
:10F00C001E04000020040000220400002404000060
:10F01C0026040000280400002A0400002C04000030
:10F02C002E04000030040000320400003404000000
:10F03C0036040000380400003A0400003C040000D0
:10F04C003E040000400400004204000044040000A0
:10F05C0046040000480400004A0400004C04000070
:10F06C004E04000050040000520400005404000040
:10F07C0056040000580400005A0400005C04000010
:10F08C005E040000600400006204000064040000E0
:10F09C0066040000680400006A0400006C040000B0
:10F0AC006E04000070040000720400007404000080
:10F0BC0076040000780400007A0400007C04000050
:10F0CC007E04000080040000820400008404000020
:10F0DC0086040000880400008A0400008C040000F0
:10F0EC008E040000900400009204000094040000C0
:10F0FC0096040000980400009A0400009C04000090
:10F10C009E040000A0040000A2040000A40400005F
:10F11C00A6040000A8040000AA040000AC0400002F
:10F12C00AE040000B0040000B2040000B4040000FF
:10F13C00B6040000B8040000BA040000BC040000CF
:10F14C00BE040000C0040000C2040000C40400009F
:10F15C00C6040000C8040000CA040000CC0400006F
:10F16C00CE040000D0040000D2040000D40400003F
:10F17C00D6040000D8040000DA040000DC0400000F
:10F18C00DE040000E0040000E2040000E4040000DF
:10F19C00E6040000E8040000EA040000EC040000AF
:10F1AC00EE040000F0040000F2040000F40400007F
:10F1BC00F6040000F8040000FA040000FC0400004F
:10F1CC00FE0400000005000002050000040500001C
:10F1DC0006050000080500000A0500000C050000EB
:10F1EC000E050000100500001205000014050000BB
:10F1FC0016050000180500001A0500001C0500008B
:10F20C001E0500002005000022050000240500005A
:10F21C0026050000280500002A0500002C0500002A
:10F22C002E050000300500003205000034050000FA
:10F23C0036050000380500003A0500003C050000CA
:10F24C003E0500004005000042050000440500009A
:10F25C0046050000480500004A0500004C0500006A
:10F26C004E0500005005000052050000540500003A
:10F27C0056050000580500005A0500005C0500000A
:10F28C005E050000600500006205000064050000DA
:10F29C0066050000680500006A0500006C050000AA
:10F2AC006E0500007005000072050000740500007A
:10F2BC0076050000780500007A0500007C0500004A
:10F2CC007E0500008005000082050000840500001A
:10F2DC0086050000880500008A0500008C050000EA
:10F2EC008E050000900500009205000094050000BA
:10F2FC0096050000980500009A0500009C0500008A
:10F30C009E050000A0050000A2050000A405000059
:10F31C00A6050000A8050000AA050000AC05000029
:10F32C00AE050000B0050000B2050000B4050000F9
:10F33C00B6050000B8050000BA050000BC050000C9
:10F34C00BE050000C0050000C2050000C405000099
:10F35C00C6050000C8050000CA050000CC05000069
:10F36C00CE050000D0050000D2050000D405000039
:10F37C00D6050000D8050000DA050000DC05000009
:10F38C00DE050000E0050000E2050000E4050000D9
:10F39C00E6050000E8050000EA050000EC050000A9
:10F3AC00EE050000F0050000F2050000F405000079
:10F3BC00F6050000F8050000FA050000FC05000049
:10F3CC00FE05000000060000020600000406000016
:10F3DC0006060000080600000A0600000C060000E5
:10F3EC000E060000100600001206000014060000B5
:10F3FC0016060000180600001A0600001C06000085
:10F40C001E06000020060000220600002406000054
:10F41C0026060000280600002A0600002C06000024
:10F42C002E060000300600003206000034060000F4
:10F43C0036060000380600003A0600003C060000C4
:10F44C003E06000040060000420600004406000094
:10F45C0046060000480600004A0600004C06000064
:10F46C004E06000050060000520600005406000034
:10F47C0056060000580600005A0600005C06000004
:10F48C005E060000600600006206000064060000D4
:10F49C0066060000680600006A0600006C060000A4
:10F4AC006E06000070060000720600007406000074
:10F4BC0076060000780600007A0600007C06000044
:10F4CC007E06000080060000820600008406000014
:10F4DC0086060000880600008A0600008C060000E4
:10F4EC008E060000900600009206000094060000B4
:10F4FC0096060000980600009A0600009C06000084
:10F50C009E060000A0060000A2060000A406000053
:10F51C00A6060000A8060000AA060000AC06000023
:10F52C00AE060000B0060000B2060000B4060000F3
:10F53C00B6060000B8060000BA060000BC060000C3
:10F54C00BE060000C0060000C2060000C406000093
:10F55C00C6060000C8060000CA060000CC06000063
:10F56C00CE060000D0060000D2060000D406000033
:10F57C00D6060000D8060000DA060000DC06000003
:10F58C00DE060000E0060000E2060000E4060000D3
:10F59C00E6060000E8060000EA060000EC060000A3
:10F5AC00EE060000F0060000F2060000F406000073
:10F5BC00F6060000F8060000FA060000FC06000043
:10F5CC00FE06000000070000020700000407000010
:10F5DC0006070000080700000A0700000C070000DF
:10F5EC000E070000100700001207000014070000AF
:10F5FC0016070000180700001A0700001C0700007F
:10F60C001E0700002007000022070000240700004E
:10F61C0026070000280700002A0700002C0700001E
:10F62C002E070000300700003207000034070000EE
:10F63C0036070000380700003A0700003C070000BE
:10F64C003E0700004007000042070000440700008E
:10F65C0046070000480700004A0700004C0700005E
:10F66C004E0700005007000052070000540700002E
:10F67C0056070000580700005A0700005C070000FE
:10F68C005E070000600700006207000064070000CE
:10F69C0066070000680700006A0700006C0700009E
:10F6AC006E0700007007000072070000740700006E
:10F6BC0076070000780700007A0700007C0700003E
:10F6CC007E0700008007000082070000840700000E
:10F6DC0086070000880700008A0700008C070000DE
:10F6EC008E070000900700009207000094070000AE
:10F6FC0096070000980700009A0700009C0700007E
:10F70C009E070000A0070000A2070000A40700004D
:10F71C00A6070000A8070000AA070000AC0700001D
:10F72C00AE070000B0070000B2070000B4070000ED
:10F73C00B6070000B8070000BA070000BC070000BD
:10F74C00BE070000C0070000C2070000C40700008D
:10F75C00C6070000C8070000CA070000CC0700005D
:10F76C00CE070000D0070000D2070000D40700002D
:10F77C00D6070000D8070000DA070000DC070000FD
:10F78C00DE070000E0070000E2070000E4070000CD
:10F79C00E6070000E8070000EA070000EC0700009D
:10F7AC00EE070000F0070000F2070000F40700006D
:10F7BC00F6070000F8070000FA070000FC0700003D
:10F7CC00FE07000001080000030800000508000007
:10F7DC0007080000090800000B0800000D080000D5
:10F7EC000F080000110800001308000015080000A5
:10F7FC0017080000190800001B0800001D08000075
:10F80C001F08000021080000230800002508000044
:10F81C0027080000290800002B0800002D08000014
:10F82C002F080000310800003308000035080000E4
:10F83C0037080000390800003B0800003D080000B4
:10F84C003F08000041080000430800004508000084
:10F85C0047080000490800004B0800004D08000054
:10F86C004F08000051080000530800005508000024
:10F87C0057080000590800005B0800005D080000F4
:10F88C005F080000610800006308000065080000C4
:10F89C0067080000690800006B0800006D08000094
:10F8AC006F08000071080000730800007508000064
:10F8BC0077080000790800007B0800007D08000034
:10F8CC007F08000081080000830800008508000004
:10F8DC0087080000890800008B0800008D080000D4
:10F8EC008F080000910800009308000095080000A4
:10F8FC0097080000990800009B0800009D08000074
:10F90C009F080000A1080000A3080000A508000043
:10F91C00A7080000A9080000AB080000AD08000013
:10F92C00AF080000B1080000B3080000B5080000E3
:10F93C00B7080000B9080000BB080000BD080000B3
:10F94C00BF080000C1080000C3080000C508000083
:10F95C00C7080000C9080000CB080000CD08000053
:10F96C00CF080000D1080000D3080000D508000023
:10F97C00D7080000D9080000DB080000DD080000F3
:10F98C00DF080000E1080000E3080000E5080000C3
:10F99C00E7080000E9080000EB080000ED08000093
:10F9AC00EF080000F1080000F3080000F508000063
:10F9BC00F7080000F9080000FB080000FD08000033
:10F9CC00FF08000001090000030900000509000000
:10F9DC0007090000090900000B0900000D090000CF
:10F9EC000F0900001109000013090000150900009F
:10F9FC0017090000190900001B0900001D0900006F
:10FA0C001F0900002109000023090000250900003E
:10FA1C0027090000290900002B0900002D0900000E
:10FA2C002F090000310900003309000035090000DE
:10FA3C0037090000390900003B0900003D090000AE
:10FA4C003F0900004109000043090000450900007E
:10FA5C0047090000490900004B0900004D0900004E
:10FA6C004F0900005109000053090000550900001E
:10FA7C0057090000590900005B0900005D090000EE
:10FA8C005F090000610900006309000065090000BE
:10FA9C0067090000690900006B0900006D0900008E
:10FAAC006F0900007109000073090000750900005E
:10FABC0077090000790900007B0900007D0900002E
:10FACC007F090000810900008309000085090000FE
:10FADC0087090000890900008B0900008D090000CE
:10FAEC008F0900009109000093090000950900009E
:10FAFC0097090000990900009B0900009D0900006E
:10FB0C009F090000A1090000A3090000A50900003D
:10FB1C00A7090000A9090000AB090000AD0900000D
:10FB2C00AF090000B1090000B3090000B5090000DD
:10FB3C00B7090000B9090000BB090000BD090000AD
:10FB4C00BF090000C1090000C3090000C50900007D
:10FB5C00C7090000C9090000CB090000CD0900004D
:10FB6C00CF090000D1090000D3090000D50900001D
:10FB7C00D7090000D9090000DB090000DD090000ED
:10FB8C00DF090000E1090000E3090000E5090000BD
:10FB9C00E7090000E9090000EB090000ED0900008D
:10FBAC00EF090000F1090000F3090000F50900005D
:10FBBC00F7090000F9090000FB090000FD0900002D
:10FBCC00FF090000010A0000030A0000050A0000FA
:10FBDC00070A0000090A00000B0A00000D0A0000C9
:10FBEC000F0A0000110A0000130A0000150A000099
:10FBFC00170A0000190A00001B0A00001D0A000069
:10FC0C001F0A0000210A0000230A0000250A000038
:10FC1C00270A0000290A00002B0A00002D0A000008
:10FC2C002F0A0000310A0000330A0000350A0000D8
:10FC3C00370A0000390A00003B0A00003D0A0000A8
:10FC4C003F0A0000410A0000430A0000450A000078
:10FC5C00470A0000490A00004B0A00004D0A000048
:10FC6C004F0A0000510A0000530A0000550A000018
:10FC7C00570A0000590A00005B0A00005D0A0000E8
:10FC8C005F0A0000610A0000630A0000650A0000B8
:10FC9C00670A0000690A00006B0A00006D0A000088
:10FCAC006F0A0000710A0000730A0000750A000058
:10FCBC00770A0000790A00007B0A00007D0A000028
:10FCCC007F0A0000810A0000830A0000850A0000F8
:10FCDC00870A0000890A00008B0A00008D0A0000C8
:10FCEC008F0A0000910A0000930A0000950A000098
:10FCFC00970A0000990A00009B0A00009D0A000068
:10FD0C009F0A0000A10A0000A30A0000A50A000037
:10FD1C00A70A0000A90A0000AB0A0000AD0A000007
:10FD2C00AF0A0000B10A0000B30A0000B50A0000D7
:10FD3C00B70A0000B90A0000BB0A0000BD0A0000A7
:10FD4C00BF0A0000C10A0000C30A0000C50A000077
:10FD5C00C70A0000C90A0000CB0A0000CD0A000047
:10FD6C00CF0A0000D10A0000D30A0000D50A000017
:10FD7C00D70A0000D90A0000DB0A0000DD0A0000E7
:10FD8C00DF0A0000E10A0000E30A0000E50A0000B7
:10FD9C00E70A0000E90A0000EB0A0000ED0A000087
:10FDAC00EF0A0000F10A0000F30A0000F50A000057
:10FDBC00F70A0000F90A0000FB0A0000FD0A000027
:10FDCC00FF0A0000010B0000030B0000050B0000F4
:10FDDC00070B0000090B00000B0B00000D0B0000C3
:10FDEC000F0B0000110B0000130B0000150B000093
:10FDFC00170B0000190B00001B0B00001D0B000063
:10FE0C001F0B0000210B0000230B0000250B000032
:10FE1C00270B0000290B00002B0B00002D0B000002
:10FE2C002F0B0000310B0000330B0000350B0000D2
:10FE3C00370B0000390B00003B0B00003D0B0000A2
:10FE4C003F0B0000410B0000430B0000450B000072
:10FE5C00470B0000490B00004B0B00004D0B000042
:10FE6C004F0B0000510B0000530B0000550B000012
:10FE7C00570B0000590B00005B0B00005D0B0000E2
:10FE8C005F0B0000610B0000630B0000650B0000B2
:10FE9C00670B0000690B00006B0B00006D0B000082
:10FEAC006F0B0000710B0000730B0000750B000052
:10FEBC00770B0000790B00007B0B00007D0B000022
:10FECC007F0B0000810B0000830B0000850B0000F2
:10FEDC00870B0000890B00008B0B00008D0B0000C2
:10FEEC008F0B0000910B0000930B0000950B000092
:10FEFC00970B0000990B00009B0B00009D0B000062
:10FF0C009F0B0000A10B0000A30B0000A50B000031
:10FF1C00A70B0000A90B0000AB0B0000AD0B000001
:10FF2C00AF0B0000B10B0000B30B0000B50B0000D1
:10FF3C00B70B0000B90B0000BB0B0000BD0B0000A1
:10FF4C00BF0B0000C10B0000C30B0000C50B000071
:10FF5C00C70B0000C90B0000CB0B0000CD0B000041
:10FF6C00CF0B0000D10B0000D30B0000D50B000011
:10FF7C00D70B0000D90B0000DB0B0000DD0B0000E1
:10FF8C00DF0B0000E10B0000E30B0000E50B0000B1
:10FF9C00E70B0000E90B0000EB0B0000ED0B000081
:10FFAC00EF0B0000F10B0000F30B0000F50B000051
:10FFBC00F70B0000F90B0000FB0B0000FD0B000021
:10FFCC00FF0B0000010C0000030C0000050C0000EE
:10FFDC00070C0000090C00000B0C00000D0C0000BD
:10FFEC000F0C0000110C0000130C0000150C00008D
:04FFFC00170C0000DE
:020000040801F1
:10000000190C00001B0C00001D0C00001F0C000050
:10001000210C0000230C0000250C0000270C000020
:10002000290C00002B0C00002D0C00002F0C0000F0
:10003000310C0000330C0000350C0000370C0000C0
:10004000390C00003B0C00003D0C00003F0C000090
:10005000410C0000430C0000450C0000470C000060
:10006000490C00004B0C00004D0C00004F0C000030
:10007000510C0000530C0000550C0000570C000000
:10008000590C00005B0C00005D0C00005F0C0000D0
:10009000610C0000630C0000650C0000670C0000A0
:1000A000690C00006B0C00006D0C00006F0C000070
:1000B000710C0000730C0000750C0000770C000040
:1000C000790C00007B0C00007D0C00007F0C000010
:1000D000810C0000830C0000850C0000870C0000E0
:1000E000890C00008B0C00008D0C00008F0C0000B0
:1000F000910C0000930C0000950C0000970C000080
:10010000990C00009B0C00009D0C00009F0C00004F
:10011000A10C0000A30C0000A50C0000A70C00001F
:10012000A90C0000AB0C0000AD0C0000AF0C0000EF
:10013000B10C0000B30C0000B50C0000B70C0000BF
:10014000B90C0000BB0C0000BD0C0000BF0C00008F
:10015000C10C0000C30C0000C50C0000C70C00005F
:10016000C90C0000CB0C0000CD0C0000CF0C00002F
:10017000D10C0000D30C0000D50C0000D70C0000FF
:10018000D90C0000DB0C0000DD0C0000DF0C0000CF
:10019000E10C0000E30C0000E50C0000E70C00009F
:1001A000E90C0000EB0C0000ED0C0000EF0C00006F
:1001B000F10C0000F30C0000F50C0000F70C00003F
:1001C000F90C0000FB0C0000FD0C0000FF0C00000F
:1001D000010D0000030D0000050D0000070D0000DB
:1001E000090D00000B0D00000D0D00000F0D0000AB
:1001F000110D0000130D0000150D0000170D00007B
:10020000190D00001B0D00001D0D00001F0D00004A
:10021000210D0000230D0000250D0000270D00001A
:10022000290D00002B0D00002D0D00002F0D0000EA
:10023000310D0000330D0000350D0000370D0000BA
:10024000390D00003B0D00003D0D00003F0D00008A
:10025000410D0000430D0000450D0000470D00005A
:10026000490D00004B0D00004D0D00004F0D00002A
:10027000510D0000530D0000550D0000570D0000FA
:10028000590D00005B0D00005D0D00005F0D0000CA
:10029000610D0000630D0000650D0000670D00009A
:1002A000690D00006B0D00006D0D00006F0D00006A
:1002B000710D0000730D0000750D0000770D00003A
:1002C000790D00007B0D00007D0D00007F0D00000A
:1002D000810D0000830D0000850D0000870D0000DA
:1002E000890D00008B0D00008D0D00008F0D0000AA
:1002F000910D0000930D0000950D0000970D00007A
:10030000990D00009B0D00009D0D00009F0D000049
:10031000A10D0000A30D0000A50D0000A70D000019
:10032000A90D0000AB0D0000AD0D0000AF0D0000E9
:10033000B10D0000B30D0000B50D0000B70D0000B9
:10034000B90D0000BB0D0000BD0D0000BF0D000089
:10035000C10D0000C30D0000C50D0000C70D000059
:10036000C90D0000CB0D0000CD0D0000CF0D000029
:10037000D10D0000D30D0000D50D0000D70D0000F9
:10038000D90D0000DB0D0000DD0D0000DF0D0000C9
:10039000E10D0000E30D0000E50D0000E70D000099
:1003A000E90D0000EB0D0000ED0D0000EF0D000069
:1003B000F10D0000F30D0000F50D0000F70D000039
:1003C000F90D0000FB0D0000FD0D0000FF0D000009
:1003D000010E0000030E0000050E0000070E0000D5
:1003E000090E00000B0E00000D0E00000F0E0000A5
:1003F000110E0000130E0000150E0000170E000075
:10040000190E00001B0E00001D0E00001F0E000044
:10041000210E0000230E0000250E0000270E000014
:10042000290E00002B0E00002D0E00002F0E0000E4
:10043000310E0000330E0000350E0000370E0000B4
:10044000390E00003B0E00003D0E00003F0E000084
:10045000410E0000430E0000450E0000470E000054
:10046000490E00004B0E00004D0E00004F0E000024
:10047000510E0000530E0000550E0000570E0000F4
:10048000590E00005B0E00005D0E00005F0E0000C4
:10049000610E0000630E0000650E0000670E000094
:1004A000690E00006B0E00006D0E00006F0E000064
:1004B000710E0000730E0000750E0000770E000034
:1004C000790E00007B0E00007D0E00007F0E000004
:1004D000810E0000830E0000850E0000870E0000D4
:1004E000890E00008B0E00008D0E00008F0E0000A4
:1004F000910E0000930E0000950E0000970E000074
:10050000990E00009B0E00009D0E00009F0E000043
:10051000A10E0000A30E0000A50E0000A70E000013
:10052000A90E0000AB0E0000AD0E0000AF0E0000E3
:10053000B10E0000B30E0000B50E0000B70E0000B3
:10054000B90E0000BB0E0000BD0E0000BF0E000083
:10055000C10E0000C30E0000C50E0000C70E000053
:10056000C90E0000CB0E0000CD0E0000CF0E000023
:10057000D10E0000D30E0000D50E0000D70E0000F3
:10058000D90E0000DB0E0000DD0E0000DF0E0000C3
:10059000E10E0000E30E0000E50E0000E70E000093
:1005A000E90E0000EB0E0000ED0E0000EF0E000063
:1005B000F10E0000F30E0000F50E0000F70E000033
:1005C000F90E0000FB0E0000FD0E0000FF0E000003
:1005D000010F0000030F0000050F0000070F0000CF
:1005E000090F00000B0F00000D0F00000F0F00009F
:1005F000110F0000130F0000150F0000170F00006F
:10060000190F00001B0F00001D0F00001F0F00003E
:10061000210F0000230F0000250F0000270F00000E
:10062000290F00002B0F00002D0F00002F0F0000DE
:10063000310F0000330F0000350F0000370F0000AE
:10064000390F00003B0F00003D0F00003F0F00007E
:10065000410F0000430F0000450F0000470F00004E
:10066000490F00004B0F00004D0F00004F0F00001E
:10067000510F0000530F0000550F0000570F0000EE
:10068000590F00005B0F00005D0F00005F0F0000BE
:10069000610F0000630F0000650F0000670F00008E
:1006A000690F00006B0F00006D0F00006F0F00005E
:1006B000710F0000730F0000750F0000770F00002E
:1006C000790F00007B0F00007D0F00007F0F0000FE
:1006D000810F0000830F0000850F0000870F0000CE
:1006E000890F00008B0F00008D0F00008F0F00009E
:1006F000910F0000930F0000950F0000970F00006E
:10070000990F00009B0F00009D0F00009F0F00003D
:10071000A10F0000A30F0000A50F0000A70F00000D
:10072000A90F0000AB0F0000AD0F0000AF0F0000DD
:10073000B10F0000B30F0000B50F0000B70F0000AD
:10074000B90F0000BB0F0000BD0F0000BF0F00007D
:10075000C10F0000C30F0000C50F0000C70F00004D
:10076000C90F0000CB0F0000CD0F0000CF0F00001D
:10077000D10F0000D30F0000D50F0000D70F0000ED
:10078000D90F0000DB0F0000DD0F0000DF0F0000BD
:10079000E10F0000E30F0000E50F0000E70F00008D
:1007A000E90F0000EB0F0000ED0F0000EF0F00005D
:1007B000F10F0000F30F0000F50F0000F70F00002D
:1007C000F90F0000FB0F0000FD0F0000FF0F0000FD
:1007D000FF0F0000FD0F0000FB0F0000F90F0000ED
:1007E000F70F0000F50F0000F30F0000F10F0000FD
:1007F000EF0F0000ED0F0000EB0F0000E90F00000D
:10080000E70F0000E50F0000E30F0000E10F00001C
:10081000DF0F0000DD0F0000DB0F0000D90F00002C
:10082000D70F0000D50F0000D30F0000D10F00003C
:10083000CF0F0000CD0F0000CB0F0000C90F00004C
:10084000C70F0000C50F0000C30F0000C10F00005C
:10085000BF0F0000BD0F0000BB0F0000B90F00006C
:10086000B70F0000B50F0000B30F0000B10F00007C
:10087000AF0F0000AD0F0000AB0F0000A90F00008C
:10088000A70F0000A50F0000A30F0000A10F00009C
:100890009F0F00009D0F00009B0F0000990F0000AC
:1008A000970F0000950F0000930F0000910F0000BC
:1008B0008F0F00008D0F00008B0F0000890F0000CC
:1008C000870F0000850F0000830F0000810F0000DC
:1008D0007F0F00007D0F00007B0F0000790F0000EC
:1008E000770F0000750F0000730F0000710F0000FC
:1008F0006F0F00006D0F00006B0F0000690F00000C
:10090000670F0000650F0000630F0000610F00001B
:100910005F0F00005D0F00005B0F0000590F00002B
:10092000570F0000550F0000530F0000510F00003B
:100930004F0F00004D0F00004B0F0000490F00004B
:10094000470F0000450F0000430F0000410F00005B
:100950003F0F00003D0F00003B0F0000390F00006B
:10096000370F0000350F0000330F0000310F00007B
:100970002F0F00002D0F00002B0F0000290F00008B
:10098000270F0000250F0000230F0000210F00009B
:100990001F0F00001D0F00001B0F0000190F0000AB
:1009A000170F0000150F0000130F0000110F0000BB
:1009B0000F0F00000D0F00000B0F0000090F0000CB
:1009C000070F0000050F0000030F0000010F0000DB
:1009D000FF0E0000FD0E0000FB0E0000F90E0000EF
:1009E000F70E0000F50E0000F30E0000F10E0000FF
:1009F000EF0E0000ED0E0000EB0E0000E90E00000F
:100A0000E70E0000E50E0000E30E0000E10E00001E
:100A1000DF0E0000DD0E0000DB0E0000D90E00002E
:100A2000D70E0000D50E0000D30E0000D10E00003E
:100A3000CF0E0000CD0E0000CB0E0000C90E00004E
:100A4000C70E0000C50E0000C30E0000C10E00005E
:100A5000BF0E0000BD0E0000BB0E0000B90E00006E
:100A6000B70E0000B50E0000B30E0000B10E00007E
:100A7000AF0E0000AD0E0000AB0E0000A90E00008E
:100A8000A70E0000A50E0000A30E0000A10E00009E
:100A90009F0E00009D0E00009B0E0000990E0000AE
:100AA000970E0000950E0000930E0000910E0000BE
:100AB0008F0E00008D0E00008B0E0000890E0000CE
:100AC000870E0000850E0000830E0000810E0000DE
:100AD0007F0E00007D0E00007B0E0000790E0000EE
:100AE000770E0000750E0000730E0000710E0000FE
:100AF0006F0E00006D0E00006B0E0000690E00000E
:100B0000670E0000650E0000630E0000610E00001D
:100B10005F0E00005D0E00005B0E0000590E00002D
:100B2000570E0000550E0000530E0000510E00003D
:100B30004F0E00004D0E00004B0E0000490E00004D
:100B4000470E0000450E0000430E0000410E00005D
:100B50003F0E00003D0E00003B0E0000390E00006D
:100B6000370E0000350E0000330E0000310E00007D
:100B70002F0E00002D0E00002B0E0000290E00008D
:100B8000270E0000250E0000230E0000210E00009D
:100B90001F0E00001D0E00001B0E0000190E0000AD
:100BA000170E0000150E0000130E0000110E0000BD
:100BB0000F0E00000D0E00000B0E0000090E0000CD
:100BC000070E0000050E0000030E0000010E0000DD
:100BD000FF0D0000FD0D0000FB0D0000F90D0000F1
:100BE000F70D0000F50D0000F30D0000F10D000001
:100BF000EF0D0000ED0D0000EB0D0000E90D000011
:100C0000E70D0000E50D0000E30D0000E10D000020
:100C1000DF0D0000DD0D0000DB0D0000D90D000030
:100C2000D70D0000D50D0000D30D0000D10D000040
:100C3000CF0D0000CD0D0000CB0D0000C90D000050
:100C4000C70D0000C50D0000C30D0000C10D000060
:100C5000BF0D0000BD0D0000BB0D0000B90D000070
:100C6000B70D0000B50D0000B30D0000B10D000080
:100C7000AF0D0000AD0D0000AB0D0000A90D000090
:100C8000A70D0000A50D0000A30D0000A10D0000A0
:100C90009F0D00009D0D00009B0D0000990D0000B0
:100CA000970D0000950D0000930D0000910D0000C0
:100CB0008F0D00008D0D00008B0D0000890D0000D0
:100CC000870D0000850D0000830D0000810D0000E0
:100CD0007F0D00007D0D00007B0D0000790D0000F0
:100CE000770D0000750D0000730D0000710D000000
:100CF0006F0D00006D0D00006B0D0000690D000010
:100D0000670D0000650D0000630D0000610D00001F
:100D10005F0D00005D0D00005B0D0000590D00002F
:100D2000570D0000550D0000530D0000510D00003F
:100D30004F0D00004D0D00004B0D0000490D00004F
:100D4000470D0000450D0000430D0000410D00005F
:100D50003F0D00003D0D00003B0D0000390D00006F
:100D6000370D0000350D0000330D0000310D00007F
:100D70002F0D00002D0D00002B0D0000290D00008F
:100D8000270D0000250D0000230D0000210D00009F
:100D90001F0D00001D0D00001B0D0000190D0000AF
:100DA000170D0000150D0000130D0000110D0000BF
:100DB0000F0D00000D0D00000B0D0000090D0000CF
:100DC000070D0000050D0000030D0000010D0000DF
:100DD000FF0C0000FD0C0000FB0C0000F90C0000F3
:100DE000F70C0000F50C0000F30C0000F10C000003
:100DF000EF0C0000ED0C0000EB0C0000E90C000013
:100E0000E70C0000E50C0000E30C0000E10C000022
:100E1000DF0C0000DD0C0000DB0C0000D90C000032
:100E2000D70C0000D50C0000D30C0000D10C000042
:100E3000CF0C0000CD0C0000CB0C0000C90C000052
:100E4000C70C0000C50C0000C30C0000C10C000062
:100E5000BF0C0000BD0C0000BB0C0000B90C000072
:100E6000B70C0000B50C0000B30C0000B10C000082
:100E7000AF0C0000AD0C0000AB0C0000A90C000092
:100E8000A70C0000A50C0000A30C0000A10C0000A2
:100E90009F0C00009D0C00009B0C0000990C0000B2
:100EA000970C0000950C0000930C0000910C0000C2
:100EB0008F0C00008D0C00008B0C0000890C0000D2
:100EC000870C0000850C0000830C0000810C0000E2
:100ED0007F0C00007D0C00007B0C0000790C0000F2
:100EE000770C0000750C0000730C0000710C000002
:100EF0006F0C00006D0C00006B0C0000690C000012
:100F0000670C0000650C0000630C0000610C000021
:100F10005F0C00005D0C00005B0C0000590C000031
:100F2000570C0000550C0000530C0000510C000041
:100F30004F0C00004D0C00004B0C0000490C000051
:100F4000470C0000450C0000430C0000410C000061
:100F50003F0C00003D0C00003B0C0000390C000071
:100F6000370C0000350C0000330C0000310C000081
:100F70002F0C00002D0C00002B0C0000290C000091
:100F8000270C0000250C0000230C0000210C0000A1
:100F90001F0C00001D0C00001B0C0000190C0000B1
:100FA000170C0000150C0000130C0000110C0000C1
:100FB0000F0C00000D0C00000B0C0000090C0000D1
:100FC000070C0000050C0000030C0000010C0000E1
:100FD000FF0B0000FD0B0000FB0B0000F90B0000F5
:100FE000F70B0000F50B0000F30B0000F10B000005
:100FF000EF0B0000ED0B0000EB0B0000E90B000015
:10100000E70B0000E50B0000E30B0000E10B000024
:10101000DF0B0000DD0B0000DB0B0000D90B000034
:10102000D70B0000D50B0000D30B0000D10B000044
:10103000CF0B0000CD0B0000CB0B0000C90B000054
:10104000C70B0000C50B0000C30B0000C10B000064
:10105000BF0B0000BD0B0000BB0B0000B90B000074
:10106000B70B0000B50B0000B30B0000B10B000084
:10107000AF0B0000AD0B0000AB0B0000A90B000094
:10108000A70B0000A50B0000A30B0000A10B0000A4
:101090009F0B00009D0B00009B0B0000990B0000B4
:1010A000970B0000950B0000930B0000910B0000C4
:1010B0008F0B00008D0B00008B0B0000890B0000D4
:1010C000870B0000850B0000830B0000810B0000E4
:1010D0007F0B00007D0B00007B0B0000790B0000F4
:1010E000770B0000750B0000730B0000710B000004
:1010F0006F0B00006D0B00006B0B0000690B000014
:10110000670B0000650B0000630B0000610B000023
:101110005F0B00005D0B00005B0B0000590B000033
:10112000570B0000550B0000530B0000510B000043
:101130004F0B00004D0B00004B0B0000490B000053
:10114000470B0000450B0000430B0000410B000063
:101150003F0B00003D0B00003B0B0000390B000073
:10116000370B0000350B0000330B0000310B000083
:101170002F0B00002D0B00002B0B0000290B000093
:10118000270B0000250B0000230B0000210B0000A3
:101190001F0B00001D0B00001B0B0000190B0000B3
:1011A000170B0000150B0000130B0000110B0000C3
:1011B0000F0B00000D0B00000B0B0000090B0000D3
:1011C000070B0000050B0000030B0000010B0000E3
:1011D000FF0A0000FD0A0000FB0A0000F90A0000F7
:1011E000F70A0000F50A0000F30A0000F10A000007
:1011F000EF0A0000ED0A0000EB0A0000E90A000017
:10120000E70A0000E50A0000E30A0000E10A000026
:10121000DF0A0000DD0A0000DB0A0000D90A000036
:10122000D70A0000D50A0000D30A0000D10A000046
:10123000CF0A0000CD0A0000CB0A0000C90A000056
:10124000C70A0000C50A0000C30A0000C10A000066
:10125000BF0A0000BD0A0000BB0A0000B90A000076
:10126000B70A0000B50A0000B30A0000B10A000086
:10127000AF0A0000AD0A0000AB0A0000A90A000096
:10128000A70A0000A50A0000A30A0000A10A0000A6
:101290009F0A00009D0A00009B0A0000990A0000B6
:1012A000970A0000950A0000930A0000910A0000C6
:1012B0008F0A00008D0A00008B0A0000890A0000D6
:1012C000870A0000850A0000830A0000810A0000E6
:1012D0007F0A00007D0A00007B0A0000790A0000F6
:1012E000770A0000750A0000730A0000710A000006
:1012F0006F0A00006D0A00006B0A0000690A000016
:10130000670A0000650A0000630A0000610A000025
:101310005F0A00005D0A00005B0A0000590A000035
:10132000570A0000550A0000530A0000510A000045
:101330004F0A00004D0A00004B0A0000490A000055
:10134000470A0000450A0000430A0000410A000065
:101350003F0A00003D0A00003B0A0000390A000075
:10136000370A0000350A0000330A0000310A000085
:101370002F0A00002D0A00002B0A0000290A000095
:10138000270A0000250A0000230A0000210A0000A5
:101390001F0A00001D0A00001B0A0000190A0000B5
:1013A000170A0000150A0000130A0000110A0000C5
:1013B0000F0A00000D0A00000B0A0000090A0000D5
:1013C000070A0000050A0000030A0000010A0000E5
:1013D000FF090000FD090000FB090000F9090000F9
:1013E000F7090000F5090000F3090000F109000009
:1013F000EF090000ED090000EB090000E909000019
:10140000E7090000E5090000E3090000E109000028
:10141000DF090000DD090000DB090000D909000038
:10142000D7090000D5090000D3090000D109000048
:10143000CF090000CD090000CB090000C909000058
:10144000C7090000C5090000C3090000C109000068
:10145000BF090000BD090000BB090000B909000078
:10146000B7090000B5090000B3090000B109000088
:10147000AF090000AD090000AB090000A909000098
:10148000A7090000A5090000A3090000A1090000A8
:101490009F0900009D0900009B09000099090000B8
:1014A00097090000950900009309000091090000C8
:1014B0008F0900008D0900008B09000089090000D8
:1014C00087090000850900008309000081090000E8
:1014D0007F0900007D0900007B09000079090000F8
:1014E0007709000075090000730900007109000008
:1014F0006F0900006D0900006B0900006909000018
:101500006709000065090000630900006109000027
:101510005F0900005D0900005B0900005909000037
:101520005709000055090000530900005109000047
:101530004F0900004D0900004B0900004909000057
:101540004709000045090000430900004109000067
:101550003F0900003D0900003B0900003909000077
:101560003709000035090000330900003109000087
:101570002F0900002D0900002B0900002909000097
:1015800027090000250900002309000021090000A7
:101590001F0900001D0900001B09000019090000B7
:1015A00017090000150900001309000011090000C7
:1015B0000F0900000D0900000B09000009090000D7
:1015C00007090000050900000309000001090000E7
:1015D000FF080000FD080000FB080000F9080000FB
:1015E000F7080000F5080000F3080000F10800000B
:1015F000EF080000ED080000EB080000E90800001B
:10160000E7080000E5080000E3080000E10800002A
:10161000DF080000DD080000DB080000D90800003A
:10162000D7080000D5080000D3080000D10800004A
:10163000CF080000CD080000CB080000C90800005A
:10164000C7080000C5080000C3080000C10800006A
:10165000BF080000BD080000BB080000B90800007A
:10166000B7080000B5080000B3080000B10800008A
:10167000AF080000AD080000AB080000A90800009A
:10168000A7080000A5080000A3080000A1080000AA
:101690009F0800009D0800009B08000099080000BA
:1016A00097080000950800009308000091080000CA
:1016B0008F0800008D0800008B08000089080000DA
:1016C00087080000850800008308000081080000EA
:1016D0007F0800007D0800007B08000079080000FA
:1016E000770800007508000073080000710800000A
:1016F0006F0800006D0800006B080000690800001A
:101700006708000065080000630800006108000029
:101710005F0800005D0800005B0800005908000039
:101720005708000055080000530800005108000049
:101730004F0800004D0800004B0800004908000059
:101740004708000045080000430800004108000069
:101750003F0800003D0800003B0800003908000079
:101760003708000035080000330800003108000089
:101770002F0800002D0800002B0800002908000099
:1017800027080000250800002308000021080000A9
:101790001F0800001D0800001B08000019080000B9
:1017A00017080000150800001308000011080000C9
:1017B0000F0800000D0800000B08000009080000D9
:1017C00007080000050800000308000001080000E9
:1017D000FE070000FC070000FA070000F807000001
:1017E000F6070000F4070000F2070000F007000011
:1017F000EE070000EC070000EA070000E807000021
:10180000E6070000E4070000E2070000E007000030
:10181000DE070000DC070000DA070000D807000040
:10182000D6070000D4070000D2070000D007000050
:10183000CE070000CC070000CA070000C807000060
:10184000C6070000C4070000C2070000C007000070
:10185000BE070000BC070000BA070000B807000080
:10186000B6070000B4070000B2070000B007000090
:10187000AE070000AC070000AA070000A8070000A0
:10188000A6070000A4070000A2070000A0070000B0
:101890009E0700009C0700009A07000098070000C0
:1018A00096070000940700009207000090070000D0
:1018B0008E0700008C0700008A07000088070000E0
:1018C00086070000840700008207000080070000F0
:1018D0007E0700007C0700007A0700007807000000
:1018E0007607000074070000720700007007000010
:1018F0006E0700006C0700006A0700006807000020
:10190000660700006407000062070000600700002F
:101910005E0700005C0700005A070000580700003F
:10192000560700005407000052070000500700004F
:101930004E0700004C0700004A070000480700005F
:10194000460700004407000042070000400700006F
:101950003E0700003C0700003A070000380700007F
:10196000360700003407000032070000300700008F
:101970002E0700002C0700002A070000280700009F
:1019800026070000240700002207000020070000AF
:101990001E0700001C0700001A07000018070000BF
:1019A00016070000140700001207000010070000CF
:1019B0000E0700000C0700000A07000008070000DF
:1019C00006070000040700000207000000070000EF
:1019D000FE060000FC060000FA060000F806000003
:1019E000F6060000F4060000F2060000F006000013
:1019F000EE060000EC060000EA060000E806000023
:101A0000E6060000E4060000E2060000E006000032
:101A1000DE060000DC060000DA060000D806000042
:101A2000D6060000D4060000D2060000D006000052
:101A3000CE060000CC060000CA060000C806000062
:101A4000C6060000C4060000C2060000C006000072
:101A5000BE060000BC060000BA060000B806000082
:101A6000B6060000B4060000B2060000B006000092
:101A7000AE060000AC060000AA060000A8060000A2
:101A8000A6060000A4060000A2060000A0060000B2
:101A90009E0600009C0600009A06000098060000C2
:101AA00096060000940600009206000090060000D2
:101AB0008E0600008C0600008A06000088060000E2
:101AC00086060000840600008206000080060000F2
:101AD0007E0600007C0600007A0600007806000002
:101AE0007606000074060000720600007006000012
:101AF0006E0600006C0600006A0600006806000022
:101B00006606000064060000620600006006000031
:101B10005E0600005C0600005A0600005806000041
:101B20005606000054060000520600005006000051
:101B30004E0600004C0600004A0600004806000061
:101B40004606000044060000420600004006000071
:101B50003E0600003C0600003A0600003806000081
:101B60003606000034060000320600003006000091
:101B70002E0600002C0600002A06000028060000A1
:101B800026060000240600002206000020060000B1
:101B90001E0600001C0600001A06000018060000C1
:101BA00016060000140600001206000010060000D1
:101BB0000E0600000C0600000A06000008060000E1
:101BC00006060000040600000206000000060000F1
:101BD000FE050000FC050000FA050000F805000005
:101BE000F6050000F4050000F2050000F005000015
:101BF000EE050000EC050000EA050000E805000025
:101C0000E6050000E4050000E2050000E005000034
:101C1000DE050000DC050000DA050000D805000044
:101C2000D6050000D4050000D2050000D005000054
:101C3000CE050000CC050000CA050000C805000064
:101C4000C6050000C4050000C2050000C005000074
:101C5000BE050000BC050000BA050000B805000084
:101C6000B6050000B4050000B2050000B005000094
:101C7000AE050000AC050000AA050000A8050000A4
:101C8000A6050000A4050000A2050000A0050000B4
:101C90009E0500009C0500009A05000098050000C4
:101CA00096050000940500009205000090050000D4
:101CB0008E0500008C0500008A05000088050000E4
:101CC00086050000840500008205000080050000F4
:101CD0007E0500007C0500007A0500007805000004
:101CE0007605000074050000720500007005000014
:101CF0006E0500006C0500006A0500006805000024
:101D00006605000064050000620500006005000033
:101D10005E0500005C0500005A0500005805000043
:101D20005605000054050000520500005005000053
:101D30004E0500004C0500004A0500004805000063
:101D40004605000044050000420500004005000073
:101D50003E0500003C0500003A0500003805000083
:101D60003605000034050000320500003005000093
:101D70002E0500002C0500002A05000028050000A3
:101D800026050000240500002205000020050000B3
:101D90001E0500001C0500001A05000018050000C3
:101DA00016050000140500001205000010050000D3
:101DB0000E0500000C0500000A05000008050000E3
:101DC00006050000040500000205000000050000F3
:101DD000FE040000FC040000FA040000F804000007
:101DE000F6040000F4040000F2040000F004000017
:101DF000EE040000EC040000EA040000E804000027
:101E0000E6040000E4040000E2040000E004000036
:101E1000DE040000DC040000DA040000D804000046
:101E2000D6040000D4040000D2040000D004000056
:101E3000CE040000CC040000CA040000C804000066
:101E4000C6040000C4040000C2040000C004000076
:101E5000BE040000BC040000BA040000B804000086
:101E6000B6040000B4040000B2040000B004000096
:101E7000AE040000AC040000AA040000A8040000A6
:101E8000A6040000A4040000A2040000A0040000B6
:101E90009E0400009C0400009A04000098040000C6
:101EA00096040000940400009204000090040000D6
:101EB0008E0400008C0400008A04000088040000E6
:101EC00086040000840400008204000080040000F6
:101ED0007E0400007C0400007A0400007804000006
:101EE0007604000074040000720400007004000016
:101EF0006E0400006C0400006A0400006804000026
:101F00006604000064040000620400006004000035
:101F10005E0400005C0400005A0400005804000045
:101F20005604000054040000520400005004000055
:101F30004E0400004C0400004A0400004804000065
:101F40004604000044040000420400004004000075
:101F50003E0400003C0400003A0400003804000085
:101F60003604000034040000320400003004000095
:101F70002E0400002C0400002A04000028040000A5
:101F800026040000240400002204000020040000B5
:101F90001E0400001C0400001A04000018040000C5
:101FA00016040000140400001204000010040000D5
:101FB0000E0400000C0400000A04000008040000E5
:101FC00006040000040400000204000000040000F5
:101FD000FE030000FC030000FA030000F803000009
:101FE000F6030000F4030000F2030000F003000019
:101FF000EE030000EC030000EA030000E803000029
:10200000E6030000E4030000E2030000E003000038
:10201000DE030000DC030000DA030000D803000048
:10202000D6030000D4030000D2030000D003000058
:10203000CE030000CC030000CA030000C803000068
:10204000C6030000C4030000C2030000C003000078
:10205000BE030000BC030000BA030000B803000088
:10206000B6030000B4030000B2030000B003000098
:10207000AE030000AC030000AA030000A8030000A8
:10208000A6030000A4030000A2030000A0030000B8
:102090009E0300009C0300009A03000098030000C8
:1020A00096030000940300009203000090030000D8
:1020B0008E0300008C0300008A03000088030000E8
:1020C00086030000840300008203000080030000F8
:1020D0007E0300007C0300007A0300007803000008
:1020E0007603000074030000720300007003000018
:1020F0006E0300006C0300006A0300006803000028
:102100006603000064030000620300006003000037
:102110005E0300005C0300005A0300005803000047
:102120005603000054030000520300005003000057
:102130004E0300004C0300004A0300004803000067
:102140004603000044030000420300004003000077
:102150003E0300003C0300003A0300003803000087
:102160003603000034030000320300003003000097
:102170002E0300002C0300002A03000028030000A7
:1021800026030000240300002203000020030000B7
:102190001E0300001C0300001A03000018030000C7
:1021A00016030000140300001203000010030000D7
:1021B0000E0300000C0300000A03000008030000E7
:1021C00006030000040300000203000000030000F7
:1021D000FE020000FC020000FA020000F80200000B
:1021E000F6020000F4020000F2020000F00200001B
:1021F000EE020000EC020000EA020000E80200002B
:10220000E6020000E4020000E2020000E00200003A
:10221000DE020000DC020000DA020000D80200004A
:10222000D6020000D4020000D2020000D00200005A
:10223000CE020000CC020000CA020000C80200006A
:10224000C6020000C4020000C2020000C00200007A
:10225000BE020000BC020000BA020000B80200008A
:10226000B6020000B4020000B2020000B00200009A
:10227000AE020000AC020000AA020000A8020000AA
:10228000A6020000A4020000A2020000A0020000BA
:102290009E0200009C0200009A02000098020000CA
:1022A00096020000940200009202000090020000DA
:1022B0008E0200008C0200008A02000088020000EA
:1022C00086020000840200008202000080020000FA
:1022D0007E0200007C0200007A020000780200000A
:1022E000760200007402000072020000700200001A
:1022F0006E0200006C0200006A020000680200002A
:102300006602000064020000620200006002000039
:102310005E0200005C0200005A0200005802000049
:102320005602000054020000520200005002000059
:102330004E0200004C0200004A0200004802000069
:102340004602000044020000420200004002000079
:102350003E0200003C0200003A0200003802000089
:102360003602000034020000320200003002000099
:102370002E0200002C0200002A02000028020000A9
:1023800026020000240200002202000020020000B9
:102390001E0200001C0200001A02000018020000C9
:1023A00016020000140200001202000010020000D9
:1023B0000E0200000C0200000A02000008020000E9
:1023C00006020000040200000202000000020000F9
:1023D000FE010000FC010000FA010000F80100000D
:1023E000F6010000F4010000F2010000F00100001D
:1023F000EE010000EC010000EA010000E80100002D
:10240000E6010000E4010000E2010000E00100003C
:10241000DE010000DC010000DA010000D80100004C
:10242000D6010000D4010000D2010000D00100005C
:10243000CE010000CC010000CA010000C80100006C
:10244000C6010000C4010000C2010000C00100007C
:10245000BE010000BC010000BA010000B80100008C
:10246000B6010000B4010000B2010000B00100009C
:10247000AE010000AC010000AA010000A8010000AC
:10248000A6010000A4010000A2010000A0010000BC
:102490009E0100009C0100009A01000098010000CC
:1024A00096010000940100009201000090010000DC
:1024B0008E0100008C0100008A01000088010000EC
:1024C00086010000840100008201000080010000FC
:1024D0007E0100007C0100007A010000780100000C
:1024E000760100007401000072010000700100001C
:1024F0006E0100006C0100006A010000680100002C
:10250000660100006401000062010000600100003B
:102510005E0100005C0100005A010000580100004B
:10252000560100005401000052010000500100005B
:102530004E0100004C0100004A010000480100006B
:10254000460100004401000042010000400100007B
:102550003E0100003C0100003A010000380100008B
:10256000360100003401000032010000300100009B
:102570002E0100002C0100002A01000028010000AB
:1025800026010000240100002201000020010000BB
:102590001E0100001C0100001A01000018010000CB
:1025A00016010000140100001201000010010000DB
:1025B0000E0100000C0100000A01000008010000EB
:1025C00006010000040100000201000000010000FB
:1025D000FE000000FC000000FA000000F80000000F
:1025E000F6000000F4000000F2000000F00000001F
:1025F000EE000000EC000000EA000000E80000002F
:10260000E6000000E4000000E2000000E00000003E
:10261000DE000000DC000000DA000000D80000004E
:10262000D6000000D4000000D2000000D00000005E
:10263000CE000000CC000000CA000000C80000006E
:10264000C6000000C4000000C2000000C00000007E
:10265000BE000000BC000000BA000000B80000008E
:10266000B6000000B4000000B2000000B00000009E
:10267000AE000000AC000000AA000000A8000000AE
:10268000A6000000A4000000A2000000A0000000BE
:102690009E0000009C0000009A00000098000000CE
:1026A00096000000940000009200000090000000DE
:1026B0008E0000008C0000008A00000088000000EE
:1026C00086000000840000008200000080000000FE
:1026D0007E0000007C0000007A000000780000000E
:1026E000760000007400000072000000700000001E
:1026F0006E0000006C0000006A000000680000002E
:10270000660000006400000062000000600000003D
:102710005E0000005C0000005A000000580000004D
:10272000560000005400000052000000500000005D
:102730004E0000004C0000004A000000480000006D
:10274000460000004400000042000000400000007D
:102750003E0000003C0000003A000000380000008D
:10276000360000003400000032000000300000009D
:102770002E0000002C0000002A00000028000000AD
:1027800026000000240000002200000020000000BD
:102790001E0000001C0000001A00000018000000CD
:1027A00016000000140000001200000010000000DD
:1027B0000E0000000C0000000A00000008000000ED
:1027C00006000000040000000200000000000000FD
:1027D00000000000010000000200000003000000F3
:1027E00004000000050000000600000007000000D3
:1027F00008000000090000000A0000000B000000B3
:102800000C0000000D0000000E0000000F00000092
:102810001000000011000000120000001300000072
:102820001400000015000000160000001700000052
:1028300018000000190000001A0000001B00000032
:102840001C0000001D0000001E0000001F00000012
:1028500020000000210000002200000023000000F2
:1028600024000000250000002600000027000000D2
:1028700028000000290000002A0000002B000000B2
:102880002C0000002D0000002E0000002F00000092
:102890003000000031000000320000003300000072
:1028A0003400000035000000360000003700000052
:1028B00038000000390000003A0000003B00000032
:1028C0003C0000003D0000003E0000003F00000012
:1028D00040000000410000004200000043000000F2
:1028E00044000000450000004600000047000000D2
:1028F00048000000490000004A0000004B000000B2
:102900004C0000004D0000004E0000004F00000091
:102910005000000051000000520000005300000071
:102920005400000055000000560000005700000051
:1029300058000000590000005A0000005B00000031
:102940005C0000005D0000005E0000005F00000011
:1029500060000000610000006200000063000000F1
:1029600064000000650000006600000067000000D1
:1029700068000000690000006A0000006B000000B1
:102980006C0000006D0000006E0000006F00000091
:102990007000000071000000720000007300000071
:1029A0007400000075000000760000007700000051
:1029B00078000000790000007A0000007B00000031
:1029C0007C0000007D0000007E0000007F00000011
:1029D00080000000810000008200000083000000F1
:1029E00084000000850000008600000087000000D1
:1029F00088000000890000008A0000008B000000B1
:102A00008C0000008D0000008E0000008F00000090
:102A10009000000091000000920000009300000070
:102A20009400000095000000960000009700000050
:102A300098000000990000009A0000009B00000030
:102A40009C0000009D0000009E0000009F00000010
:102A5000A0000000A1000000A2000000A3000000F0
:102A6000A4000000A5000000A6000000A7000000D0
:102A7000A8000000A9000000AA000000AB000000B0
:102A8000AC000000AD000000AE000000AF00000090
:102A9000B0000000B1000000B2000000B300000070
:102AA000B4000000B5000000B6000000B700000050
:102AB000B8000000B9000000BA000000BB00000030
:102AC000BC000000BD000000BE000000BF00000010
:102AD000C0000000C1000000C2000000C3000000F0
:102AE000C4000000C5000000C6000000C7000000D0
:102AF000C8000000C9000000CA000000CB000000B0
:102B0000CC000000CD000000CE000000CF0000008F
:102B1000D0000000D1000000D2000000D30000006F
:102B2000D4000000D5000000D6000000D70000004F
:102B3000D8000000D9000000DA000000DB0000002F
:102B4000DC000000DD000000DE000000DF0000000F
:102B5000E0000000E1000000E2000000E3000000EF
:102B6000E4000000E5000000E6000000E7000000CF
:102B7000E8000000E9000000EA000000EB000000AF
:102B8000EC000000ED000000EE000000EF0000008F
:102B9000F0000000F1000000F2000000F30000006F
:102BA000F4000000F5000000F6000000F70000004F
:102BB000F8000000F9000000FA000000FB0000002F
:102BC000FC000000FD000000FE000000FF0000000F
:102BD00000010000010100000201000003010000EB
:102BE00004010000050100000601000007010000CB
:102BF00008010000090100000A0100000B010000AB
:102C00000C0100000D0100000E0100000F0100008A
:102C1000100100001101000012010000130100006A
:102C2000140100001501000016010000170100004A
:102C300018010000190100001A0100001B0100002A
:102C40001C0100001D0100001E0100001F0100000A
:102C500020010000210100002201000023010000EA
:102C600024010000250100002601000027010000CA
:102C700028010000290100002A0100002B010000AA
:102C80002C0100002D0100002E0100002F0100008A
:102C9000300100003101000032010000330100006A
:102CA000340100003501000036010000370100004A
:102CB00038010000390100003A0100003B0100002A
:102CC0003C0100003D0100003E0100003F0100000A
:102CD00040010000410100004201000043010000EA
:102CE00044010000450100004601000047010000CA
:102CF00048010000490100004A0100004B010000AA
:102D00004C0100004D0100004E0100004F01000089
:102D10005001000051010000520100005301000069
:102D20005401000055010000560100005701000049
:102D300058010000590100005A0100005B01000029
:102D40005C0100005D0100005E0100005F01000009
:102D500060010000610100006201000063010000E9
:102D600064010000650100006601000067010000C9
:102D700068010000690100006A0100006B010000A9
:102D80006C0100006D0100006E0100006F01000089
:102D90007001000071010000720100007301000069
:102DA0007401000075010000760100007701000049
:102DB00078010000790100007A0100007B01000029
:102DC0007C0100007D0100007E0100007F01000009
:102DD00080010000810100008201000083010000E9
:102DE00084010000850100008601000087010000C9
:102DF00088010000890100008A0100008B010000A9
:102E00008C0100008D0100008E0100008F01000088
:102E10009001000091010000920100009301000068
:102E20009401000095010000960100009701000048
:102E300098010000990100009A0100009B01000028
:102E40009C0100009D0100009E0100009F01000008
:102E5000A0010000A1010000A2010000A3010000E8
:102E6000A4010000A5010000A6010000A7010000C8
:102E7000A8010000A9010000AA010000AB010000A8
:102E8000AC010000AD010000AE010000AF01000088
:102E9000B0010000B1010000B2010000B301000068
:102EA000B4010000B5010000B6010000B701000048
:102EB000B8010000B9010000BA010000BB01000028
:102EC000BC010000BD010000BE010000BF01000008
:102ED000C0010000C1010000C2010000C3010000E8
:102EE000C4010000C5010000C6010000C7010000C8
:102EF000C8010000C9010000CA010000CB010000A8
:102F0000CC010000CD010000CE010000CF01000087
:102F1000D0010000D1010000D2010000D301000067
:102F2000D4010000D5010000D6010000D701000047
:102F3000D8010000D9010000DA010000DB01000027
:102F4000DC010000DD010000DE010000DF01000007
:102F5000E0010000E1010000E2010000E3010000E7
:102F6000E4010000E5010000E6010000E7010000C7
:102F7000E8010000E9010000EA010000EB010000A7
:102F8000EC010000ED010000EE010000EF01000087
:102F9000F0010000F1010000F2010000F301000067
:102FA000F4010000F5010000F6010000F701000047
:102FB000F8010000F9010000FA010000FB01000027
:102FC000FC010000FD010000FE010000FF01000007
:102FD00000020000010200000202000003020000E3
:102FE00004020000050200000602000007020000C3
:102FF00008020000090200000A0200000B020000A3
:103000000C0200000D0200000E0200000F02000082
:103010001002000011020000120200001302000062
:103020001402000015020000160200001702000042
:1030300018020000190200001A0200001B02000022
:103040001C0200001D0200001E0200001F02000002
:1030500020020000210200002202000023020000E2
:1030600024020000250200002602000027020000C2
:1030700028020000290200002A0200002B020000A2
:103080002C0200002D0200002E0200002F02000082
:103090003002000031020000320200003302000062
:1030A0003402000035020000360200003702000042
:1030B00038020000390200003A0200003B02000022
:1030C0003C0200003D0200003E0200003F02000002
:1030D00040020000410200004202000043020000E2
:1030E00044020000450200004602000047020000C2
:1030F00048020000490200004A0200004B020000A2
:103100004C0200004D0200004E0200004F02000081
:103110005002000051020000520200005302000061
:103120005402000055020000560200005702000041
:1031300058020000590200005A0200005B02000021
:103140005C0200005D0200005E0200005F02000001
:1031500060020000610200006202000063020000E1
:1031600064020000650200006602000067020000C1
:1031700068020000690200006A0200006B020000A1
:103180006C0200006D0200006E0200006F02000081
:103190007002000071020000720200007302000061
:1031A0007402000075020000760200007702000041
:1031B00078020000790200007A0200007B02000021
:1031C0007C0200007D0200007E0200007F02000001
:1031D00080020000810200008202000083020000E1
:1031E00084020000850200008602000087020000C1
:1031F00088020000890200008A0200008B020000A1
:103200008C0200008D0200008E0200008F02000080
:103210009002000091020000920200009302000060
:103220009402000095020000960200009702000040
:1032300098020000990200009A0200009B02000020
:103240009C0200009D0200009E0200009F02000000
:10325000A0020000A1020000A2020000A3020000E0
:10326000A4020000A5020000A6020000A7020000C0
:10327000A8020000A9020000AA020000AB020000A0
:10328000AC020000AD020000AE020000AF02000080
:10329000B0020000B1020000B2020000B302000060
:1032A000B4020000B5020000B6020000B702000040
:1032B000B8020000B9020000BA020000BB02000020
:1032C000BC020000BD020000BE020000BF02000000
:1032D000C0020000C1020000C2020000C3020000E0
:1032E000C4020000C5020000C6020000C7020000C0
:1032F000C8020000C9020000CA020000CB020000A0
:10330000CC020000CD020000CE020000CF0200007F
:10331000D0020000D1020000D2020000D30200005F
:10332000D4020000D5020000D6020000D70200003F
:10333000D8020000D9020000DA020000DB0200001F
:10334000DC020000DD020000DE020000DF020000FF
:10335000E0020000E1020000E2020000E3020000DF
:10336000E4020000E5020000E6020000E7020000BF
:10337000E8020000E9020000EA020000EB0200009F
:10338000EC020000ED020000EE020000EF0200007F
:10339000F0020000F1020000F2020000F30200005F
:1033A000F4020000F5020000F6020000F70200003F
:1033B000F8020000F9020000FA020000FB0200001F
:1033C000FC020000FD020000FE020000FF020000FF
:1033D00000030000010300000203000003030000DB
:1033E00004030000050300000603000007030000BB
:1033F00008030000090300000A0300000B0300009B
:103400000C0300000D0300000E0300000F0300007A
:10341000100300001103000012030000130300005A
:10342000140300001503000016030000170300003A
:1034300018030000190300001A0300001B0300001A
:103440001C0300001D0300001E0300001F030000FA
:1034500020030000210300002203000023030000DA
:1034600024030000250300002603000027030000BA
:1034700028030000290300002A0300002B0300009A
:103480002C0300002D0300002E0300002F0300007A
:10349000300300003103000032030000330300005A
:1034A000340300003503000036030000370300003A
:1034B00038030000390300003A0300003B0300001A
:1034C0003C0300003D0300003E0300003F030000FA
:1034D00040030000410300004203000043030000DA
:1034E00044030000450300004603000047030000BA
:1034F00048030000490300004A0300004B0300009A
:103500004C0300004D0300004E0300004F03000079
:103510005003000051030000520300005303000059
:103520005403000055030000560300005703000039
:1035300058030000590300005A0300005B03000019
:103540005C0300005D0300005E0300005F030000F9
:1035500060030000610300006203000063030000D9
:1035600064030000650300006603000067030000B9
:1035700068030000690300006A0300006B03000099
:103580006C0300006D0300006E0300006F03000079
:103590007003000071030000720300007303000059
:1035A0007403000075030000760300007703000039
:1035B00078030000790300007A0300007B03000019
:1035C0007C0300007D0300007E0300007F030000F9
:1035D00080030000810300008203000083030000D9
:1035E00084030000850300008603000087030000B9
:1035F00088030000890300008A0300008B03000099
:103600008C0300008D0300008E0300008F03000078
:103610009003000091030000920300009303000058
:103620009403000095030000960300009703000038
:1036300098030000990300009A0300009B03000018
:103640009C0300009D0300009E0300009F030000F8
:10365000A0030000A1030000A2030000A3030000D8
:10366000A4030000A5030000A6030000A7030000B8
:10367000A8030000A9030000AA030000AB03000098
:10368000AC030000AD030000AE030000AF03000078
:10369000B0030000B1030000B2030000B303000058
:1036A000B4030000B5030000B6030000B703000038
:1036B000B8030000B9030000BA030000BB03000018
:1036C000BC030000BD030000BE030000BF030000F8
:1036D000C0030000C1030000C2030000C3030000D8
:1036E000C4030000C5030000C6030000C7030000B8
:1036F000C8030000C9030000CA030000CB03000098
:10370000CC030000CD030000CE030000CF03000077
:10371000D0030000D1030000D2030000D303000057
:10372000D4030000D5030000D6030000D703000037
:10373000D8030000D9030000DA030000DB03000017
:10374000DC030000DD030000DE030000DF030000F7
:10375000E0030000E1030000E2030000E3030000D7
:10376000E4030000E5030000E6030000E7030000B7
:10377000E8030000E9030000EA030000EB03000097
:10378000EC030000ED030000EE030000EF03000077
:10379000F0030000F1030000F2030000F303000057
:1037A000F4030000F5030000F6030000F703000037
:1037B000F8030000F9030000FA030000FB03000017
:1037C000FC030000FD030000FE030000FF030000F7
:1037D00000040000010400000204000003040000D3
:1037E00004040000050400000604000007040000B3
:1037F00008040000090400000A0400000B04000093
:103800000C0400000D0400000E0400000F04000072
:103810001004000011040000120400001304000052
:103820001404000015040000160400001704000032
:1038300018040000190400001A0400001B04000012
:103840001C0400001D0400001E0400001F040000F2
:1038500020040000210400002204000023040000D2
:1038600024040000250400002604000027040000B2
:1038700028040000290400002A0400002B04000092
:103880002C0400002D0400002E0400002F04000072
:103890003004000031040000320400003304000052
:1038A0003404000035040000360400003704000032
:1038B00038040000390400003A0400003B04000012
:1038C0003C0400003D0400003E0400003F040000F2
:1038D00040040000410400004204000043040000D2
:1038E00044040000450400004604000047040000B2
:1038F00048040000490400004A0400004B04000092
:103900004C0400004D0400004E0400004F04000071
:103910005004000051040000520400005304000051
:103920005404000055040000560400005704000031
:1039300058040000590400005A0400005B04000011
:103940005C0400005D0400005E0400005F040000F1
:1039500060040000610400006204000063040000D1
:1039600064040000650400006604000067040000B1
:1039700068040000690400006A0400006B04000091
:103980006C0400006D0400006E0400006F04000071
:103990007004000071040000720400007304000051
:1039A0007404000075040000760400007704000031
:1039B00078040000790400007A0400007B04000011
:1039C0007C0400007D0400007E0400007F040000F1
:1039D00080040000810400008204000083040000D1
:1039E00084040000850400008604000087040000B1
:1039F00088040000890400008A0400008B04000091
:103A00008C0400008D0400008E0400008F04000070
:103A10009004000091040000920400009304000050
:103A20009404000095040000960400009704000030
:103A300098040000990400009A0400009B04000010
:103A40009C0400009D0400009E0400009F040000F0
:103A5000A0040000A1040000A2040000A3040000D0
:103A6000A4040000A5040000A6040000A7040000B0
:103A7000A8040000A9040000AA040000AB04000090
:103A8000AC040000AD040000AE040000AF04000070
:103A9000B0040000B1040000B2040000B304000050
:103AA000B4040000B5040000B6040000B704000030
:103AB000B8040000B9040000BA040000BB04000010
:103AC000BC040000BD040000BE040000BF040000F0
:103AD000C0040000C1040000C2040000C3040000D0
:103AE000C4040000C5040000C6040000C7040000B0
:103AF000C8040000C9040000CA040000CB04000090
:103B0000CC040000CD040000CE040000CF0400006F
:103B1000D0040000D1040000D2040000D30400004F
:103B2000D4040000D5040000D6040000D70400002F
:103B3000D8040000D9040000DA040000DB0400000F
:103B4000DC040000DD040000DE040000DF040000EF
:103B5000E0040000E1040000E2040000E3040000CF
:103B6000E4040000E5040000E6040000E7040000AF
:103B7000E8040000E9040000EA040000EB0400008F
:103B8000EC040000ED040000EE040000EF0400006F
:103B9000F0040000F1040000F2040000F30400004F
:103BA000F4040000F5040000F6040000F70400002F
:103BB000F8040000F9040000FA040000FB0400000F
:103BC000FC040000FD040000FE040000FF040000EF
:103BD00000050000010500000205000003050000CB
:103BE00004050000050500000605000007050000AB
:103BF00008050000090500000A0500000B0500008B
:103C00000C0500000D0500000E0500000F0500006A
:103C1000100500001105000012050000130500004A
:103C2000140500001505000016050000170500002A
:103C300018050000190500001A0500001B0500000A
:103C40001C0500001D0500001E0500001F050000EA
:103C500020050000210500002205000023050000CA
:103C600024050000250500002605000027050000AA
:103C700028050000290500002A0500002B0500008A
:103C80002C0500002D0500002E0500002F0500006A
:103C9000300500003105000032050000330500004A
:103CA000340500003505000036050000370500002A
:103CB00038050000390500003A0500003B0500000A
:103CC0003C0500003D0500003E0500003F050000EA
:103CD00040050000410500004205000043050000CA
:103CE00044050000450500004605000047050000AA
:103CF00048050000490500004A0500004B0500008A
:103D00004C0500004D0500004E0500004F05000069
:103D10005005000051050000520500005305000049
:103D20005405000055050000560500005705000029
:103D300058050000590500005A0500005B05000009
:103D40005C0500005D0500005E0500005F050000E9
:103D500060050000610500006205000063050000C9
:103D600064050000650500006605000067050000A9
:103D700068050000690500006A0500006B05000089
:103D80006C0500006D0500006E0500006F05000069
:103D90007005000071050000720500007305000049
:103DA0007405000075050000760500007705000029
:103DB00078050000790500007A0500007B05000009
:103DC0007C0500007D0500007E0500007F050000E9
:103DD00080050000810500008205000083050000C9
:103DE00084050000850500008605000087050000A9
:103DF00088050000890500008A0500008B05000089
:103E00008C0500008D0500008E0500008F05000068
:103E10009005000091050000920500009305000048
:103E20009405000095050000960500009705000028
:103E300098050000990500009A0500009B05000008
:103E40009C0500009D0500009E0500009F050000E8
:103E5000A0050000A1050000A2050000A3050000C8
:103E6000A4050000A5050000A6050000A7050000A8
:103E7000A8050000A9050000AA050000AB05000088
:103E8000AC050000AD050000AE050000AF05000068
:103E9000B0050000B1050000B2050000B305000048
:103EA000B4050000B5050000B6050000B705000028
:103EB000B8050000B9050000BA050000BB05000008
:103EC000BC050000BD050000BE050000BF050000E8
:103ED000C0050000C1050000C2050000C3050000C8
:103EE000C4050000C5050000C6050000C7050000A8
:103EF000C8050000C9050000CA050000CB05000088
:103F0000CC050000CD050000CE050000CF05000067
:103F1000D0050000D1050000D2050000D305000047
:103F2000D4050000D5050000D6050000D705000027
:103F3000D8050000D9050000DA050000DB05000007
:103F4000DC050000DD050000DE050000DF050000E7
:103F5000E0050000E1050000E2050000E3050000C7
:103F6000E4050000E5050000E6050000E7050000A7
:103F7000E8050000E9050000EA050000EB05000087
:103F8000EC050000ED050000EE050000EF05000067
:103F9000F0050000F1050000F2050000F305000047
:103FA000F4050000F5050000F6050000F705000027
:103FB000F8050000F9050000FA050000FB05000007
:103FC000FC050000FD050000FE050000FF050000E7
:103FD00000060000010600000206000003060000C3
:103FE00004060000050600000606000007060000A3
:103FF00008060000090600000A0600000B06000083
:104000000C0600000D0600000E0600000F06000062
:104010001006000011060000120600001306000042
:104020001406000015060000160600001706000022
:1040300018060000190600001A0600001B06000002
:104040001C0600001D0600001E0600001F060000E2
:1040500020060000210600002206000023060000C2
:1040600024060000250600002606000027060000A2
:1040700028060000290600002A0600002B06000082
:104080002C0600002D0600002E0600002F06000062
:104090003006000031060000320600003306000042
:1040A0003406000035060000360600003706000022
:1040B00038060000390600003A0600003B06000002
:1040C0003C0600003D0600003E0600003F060000E2
:1040D00040060000410600004206000043060000C2
:1040E00044060000450600004606000047060000A2
:1040F00048060000490600004A0600004B06000082
:104100004C0600004D0600004E0600004F06000061
:104110005006000051060000520600005306000041
:104120005406000055060000560600005706000021
:1041300058060000590600005A0600005B06000001
:104140005C0600005D0600005E0600005F060000E1
:1041500060060000610600006206000063060000C1
:1041600064060000650600006606000067060000A1
:1041700068060000690600006A0600006B06000081
:104180006C0600006D0600006E0600006F06000061
:104190007006000071060000720600007306000041
:1041A0007406000075060000760600007706000021
:1041B00078060000790600007A0600007B06000001
:1041C0007C0600007D0600007E0600007F060000E1
:1041D00080060000810600008206000083060000C1
:1041E00084060000850600008606000087060000A1
:1041F00088060000890600008A0600008B06000081
:104200008C0600008D0600008E0600008F06000060
:104210009006000091060000920600009306000040
:104220009406000095060000960600009706000020
:1042300098060000990600009A0600009B06000000
:104240009C0600009D0600009E0600009F060000E0
:10425000A0060000A1060000A2060000A3060000C0
:10426000A4060000A5060000A6060000A7060000A0
:10427000A8060000A9060000AA060000AB06000080
:10428000AC060000AD060000AE060000AF06000060
:10429000B0060000B1060000B2060000B306000040
:1042A000B4060000B5060000B6060000B706000020
:1042B000B8060000B9060000BA060000BB06000000
:1042C000BC060000BD060000BE060000BF060000E0
:1042D000C0060000C1060000C2060000C3060000C0
:1042E000C4060000C5060000C6060000C7060000A0
:1042F000C8060000C9060000CA060000CB06000080
:10430000CC060000CD060000CE060000CF0600005F
:10431000D0060000D1060000D2060000D30600003F
:10432000D4060000D5060000D6060000D70600001F
:10433000D8060000D9060000DA060000DB060000FF
:10434000DC060000DD060000DE060000DF060000DF
:10435000E0060000E1060000E2060000E3060000BF
:10436000E4060000E5060000E6060000E70600009F
:10437000E8060000E9060000EA060000EB0600007F
:10438000EC060000ED060000EE060000EF0600005F
:10439000F0060000F1060000F2060000F30600003F
:1043A000F4060000F5060000F6060000F70600001F
:1043B000F8060000F9060000FA060000FB060000FF
:1043C000FC060000FD060000FE060000FF060000DF
:1043D00000070000010700000207000003070000BB
:1043E000040700000507000006070000070700009B
:1043F00008070000090700000A0700000B0700007B
:104400000C0700000D0700000E0700000F0700005A
:10441000100700001107000012070000130700003A
:10442000140700001507000016070000170700001A
:1044300018070000190700001A0700001B070000FA
:104440001C0700001D0700001E0700001F070000DA
:1044500020070000210700002207000023070000BA
:10446000240700002507000026070000270700009A
:1044700028070000290700002A0700002B0700007A
:104480002C0700002D0700002E0700002F0700005A
:10449000300700003107000032070000330700003A
:1044A000340700003507000036070000370700001A
:1044B00038070000390700003A0700003B070000FA
:1044C0003C0700003D0700003E0700003F070000DA
:1044D00040070000410700004207000043070000BA
:1044E000440700004507000046070000470700009A
:1044F00048070000490700004A0700004B0700007A
:104500004C0700004D0700004E0700004F07000059
:104510005007000051070000520700005307000039
:104520005407000055070000560700005707000019
:1045300058070000590700005A0700005B070000F9
:104540005C0700005D0700005E0700005F070000D9
:1045500060070000610700006207000063070000B9
:104560006407000065070000660700006707000099
:1045700068070000690700006A0700006B07000079
:104580006C0700006D0700006E0700006F07000059
:104590007007000071070000720700007307000039
:1045A0007407000075070000760700007707000019
:1045B00078070000790700007A0700007B070000F9
:1045C0007C0700007D0700007E0700007F070000D9
:1045D00080070000810700008207000083070000B9
:1045E0008407000085070000860700008707000099
:1045F00088070000890700008A0700008B07000079
:104600008C0700008D0700008E0700008F07000058
:104610009007000091070000920700009307000038
:104620009407000095070000960700009707000018
:1046300098070000990700009A0700009B070000F8
:104640009C0700009D0700009E0700009F070000D8
:10465000A0070000A1070000A2070000A3070000B8
:10466000A4070000A5070000A6070000A707000098
:10467000A8070000A9070000AA070000AB07000078
:10468000AC070000AD070000AE070000AF07000058
:10469000B0070000B1070000B2070000B307000038
:1046A000B4070000B5070000B6070000B707000018
:1046B000B8070000B9070000BA070000BB070000F8
:1046C000BC070000BD070000BE070000BF070000D8
:1046D000C0070000C1070000C2070000C3070000B8
:1046E000C4070000C5070000C6070000C707000098
:1046F000C8070000C9070000CA070000CB07000078
:10470000CC070000CD070000CE070000CF07000057
:10471000D0070000D1070000D2070000D307000037
:10472000D4070000D5070000D6070000D707000017
:10473000D8070000D9070000DA070000DB070000F7
:10474000DC070000DD070000DE070000DF070000D7
:10475000E0070000E1070000E2070000E3070000B7
:10476000E4070000E5070000E6070000E707000097
:10477000E8070000E9070000EA070000EB07000077
:10478000EC070000ED070000EE070000EF07000057
:10479000F0070000F1070000F2070000F307000037
:1047A000F4070000F5070000F6070000F707000017
:1047B000F8070000F9070000FA070000FB070000F7
:1047C000FC070000FD070000FE070000FF070000D7
:1047D00000080000010800000208000003080000B3
:1047E0000408000005080000060800000708000093
:1047F00008080000090800000A0800000B08000073
:104800000C0800000D0800000E0800000F08000052
:104810001008000011080000120800001308000032
:104820001408000015080000160800001708000012
:1048300018080000190800001A0800001B080000F2
:104840001C0800001D0800001E0800001F080000D2
:1048500020080000210800002208000023080000B2
:104860002408000025080000260800002708000092
:1048700028080000290800002A0800002B08000072
:104880002C0800002D0800002E0800002F08000052
:104890003008000031080000320800003308000032
:1048A0003408000035080000360800003708000012
:1048B00038080000390800003A0800003B080000F2
:1048C0003C0800003D0800003E0800003F080000D2
:1048D00040080000410800004208000043080000B2
:1048E0004408000045080000460800004708000092
:1048F00048080000490800004A0800004B08000072
:104900004C0800004D0800004E0800004F08000051
:104910005008000051080000520800005308000031
:104920005408000055080000560800005708000011
:1049300058080000590800005A0800005B080000F1
:104940005C0800005D0800005E0800005F080000D1
:1049500060080000610800006208000063080000B1
:104960006408000065080000660800006708000091
:1049700068080000690800006A0800006B08000071
:104980006C0800006D0800006E0800006F08000051
:104990007008000071080000720800007308000031
:1049A0007408000075080000760800007708000011
:1049B00078080000790800007A0800007B080000F1
:1049C0007C0800007D0800007E0800007F080000D1
:1049D00080080000810800008208000083080000B1
:1049E0008408000085080000860800008708000091
:1049F00088080000890800008A0800008B08000071
:104A00008C0800008D0800008E0800008F08000050
:104A10009008000091080000920800009308000030
:104A20009408000095080000960800009708000010
:104A300098080000990800009A0800009B080000F0
:104A40009C0800009D0800009E0800009F080000D0
:104A5000A0080000A1080000A2080000A3080000B0
:104A6000A4080000A5080000A6080000A708000090
:104A7000A8080000A9080000AA080000AB08000070
:104A8000AC080000AD080000AE080000AF08000050
:104A9000B0080000B1080000B2080000B308000030
:104AA000B4080000B5080000B6080000B708000010
:104AB000B8080000B9080000BA080000BB080000F0
:104AC000BC080000BD080000BE080000BF080000D0
:104AD000C0080000C1080000C2080000C3080000B0
:104AE000C4080000C5080000C6080000C708000090
:104AF000C8080000C9080000CA080000CB08000070
:104B0000CC080000CD080000CE080000CF0800004F
:104B1000D0080000D1080000D2080000D30800002F
:104B2000D4080000D5080000D6080000D70800000F
:104B3000D8080000D9080000DA080000DB080000EF
:104B4000DC080000DD080000DE080000DF080000CF
:104B5000E0080000E1080000E2080000E3080000AF
:104B6000E4080000E5080000E6080000E70800008F
:104B7000E8080000E9080000EA080000EB0800006F
:104B8000EC080000ED080000EE080000EF0800004F
:104B9000F0080000F1080000F2080000F30800002F
:104BA000F4080000F5080000F6080000F70800000F
:104BB000F8080000F9080000FA080000FB080000EF
:104BC000FC080000FD080000FE080000FF080000CF
:104BD00000090000010900000209000003090000AB
:104BE000040900000509000006090000070900008B
:104BF00008090000090900000A0900000B0900006B
:104C00000C0900000D0900000E0900000F0900004A
:104C1000100900001109000012090000130900002A
:104C2000140900001509000016090000170900000A
:104C300018090000190900001A0900001B090000EA
:104C40001C0900001D0900001E0900001F090000CA
:104C500020090000210900002209000023090000AA
:104C6000240900002509000026090000270900008A
:104C700028090000290900002A0900002B0900006A
:104C80002C0900002D0900002E0900002F0900004A
:104C9000300900003109000032090000330900002A
:104CA000340900003509000036090000370900000A
:104CB00038090000390900003A0900003B090000EA
:104CC0003C0900003D0900003E0900003F090000CA
:104CD00040090000410900004209000043090000AA
:104CE000440900004509000046090000470900008A
:104CF00048090000490900004A0900004B0900006A
:104D00004C0900004D0900004E0900004F09000049
:104D10005009000051090000520900005309000029
:104D20005409000055090000560900005709000009
:104D300058090000590900005A0900005B090000E9
:104D40005C0900005D0900005E0900005F090000C9
:104D500060090000610900006209000063090000A9
:104D60006409000065090000660900006709000089
:104D700068090000690900006A0900006B09000069
:104D80006C0900006D0900006E0900006F09000049
:104D90007009000071090000720900007309000029
:104DA0007409000075090000760900007709000009
:104DB00078090000790900007A0900007B090000E9
:104DC0007C0900007D0900007E0900007F090000C9
:104DD00080090000810900008209000083090000A9
:104DE0008409000085090000860900008709000089
:104DF00088090000890900008A0900008B09000069
:104E00008C0900008D0900008E0900008F09000048
:104E10009009000091090000920900009309000028
:104E20009409000095090000960900009709000008
:104E300098090000990900009A0900009B090000E8
:104E40009C0900009D0900009E0900009F090000C8
:104E5000A0090000A1090000A2090000A3090000A8
:104E6000A4090000A5090000A6090000A709000088
:104E7000A8090000A9090000AA090000AB09000068
:104E8000AC090000AD090000AE090000AF09000048
:104E9000B0090000B1090000B2090000B309000028
:104EA000B4090000B5090000B6090000B709000008
:104EB000B8090000B9090000BA090000BB090000E8
:104EC000BC090000BD090000BE090000BF090000C8
:104ED000C0090000C1090000C2090000C3090000A8
:104EE000C4090000C5090000C6090000C709000088
:104EF000C8090000C9090000CA090000CB09000068
:104F0000CC090000CD090000CE090000CF09000047
:104F1000D0090000D1090000D2090000D309000027
:104F2000D4090000D5090000D6090000D709000007
:104F3000D8090000D9090000DA090000DB090000E7
:104F4000DC090000DD090000DE090000DF090000C7
:104F5000E0090000E1090000E2090000E3090000A7
:104F6000E4090000E5090000E6090000E709000087
:104F7000E8090000E9090000EA090000EB09000067
:104F8000EC090000ED090000EE090000EF09000047
:104F9000F0090000F1090000F2090000F309000027
:104FA000F4090000F5090000F6090000F709000007
:104FB000F8090000F9090000FA090000FB090000E7
:104FC000FC090000FD090000FE090000FF090000C7
:104FD000000A0000010A0000020A0000030A0000A3
:104FE000040A0000050A0000060A0000070A000083
:104FF000080A0000090A00000A0A00000B0A000063
:105000000C0A00000D0A00000E0A00000F0A000042
:10501000100A0000110A0000120A0000130A000022
:10502000140A0000150A0000160A0000170A000002
:10503000180A0000190A00001A0A00001B0A0000E2
:105040001C0A00001D0A00001E0A00001F0A0000C2
:10505000200A0000210A0000220A0000230A0000A2
:10506000240A0000250A0000260A0000270A000082
:10507000280A0000290A00002A0A00002B0A000062
:105080002C0A00002D0A00002E0A00002F0A000042
:10509000300A0000310A0000320A0000330A000022
:1050A000340A0000350A0000360A0000370A000002
:1050B000380A0000390A00003A0A00003B0A0000E2
:1050C0003C0A00003D0A00003E0A00003F0A0000C2
:1050D000400A0000410A0000420A0000430A0000A2
:1050E000440A0000450A0000460A0000470A000082
:1050F000480A0000490A00004A0A00004B0A000062
:105100004C0A00004D0A00004E0A00004F0A000041
:10511000500A0000510A0000520A0000530A000021
:10512000540A0000550A0000560A0000570A000001
:10513000580A0000590A00005A0A00005B0A0000E1
:105140005C0A00005D0A00005E0A00005F0A0000C1
:10515000600A0000610A0000620A0000630A0000A1
:10516000640A0000650A0000660A0000670A000081
:10517000680A0000690A00006A0A00006B0A000061
:105180006C0A00006D0A00006E0A00006F0A000041
:10519000700A0000710A0000720A0000730A000021
:1051A000740A0000750A0000760A0000770A000001
:1051B000780A0000790A00007A0A00007B0A0000E1
:1051C0007C0A00007D0A00007E0A00007F0A0000C1
:1051D000800A0000810A0000820A0000830A0000A1
:1051E000840A0000850A0000860A0000870A000081
:1051F000880A0000890A00008A0A00008B0A000061
:105200008C0A00008D0A00008E0A00008F0A000040
:10521000900A0000910A0000920A0000930A000020
:10522000940A0000950A0000960A0000970A000000
:10523000980A0000990A00009A0A00009B0A0000E0
:105240009C0A00009D0A00009E0A00009F0A0000C0
:10525000A00A0000A10A0000A20A0000A30A0000A0
:10526000A40A0000A50A0000A60A0000A70A000080
:10527000A80A0000A90A0000AA0A0000AB0A000060
:10528000AC0A0000AD0A0000AE0A0000AF0A000040
:10529000B00A0000B10A0000B20A0000B30A000020
:1052A000B40A0000B50A0000B60A0000B70A000000
:1052B000B80A0000B90A0000BA0A0000BB0A0000E0
:1052C000BC0A0000BD0A0000BE0A0000BF0A0000C0
:1052D000C00A0000C10A0000C20A0000C30A0000A0
:1052E000C40A0000C50A0000C60A0000C70A000080
:1052F000C80A0000C90A0000CA0A0000CB0A000060
:10530000CC0A0000CD0A0000CE0A0000CF0A00003F
:10531000D00A0000D10A0000D20A0000D30A00001F
:10532000D40A0000D50A0000D60A0000D70A0000FF
:10533000D80A0000D90A0000DA0A0000DB0A0000DF
:10534000DC0A0000DD0A0000DE0A0000DF0A0000BF
:10535000E00A0000E10A0000E20A0000E30A00009F
:10536000E40A0000E50A0000E60A0000E70A00007F
:10537000E80A0000E90A0000EA0A0000EB0A00005F
:10538000EC0A0000ED0A0000EE0A0000EF0A00003F
:10539000F00A0000F10A0000F20A0000F30A00001F
:1053A000F40A0000F50A0000F60A0000F70A0000FF
:1053B000F80A0000F90A0000FA0A0000FB0A0000DF
:1053C000FC0A0000FD0A0000FE0A0000FF0A0000BF
:1053D000000B0000010B0000020B0000030B00009B
:1053E000040B0000050B0000060B0000070B00007B
:1053F000080B0000090B00000A0B00000B0B00005B
:105400000C0B00000D0B00000E0B00000F0B00003A
:10541000100B0000110B0000120B0000130B00001A
:10542000140B0000150B0000160B0000170B0000FA
:10543000180B0000190B00001A0B00001B0B0000DA
:105440001C0B00001D0B00001E0B00001F0B0000BA
:10545000200B0000210B0000220B0000230B00009A
:10546000240B0000250B0000260B0000270B00007A
:10547000280B0000290B00002A0B00002B0B00005A
:105480002C0B00002D0B00002E0B00002F0B00003A
:10549000300B0000310B0000320B0000330B00001A
:1054A000340B0000350B0000360B0000370B0000FA
:1054B000380B0000390B00003A0B00003B0B0000DA
:1054C0003C0B00003D0B00003E0B00003F0B0000BA
:1054D000400B0000410B0000420B0000430B00009A
:1054E000440B0000450B0000460B0000470B00007A
:1054F000480B0000490B00004A0B00004B0B00005A
:105500004C0B00004D0B00004E0B00004F0B000039
:10551000500B0000510B0000520B0000530B000019
:10552000540B0000550B0000560B0000570B0000F9
:10553000580B0000590B00005A0B00005B0B0000D9
:105540005C0B00005D0B00005E0B00005F0B0000B9
:10555000600B0000610B0000620B0000630B000099
:10556000640B0000650B0000660B0000670B000079
:10557000680B0000690B00006A0B00006B0B000059
:105580006C0B00006D0B00006E0B00006F0B000039
:10559000700B0000710B0000720B0000730B000019
:1055A000740B0000750B0000760B0000770B0000F9
:1055B000780B0000790B00007A0B00007B0B0000D9
:1055C0007C0B00007D0B00007E0B00007F0B0000B9
:1055D000800B0000810B0000820B0000830B000099
:1055E000840B0000850B0000860B0000870B000079
:1055F000880B0000890B00008A0B00008B0B000059
:105600008C0B00008D0B00008E0B00008F0B000038
:10561000900B0000910B0000920B0000930B000018
:10562000940B0000950B0000960B0000970B0000F8
:10563000980B0000990B00009A0B00009B0B0000D8
:105640009C0B00009D0B00009E0B00009F0B0000B8
:10565000A00B0000A10B0000A20B0000A30B000098
:10566000A40B0000A50B0000A60B0000A70B000078
:10567000A80B0000A90B0000AA0B0000AB0B000058
:10568000AC0B0000AD0B0000AE0B0000AF0B000038
:10569000B00B0000B10B0000B20B0000B30B000018
:1056A000B40B0000B50B0000B60B0000B70B0000F8
:1056B000B80B0000B90B0000BA0B0000BB0B0000D8
:1056C000BC0B0000BD0B0000BE0B0000BF0B0000B8
:1056D000C00B0000C10B0000C20B0000C30B000098
:1056E000C40B0000C50B0000C60B0000C70B000078
:1056F000C80B0000C90B0000CA0B0000CB0B000058
:10570000CC0B0000CD0B0000CE0B0000CF0B000037
:10571000D00B0000D10B0000D20B0000D30B000017
:10572000D40B0000D50B0000D60B0000D70B0000F7
:10573000D80B0000D90B0000DA0B0000DB0B0000D7
:10574000DC0B0000DD0B0000DE0B0000DF0B0000B7
:10575000E00B0000E10B0000E20B0000E30B000097
:10576000E40B0000E50B0000E60B0000E70B000077
:10577000E80B0000E90B0000EA0B0000EB0B000057
:10578000EC0B0000ED0B0000EE0B0000EF0B000037
:10579000F00B0000F10B0000F20B0000F30B000017
:1057A000F40B0000F50B0000F60B0000F70B0000F7
:1057B000F80B0000F90B0000FA0B0000FB0B0000D7
:1057C000FC0B0000FD0B0000FE0B0000FF0B0000B7
:1057D000000C0000010C0000020C0000030C000093
:1057E000040C0000050C0000060C0000070C000073
:1057F000080C0000090C00000A0C00000B0C000053
:105800000C0C00000D0C00000E0C00000F0C000032
:10581000100C0000110C0000120C0000130C000012
:10582000140C0000150C0000160C0000170C0000F2
:10583000180C0000190C00001A0C00001B0C0000D2
:105840001C0C00001D0C00001E0C00001F0C0000B2
:10585000200C0000210C0000220C0000230C000092
:10586000240C0000250C0000260C0000270C000072
:10587000280C0000290C00002A0C00002B0C000052
:105880002C0C00002D0C00002E0C00002F0C000032
:10589000300C0000310C0000320C0000330C000012
:1058A000340C0000350C0000360C0000370C0000F2
:1058B000380C0000390C00003A0C00003B0C0000D2
:1058C0003C0C00003D0C00003E0C00003F0C0000B2
:1058D000400C0000410C0000420C0000430C000092
:1058E000440C0000450C0000460C0000470C000072
:1058F000480C0000490C00004A0C00004B0C000052
:105900004C0C00004D0C00004E0C00004F0C000031
:10591000500C0000510C0000520C0000530C000011
:10592000540C0000550C0000560C0000570C0000F1
:10593000580C0000590C00005A0C00005B0C0000D1
:105940005C0C00005D0C00005E0C00005F0C0000B1
:10595000600C0000610C0000620C0000630C000091
:10596000640C0000650C0000660C0000670C000071
:10597000680C0000690C00006A0C00006B0C000051
:105980006C0C00006D0C00006E0C00006F0C000031
:10599000700C0000710C0000720C0000730C000011
:1059A000740C0000750C0000760C0000770C0000F1
:1059B000780C0000790C00007A0C00007B0C0000D1
:1059C0007C0C00007D0C00007E0C00007F0C0000B1
:1059D000800C0000810C0000820C0000830C000091
:1059E000840C0000850C0000860C0000870C000071
:1059F000880C0000890C00008A0C00008B0C000051
:105A00008C0C00008D0C00008E0C00008F0C000030
:105A1000900C0000910C0000920C0000930C000010
:105A2000940C0000950C0000960C0000970C0000F0
:105A3000980C0000990C00009A0C00009B0C0000D0
:105A40009C0C00009D0C00009E0C00009F0C0000B0
:105A5000A00C0000A10C0000A20C0000A30C000090
:105A6000A40C0000A50C0000A60C0000A70C000070
:105A7000A80C0000A90C0000AA0C0000AB0C000050
:105A8000AC0C0000AD0C0000AE0C0000AF0C000030
:105A9000B00C0000B10C0000B20C0000B30C000010
:105AA000B40C0000B50C0000B60C0000B70C0000F0
:105AB000B80C0000B90C0000BA0C0000BB0C0000D0
:105AC000BC0C0000BD0C0000BE0C0000BF0C0000B0
:105AD000C00C0000C10C0000C20C0000C30C000090
:105AE000C40C0000C50C0000C60C0000C70C000070
:105AF000C80C0000C90C0000CA0C0000CB0C000050
:105B0000CC0C0000CD0C0000CE0C0000CF0C00002F
:105B1000D00C0000D10C0000D20C0000D30C00000F
:105B2000D40C0000D50C0000D60C0000D70C0000EF
:105B3000D80C0000D90C0000DA0C0000DB0C0000CF
:105B4000DC0C0000DD0C0000DE0C0000DF0C0000AF
:105B5000E00C0000E10C0000E20C0000E30C00008F
:105B6000E40C0000E50C0000E60C0000E70C00006F
:105B7000E80C0000E90C0000EA0C0000EB0C00004F
:105B8000EC0C0000ED0C0000EE0C0000EF0C00002F
:105B9000F00C0000F10C0000F20C0000F30C00000F
:105BA000F40C0000F50C0000F60C0000F70C0000EF
:105BB000F80C0000F90C0000FA0C0000FB0C0000CF
:105BC000FC0C0000FD0C0000FE0C0000FF0C0000AF
:105BD000000D0000010D0000020D0000030D00008B
:105BE000040D0000050D0000060D0000070D00006B
:105BF000080D0000090D00000A0D00000B0D00004B
:105C00000C0D00000D0D00000E0D00000F0D00002A
:105C1000100D0000110D0000120D0000130D00000A
:105C2000140D0000150D0000160D0000170D0000EA
:105C3000180D0000190D00001A0D00001B0D0000CA
:105C40001C0D00001D0D00001E0D00001F0D0000AA
:105C5000200D0000210D0000220D0000230D00008A
:105C6000240D0000250D0000260D0000270D00006A
:105C7000280D0000290D00002A0D00002B0D00004A
:105C80002C0D00002D0D00002E0D00002F0D00002A
:105C9000300D0000310D0000320D0000330D00000A
:105CA000340D0000350D0000360D0000370D0000EA
:105CB000380D0000390D00003A0D00003B0D0000CA
:105CC0003C0D00003D0D00003E0D00003F0D0000AA
:105CD000400D0000410D0000420D0000430D00008A
:105CE000440D0000450D0000460D0000470D00006A
:105CF000480D0000490D00004A0D00004B0D00004A
:105D00004C0D00004D0D00004E0D00004F0D000029
:105D1000500D0000510D0000520D0000530D000009
:105D2000540D0000550D0000560D0000570D0000E9
:105D3000580D0000590D00005A0D00005B0D0000C9
:105D40005C0D00005D0D00005E0D00005F0D0000A9
:105D5000600D0000610D0000620D0000630D000089
:105D6000640D0000650D0000660D0000670D000069
:105D7000680D0000690D00006A0D00006B0D000049
:105D80006C0D00006D0D00006E0D00006F0D000029
:105D9000700D0000710D0000720D0000730D000009
:105DA000740D0000750D0000760D0000770D0000E9
:105DB000780D0000790D00007A0D00007B0D0000C9
:105DC0007C0D00007D0D00007E0D00007F0D0000A9
:105DD000800D0000810D0000820D0000830D000089
:105DE000840D0000850D0000860D0000870D000069
:105DF000880D0000890D00008A0D00008B0D000049
:105E00008C0D00008D0D00008E0D00008F0D000028
:105E1000900D0000910D0000920D0000930D000008
:105E2000940D0000950D0000960D0000970D0000E8
:105E3000980D0000990D00009A0D00009B0D0000C8
:105E40009C0D00009D0D00009E0D00009F0D0000A8
:105E5000A00D0000A10D0000A20D0000A30D000088
:105E6000A40D0000A50D0000A60D0000A70D000068
:105E7000A80D0000A90D0000AA0D0000AB0D000048
:105E8000AC0D0000AD0D0000AE0D0000AF0D000028
:105E9000B00D0000B10D0000B20D0000B30D000008
:105EA000B40D0000B50D0000B60D0000B70D0000E8
:105EB000B80D0000B90D0000BA0D0000BB0D0000C8
:105EC000BC0D0000BD0D0000BE0D0000BF0D0000A8
:105ED000C00D0000C10D0000C20D0000C30D000088
:105EE000C40D0000C50D0000C60D0000C70D000068
:105EF000C80D0000C90D0000CA0D0000CB0D000048
:105F0000CC0D0000CD0D0000CE0D0000CF0D000027
:105F1000D00D0000D10D0000D20D0000D30D000007
:105F2000D40D0000D50D0000D60D0000D70D0000E7
:105F3000D80D0000D90D0000DA0D0000DB0D0000C7
:105F4000DC0D0000DD0D0000DE0D0000DF0D0000A7
:105F5000E00D0000E10D0000E20D0000E30D000087
:105F6000E40D0000E50D0000E60D0000E70D000067
:105F7000E80D0000E90D0000EA0D0000EB0D000047
:105F8000EC0D0000ED0D0000EE0D0000EF0D000027
:105F9000F00D0000F10D0000F20D0000F30D000007
:105FA000F40D0000F50D0000F60D0000F70D0000E7
:105FB000F80D0000F90D0000FA0D0000FB0D0000C7
:105FC000FC0D0000FD0D0000FE0D0000FF0D0000A7
:105FD000000E0000010E0000020E0000030E000083
:105FE000040E0000050E0000060E0000070E000063
:105FF000080E0000090E00000A0E00000B0E000043
:106000000C0E00000D0E00000E0E00000F0E000022
:10601000100E0000110E0000120E0000130E000002
:10602000140E0000150E0000160E0000170E0000E2
:10603000180E0000190E00001A0E00001B0E0000C2
:106040001C0E00001D0E00001E0E00001F0E0000A2
:10605000200E0000210E0000220E0000230E000082
:10606000240E0000250E0000260E0000270E000062
:10607000280E0000290E00002A0E00002B0E000042
:106080002C0E00002D0E00002E0E00002F0E000022
:10609000300E0000310E0000320E0000330E000002
:1060A000340E0000350E0000360E0000370E0000E2
:1060B000380E0000390E00003A0E00003B0E0000C2
:1060C0003C0E00003D0E00003E0E00003F0E0000A2
:1060D000400E0000410E0000420E0000430E000082
:1060E000440E0000450E0000460E0000470E000062
:1060F000480E0000490E00004A0E00004B0E000042
:106100004C0E00004D0E00004E0E00004F0E000021
:10611000500E0000510E0000520E0000530E000001
:10612000540E0000550E0000560E0000570E0000E1
:10613000580E0000590E00005A0E00005B0E0000C1
:106140005C0E00005D0E00005E0E00005F0E0000A1
:10615000600E0000610E0000620E0000630E000081
:10616000640E0000650E0000660E0000670E000061
:10617000680E0000690E00006A0E00006B0E000041
:106180006C0E00006D0E00006E0E00006F0E000021
:10619000700E0000710E0000720E0000730E000001
:1061A000740E0000750E0000760E0000770E0000E1
:1061B000780E0000790E00007A0E00007B0E0000C1
:1061C0007C0E00007D0E00007E0E00007F0E0000A1
:1061D000800E0000810E0000820E0000830E000081
:1061E000840E0000850E0000860E0000870E000061
:1061F000880E0000890E00008A0E00008B0E000041
:106200008C0E00008D0E00008E0E00008F0E000020
:10621000900E0000910E0000920E0000930E000000
:10622000940E0000950E0000960E0000970E0000E0
:10623000980E0000990E00009A0E00009B0E0000C0
:106240009C0E00009D0E00009E0E00009F0E0000A0
:10625000A00E0000A10E0000A20E0000A30E000080
:10626000A40E0000A50E0000A60E0000A70E000060
:10627000A80E0000A90E0000AA0E0000AB0E000040
:10628000AC0E0000AD0E0000AE0E0000AF0E000020
:10629000B00E0000B10E0000B20E0000B30E000000
:1062A000B40E0000B50E0000B60E0000B70E0000E0
:1062B000B80E0000B90E0000BA0E0000BB0E0000C0
:1062C000BC0E0000BD0E0000BE0E0000BF0E0000A0
:1062D000C00E0000C10E0000C20E0000C30E000080
:1062E000C40E0000C50E0000C60E0000C70E000060
:1062F000C80E0000C90E0000CA0E0000CB0E000040
:10630000CC0E0000CD0E0000CE0E0000CF0E00001F
:10631000D00E0000D10E0000D20E0000D30E0000FF
:10632000D40E0000D50E0000D60E0000D70E0000DF
:10633000D80E0000D90E0000DA0E0000DB0E0000BF
:10634000DC0E0000DD0E0000DE0E0000DF0E00009F
:10635000E00E0000E10E0000E20E0000E30E00007F
:10636000E40E0000E50E0000E60E0000E70E00005F
:10637000E80E0000E90E0000EA0E0000EB0E00003F
:10638000EC0E0000ED0E0000EE0E0000EF0E00001F
:10639000F00E0000F10E0000F20E0000F30E0000FF
:1063A000F40E0000F50E0000F60E0000F70E0000DF
:1063B000F80E0000F90E0000FA0E0000FB0E0000BF
:1063C000FC0E0000FD0E0000FE0E0000FF0E00009F
:1063D000000F0000010F0000020F0000030F00007B
:1063E000040F0000050F0000060F0000070F00005B
:1063F000080F0000090F00000A0F00000B0F00003B
:106400000C0F00000D0F00000E0F00000F0F00001A
:10641000100F0000110F0000120F0000130F0000FA
:10642000140F0000150F0000160F0000170F0000DA
:10643000180F0000190F00001A0F00001B0F0000BA
:106440001C0F00001D0F00001E0F00001F0F00009A
:10645000200F0000210F0000220F0000230F00007A
:10646000240F0000250F0000260F0000270F00005A
:10647000280F0000290F00002A0F00002B0F00003A
:106480002C0F00002D0F00002E0F00002F0F00001A
:10649000300F0000310F0000320F0000330F0000FA
:1064A000340F0000350F0000360F0000370F0000DA
:1064B000380F0000390F00003A0F00003B0F0000BA
:1064C0003C0F00003D0F00003E0F00003F0F00009A
:1064D000400F0000410F0000420F0000430F00007A
:1064E000440F0000450F0000460F0000470F00005A
:1064F000480F0000490F00004A0F00004B0F00003A
:106500004C0F00004D0F00004E0F00004F0F000019
:10651000500F0000510F0000520F0000530F0000F9
:10652000540F0000550F0000560F0000570F0000D9
:10653000580F0000590F00005A0F00005B0F0000B9
:106540005C0F00005D0F00005E0F00005F0F000099
:10655000600F0000610F0000620F0000630F000079
:10656000640F0000650F0000660F0000670F000059
:10657000680F0000690F00006A0F00006B0F000039
:106580006C0F00006D0F00006E0F00006F0F000019
:10659000700F0000710F0000720F0000730F0000F9
:1065A000740F0000750F0000760F0000770F0000D9
:1065B000780F0000790F00007A0F00007B0F0000B9
:1065C0007C0F00007D0F00007E0F00007F0F000099
:1065D000800F0000810F0000820F0000830F000079
:1065E000840F0000850F0000860F0000870F000059
:1065F000880F0000890F00008A0F00008B0F000039
:106600008C0F00008D0F00008E0F00008F0F000018
:10661000900F0000910F0000920F0000930F0000F8
:10662000940F0000950F0000960F0000970F0000D8
:10663000980F0000990F00009A0F00009B0F0000B8
:106640009C0F00009D0F00009E0F00009F0F000098
:10665000A00F0000A10F0000A20F0000A30F000078
:10666000A40F0000A50F0000A60F0000A70F000058
:10667000A80F0000A90F0000AA0F0000AB0F000038
:10668000AC0F0000AD0F0000AE0F0000AF0F000018
:10669000B00F0000B10F0000B20F0000B30F0000F8
:1066A000B40F0000B50F0000B60F0000B70F0000D8
:1066B000B80F0000B90F0000BA0F0000BB0F0000B8
:1066C000BC0F0000BD0F0000BE0F0000BF0F000098
:1066D000C00F0000C10F0000C20F0000C30F000078
:1066E000C40F0000C50F0000C60F0000C70F000058
:1066F000C80F0000C90F0000CA0F0000CB0F000038
:10670000CC0F0000CD0F0000CE0F0000CF0F000017
:10671000D00F0000D10F0000D20F0000D30F0000F7
:10672000D40F0000D50F0000D60F0000D70F0000D7
:10673000D80F0000D90F0000DA0F0000DB0F0000B7
:10674000DC0F0000DD0F0000DE0F0000DF0F000097
:10675000E00F0000E10F0000E20F0000E30F000077
:10676000E40F0000E50F0000E60F0000E70F000057
:10677000E80F0000E90F0000EA0F0000EB0F000037
:10678000EC0F0000ED0F0000EE0F0000EF0F000017
:10679000F00F0000F10F0000F20F0000F30F0000F7
:1067A000F40F0000F50F0000F60F0000F70F0000D7
:1067B000F80F0000F90F0000FA0F0000FB0F0000B7
:1067C000FC0F0000FD0F0000FE0F0000FF0F000097
:1067D0000008000003080000060800000908000087
:1067E0000C0800000F080000120800001508000047
:1067F000190800001C0800001F0800002208000003
:1068000025080000280800002B0800002F080000C1
:106810003208000035080000380800003B0800007E
:106820003E0800004108000045080000480800003C
:106830004B0800004E0800005108000054080000FA
:10684000570800005B0800005E08000061080000B7
:1068500064080000670800006A0800006D08000076
:106860007108000074080000770800007A08000032
:106870007D080000800800008308000086080000F2
:106880008A0800008D0800009008000093080000AE
:1068900096080000990800009C080000A00800006D
:1068A000A3080000A6080000A9080000AC0800002A
:1068B000AF080000B2080000B5080000B9080000E9
:1068C000BC080000BF080000C2080000C5080000A6
:1068D000C8080000CB080000CE080000D208000065
:1068E000D5080000D8080000DB080000DE08000022
:1068F000E1080000E4080000E7080000EB080000E1
:10690000EE080000F1080000F4080000F70800009D
:10691000FA080000FD08000000090000030900005B
:10692000070900000A0900000D0900001009000015
:106930001309000016090000190900001C090000D5
:106940001F09000023090000260900002909000092
:106950002C0900002F090000320900003509000051
:10696000380900003B0900003F090000420900000F
:1069700045090000480900004B0900004E090000CD
:106980005109000054090000570900005A0900008D
:106990005E09000061090000640900006709000049
:1069A0006A0900006D090000700900007309000009
:1069B00076090000790900007C09000080090000C8
:1069C0008309000086090000890900008C09000085
:1069D0008F09000092090000950900009809000045
:1069E0009B0900009E090000A1090000A409000005
:1069F000A8090000AB090000AE090000B1090000C1
:106A0000B4090000B7090000BA090000BD09000080
:106A1000C0090000C3090000C6090000C909000040
:106A2000CC090000CF090000D2090000D6090000FF
:106A3000D9090000DC090000DF090000E2090000BC
:106A4000E5090000E8090000EB090000EE0900007C
:106A5000F1090000F4090000F7090000FA0900003C
:106A6000FD090000000A0000030A0000060A0000F9
:106A7000090A00000C0A00000F0A0000120A0000B8
:106A8000150A0000190A00001C0A00001F0A000075
:106A9000220A0000250A0000280A00002B0A000034
:106AA0002E0A0000310A0000340A0000370A0000F4
:106AB0003A0A00003D0A0000400A0000430A0000B4
:106AC000460A0000490A00004C0A00004F0A000074
:106AD000520A0000550A0000580A00005B0A000034
:106AE0005E0A0000610A0000640A0000670A0000F4
:106AF0006A0A00006D0A0000700A0000730A0000B4
:106B0000760A0000790A00007C0A00007F0A000073
:106B1000820A0000850A0000880A00008B0A000033
:106B20008E0A0000910A0000940A0000970A0000F3
:106B30009A0A00009D0A0000A00A0000A20A0000B4
:106B4000A50A0000A80A0000AB0A0000AE0A000077
:106B5000B10A0000B40A0000B70A0000BA0A000037
:106B6000BD0A0000C00A0000C30A0000C60A0000F7
:106B7000C90A0000CC0A0000CF0A0000D20A0000B7
:106B8000D50A0000D80A0000DB0A0000DD0A000078
:106B9000E00A0000E30A0000E60A0000E90A00003B
:106BA000EC0A0000EF0A0000F20A0000F50A0000FB
:106BB000F80A0000FB0A0000FE0A0000010B0000BA
:106BC000030B0000060B0000090B00000C0B00007B
:106BD0000F0B0000120B0000150B0000180B00003B
:106BE0001B0B00001E0B0000200B0000230B0000FD
:106BF000260B0000290B00002C0B00002F0B0000BF
:106C0000320B0000350B0000370B00003A0B000080
:106C10003D0B0000400B0000430B0000460B000042
:106C2000490B00004C0B00004E0B0000510B000004
:106C3000540B0000570B00005A0B00005D0B0000C6
:106C4000600B0000620B0000650B0000680B000089
:106C50006B0B00006E0B0000710B0000730B00004B
:106C6000760B0000790B00007C0B00007F0B00000E
:106C7000820B0000840B0000870B00008A0B0000D1
:106C80008D0B0000900B0000920B0000950B000094
:106C9000980B00009B0B00009E0B0000A00B000057
:106CA000A30B0000A60B0000A90B0000AC0B00001A
:106CB000AE0B0000B10B0000B40B0000B70B0000DE
:106CC000BA0B0000BC0B0000BF0B0000C20B0000A1
:106CD000C50B0000C70B0000CA0B0000CD0B000065
:106CE000D00B0000D30B0000D50B0000D80B000028
:106CF000DB0B0000DE0B0000E00B0000E30B0000EC
:106D0000E60B0000E90B0000EB0B0000EE0B0000AF
:106D1000F10B0000F30B0000F60B0000F90B000074
:106D2000FC0B0000FE0B0000010C0000040C000036
:106D3000060C0000090C00000C0C00000F0C0000F9
:106D4000110C0000140C0000170C0000190C0000BE
:106D50001C0C00001F0C0000220C0000240C000082
:106D6000270C00002A0C00002C0C00002F0C000047
:106D7000320C0000340C0000370C00003A0C00000C
:106D80003C0C00003F0C0000420C0000440C0000D2
:106D9000470C00004A0C00004C0C00004F0C000097
:106DA000520C0000540C0000570C0000590C00005D
:106DB0005C0C00005F0C0000610C0000640C000023
:106DC000670C0000690C00006C0C00006E0C0000E9
:106DD000710C0000740C0000760C0000790C0000AF
:106DE0007B0C00007E0C0000810C0000830C000076
:106DF000860C0000880C00008B0C00008E0C00003C
:106E0000900C0000930C0000950C0000980C000002
:106E10009A0C00009D0C0000A00C0000A20C0000C9
:106E2000A50C0000A70C0000AA0C0000AC0C000090
:106E3000AF0C0000B10C0000B40C0000B70C000057
:106E4000B90C0000BC0C0000BE0C0000C10C00001E
:106E5000C30C0000C60C0000C80C0000CB0C0000E6
:106E6000CD0C0000D00C0000D20C0000D50C0000AE
:106E7000D70C0000DA0C0000DC0C0000DF0C000076
:106E8000E10C0000E40C0000E60C0000E90C00003E
:106E9000EB0C0000EE0C0000F00C0000F30C000006
:106EA000F50C0000F80C0000FA0C0000FC0C0000CF
:106EB000FF0C0000010D0000040D0000060D000095
:106EC000090D00000B0D00000E0D0000100D00005C
:106ED000120D0000150D0000170D00001A0D000026
:106EE0001C0D00001F0D0000210D0000230D0000EF
:106EF000260D0000280D00002B0D00002D0D0000B8
:106F00002F0D0000320D0000340D0000360D000082
:106F1000390D00003B0D00003E0D0000400D00004B
:106F2000420D0000450D0000470D0000490D000016
:106F30004C0D00004E0D0000500D0000530D0000E0
:106F4000550D0000580D00005A0D00005C0D0000AA
:106F50005F0D0000610D0000630D0000650D000075
:106F6000680D00006A0D00006C0D00006F0D000040
:106F7000710D0000730D0000760D0000780D00000B
:106F80007A0D00007C0D00007F0D0000810D0000D7
:106F9000830D0000860D0000880D00008A0D0000A2
:106FA0008C0D00008F0D0000910D0000930D00006E
:106FB000950D0000980D00009A0D00009C0D00003A
:106FC0009E0D0000A10D0000A30D0000A50D000006
:106FD000A70D0000AA0D0000AC0D0000AE0D0000D2
:106FE000B00D0000B20D0000B50D0000B70D00009F
:106FF000B90D0000BB0D0000BD0D0000C00D00006C
:10700000C20D0000C40D0000C60D0000C80D000038
:10701000CA0D0000CD0D0000CF0D0000D10D000005
:10702000D30D0000D50D0000D70D0000D90D0000D4
:10703000DC0D0000DE0D0000E00D0000E20D0000A0
:10704000E40D0000E60D0000E80D0000EA0D000070
:10705000ED0D0000EF0D0000F10D0000F30D00003C
:10706000F50D0000F70D0000F90D0000FB0D00000C
:10707000FD0D0000FF0D0000020E0000040E0000D8
:10708000060E0000080E00000A0E00000C0E0000A4
:107090000E0E0000100E0000120E0000140E000074
:1070A000160E0000180E00001A0E00001C0E000044
:1070B0001E0E0000200E0000220E0000240E000014
:1070C000260E0000280E00002A0E00002C0E0000E4
:1070D0002E0E0000300E0000320E0000340E0000B4
:1070E000360E0000380E00003A0E00003C0E000084
:1070F0003E0E0000400E0000420E0000440E000054
:10710000460E0000480E00004A0E00004C0E000023
:107110004E0E0000500E0000510E0000530E0000F5
:10712000550E0000570E0000590E00005B0E0000C7
:107130005D0E00005F0E0000610E0000630E000097
:10714000650E0000660E0000680E00006A0E00006A
:107150006C0E00006E0E0000700E0000720E00003B
:10716000740E0000750E0000770E0000790E00000E
:107170007B0E00007D0E00007F0E0000800E0000E0
:10718000820E0000840E0000860E0000880E0000B3
:107190008A0E00008B0E00008D0E00008F0E000086
:1071A000910E0000920E0000940E0000960E00005A
:1071B000980E00009A0E00009B0E00009D0E00002D
:1071C0009F0E0000A10E0000A20E0000A40E000001
:1071D000A60E0000A80E0000A90E0000AB0E0000D5
:1071E000AD0E0000AF0E0000B00E0000B20E0000A9
:1071F000B40E0000B50E0000B70E0000B90E00007E
:10720000BB0E0000BC0E0000BE0E0000C00E000051
:10721000C10E0000C30E0000C50E0000C60E000027
:10722000C80E0000CA0E0000CB0E0000CD0E0000FC
:10723000CF0E0000D00E0000D20E0000D40E0000D1
:10724000D50E0000D70E0000D80E0000DA0E0000A8
:10725000DC0E0000DD0E0000DF0E0000E10E00007D
:10726000E20E0000E40E0000E50E0000E70E000054
:10727000E80E0000EA0E0000EC0E0000ED0E00002B
:10728000EF0E0000F00E0000F20E0000F30E000002
:10729000F50E0000F70E0000F80E0000FA0E0000D8
:1072A000FB0E0000FD0E0000FE0E0000000F0000AF
:1072B000010F0000030F0000040F0000060F000084
:1072C000070F0000090F00000A0F00000C0F00005C
:1072D0000D0F00000F0F0000100F0000120F000034
:1072E000130F0000150F0000160F0000170F00000D
:1072F000190F00001A0F00001C0F00001D0F0000E6
:107300001F0F0000200F0000220F0000230F0000BD
:10731000240F0000260F0000270F0000290F000097
:107320002A0F00002B0F00002D0F00002E0F000071
:10733000300F0000310F0000320F0000340F00004A
:10734000350F0000360F0000380F0000390F000025
:107350003A0F00003C0F00003D0F00003E0F000000
:10736000400F0000410F0000420F0000440F0000DA
:10737000450F0000460F0000480F0000490F0000B5
:107380004A0F00004C0F00004D0F00004E0F000090
:107390004F0F0000510F0000520F0000530F00006C
:1073A000540F0000560F0000570F0000580F000048
:1073B000590F00005B0F00005C0F00005D0F000024
:1073C0005E0F0000600F0000610F0000620F000000
:1073D000630F0000640F0000660F0000670F0000DD
:1073E000680F0000690F00006A0F00006B0F0000BB
:1073F0006D0F00006E0F00006F0F0000700F000097
:10740000710F0000720F0000740F0000750F000074
:10741000760F0000770F0000780F0000790F000052
:107420007A0F00007B0F00007D0F00007E0F000030
:107430007F0F0000800F0000810F0000820F00000E
:10744000830F0000840F0000850F0000860F0000EE
:10745000870F0000880F0000890F00008A0F0000CE
:107460008C0F00008D0F00008E0F00008F0F0000AA
:10747000900F0000910F0000920F0000930F00008A
:10748000940F0000950F0000960F0000970F00006A
:10749000980F0000990F00009A0F00009B0F00004A
:1074A0009C0F00009D0F00009D0F00009E0F00002C
:1074B0009F0F0000A00F0000A10F0000A20F00000E
:1074C000A30F0000A40F0000A50F0000A60F0000EE
:1074D000A70F0000A80F0000A90F0000AA0F0000CE
:1074E000AA0F0000AB0F0000AC0F0000AD0F0000B2
:1074F000AE0F0000AF0F0000B00F0000B10F000092
:10750000B10F0000B20F0000B30F0000B40F000075
:10751000B50F0000B60F0000B60F0000B70F000057
:10752000B80F0000B90F0000BA0F0000BB0F000039
:10753000BB0F0000BC0F0000BD0F0000BE0F00001D
:10754000BF0F0000BF0F0000C00F0000C10F000000
:10755000C20F0000C20F0000C30F0000C40F0000E4
:10756000C50F0000C50F0000C60F0000C70F0000C8
:10757000C80F0000C80F0000C90F0000CA0F0000AC
:10758000CA0F0000CB0F0000CC0F0000CD0F000091
:10759000CD0F0000CE0F0000CF0F0000CF0F000076
:1075A000D00F0000D10F0000D10F0000D20F00005B
:1075B000D30F0000D30F0000D40F0000D50F000040
:1075C000D50F0000D60F0000D60F0000D70F000027
:1075D000D80F0000D80F0000D90F0000D90F00000D
:1075E000DA0F0000DB0F0000DB0F0000DC0F0000F3
:1075F000DC0F0000DD0F0000DE0F0000DE0F0000DA
:10760000DF0F0000DF0F0000E00F0000E00F0000C0
:10761000E10F0000E10F0000E20F0000E20F0000A8
:10762000E30F0000E30F0000E40F0000E40F000090
:10763000E50F0000E50F0000E60F0000E60F000078
:10764000E70F0000E70F0000E80F0000E80F000060
:10765000E90F0000E90F0000EA0F0000EA0F000048
:10766000EB0F0000EB0F0000EC0F0000EC0F000030
:10767000EC0F0000ED0F0000ED0F0000EE0F00001A
:10768000EE0F0000EE0F0000EF0F0000EF0F000004
:10769000F00F0000F00F0000F00F0000F10F0000ED
:1076A000F10F0000F10F0000F20F0000F20F0000D8
:1076B000F30F0000F30F0000F30F0000F40F0000C1
:1076C000F40F0000F40F0000F50F0000F50F0000AC
:1076D000F50F0000F50F0000F60F0000F60F000098
:1076E000F60F0000F70F0000F70F0000F70F000083
:1076F000F70F0000F80F0000F80F0000F80F00006F
:10770000F80F0000F90F0000F90F0000F90F00005A
:10771000F90F0000FA0F0000FA0F0000FA0F000046
:10772000FA0F0000FB0F0000FB0F0000FB0F000032
:10773000FB0F0000FB0F0000FC0F0000FC0F00001F
:10774000FC0F0000FC0F0000FC0F0000FC0F00000D
:10775000FD0F0000FD0F0000FD0F0000FD0F0000F9
:10776000FD0F0000FD0F0000FD0F0000FD0F0000E9
:10777000FE0F0000FE0F0000FE0F0000FE0F0000D5
:10778000FE0F0000FE0F0000FE0F0000FE0F0000C5
:10779000FE0F0000FE0F0000FF0F0000FF0F0000B3
:1077A000FF0F0000FF0F0000FF0F0000FF0F0000A1
:1077B000FF0F0000FF0F0000FF0F0000FF0F000091
:1077C000FF0F0000FF0F0000FF0F0000FF0F000081
:1077D000FF0F0000FF0F0000FF0F0000FF0F000071
:1077E000FF0F0000FF0F0000FF0F0000FF0F000061
:1077F000FF0F0000FF0F0000FF0F0000FF0F000051
:10780000FF0F0000FF0F0000FF0F0000FE0F000041
:10781000FE0F0000FE0F0000FE0F0000FE0F000034
:10782000FE0F0000FE0F0000FE0F0000FE0F000024
:10783000FE0F0000FD0F0000FD0F0000FD0F000017
:10784000FD0F0000FD0F0000FD0F0000FD0F000008
:10785000FD0F0000FC0F0000FC0F0000FC0F0000FB
:10786000FC0F0000FC0F0000FC0F0000FB0F0000ED
:10787000FB0F0000FB0F0000FB0F0000FB0F0000E0
:10788000FA0F0000FA0F0000FA0F0000FA0F0000D4
:10789000F90F0000F90F0000F90F0000F90F0000C8
:1078A000F80F0000F80F0000F80F0000F80F0000BC
:1078B000F70F0000F70F0000F70F0000F70F0000B0
:1078C000F60F0000F60F0000F60F0000F50F0000A5
:1078D000F50F0000F50F0000F50F0000F40F000099
:1078E000F40F0000F40F0000F30F0000F30F00008E
:1078F000F30F0000F20F0000F20F0000F10F000084
:10790000F10F0000F10F0000F00F0000F00F000079
:10791000F00F0000EF0F0000EF0F0000EE0F00006F
:10792000EE0F0000EE0F0000ED0F0000ED0F000065
:10793000EC0F0000EC0F0000EC0F0000EB0F00005C
:10794000EB0F0000EA0F0000EA0F0000E90F000053
:10795000E90F0000E80F0000E80F0000E70F00004B
:10796000E70F0000E60F0000E60F0000E50F000043
:10797000E50F0000E40F0000E40F0000E30F00003B
:10798000E30F0000E20F0000E20F0000E10F000033
:10799000E10F0000E00F0000E00F0000DF0F00002B
:1079A000DF0F0000DE0F0000DE0F0000DD0F000023
:1079B000DC0F0000DC0F0000DB0F0000DB0F00001D
:1079C000DA0F0000D90F0000D90F0000D80F000017
:1079D000D80F0000D70F0000D60F0000D60F000010
:1079E000D50F0000D50F0000D40F0000D30F00000A
:1079F000D30F0000D20F0000D10F0000D10F000004
:107A0000D00F0000CF0F0000CF0F0000CE0F0000FE
:107A1000CD0F0000CD0F0000CC0F0000CB0F0000F9
:107A2000CA0F0000CA0F0000C90F0000C80F0000F5
:107A3000C80F0000C70F0000C60F0000C50F0000F0
:107A4000C50F0000C40F0000C30F0000C20F0000EC
:107A5000C20F0000C10F0000C00F0000BF0F0000E8
:107A6000BF0F0000BE0F0000BD0F0000BC0F0000E4
:107A7000BB0F0000BB0F0000BA0F0000B90F0000E1
:107A8000B80F0000B70F0000B60F0000B60F0000DF
:107A9000B50F0000B40F0000B30F0000B20F0000DC
:107AA000B10F0000B10F0000B00F0000AF0F0000D9
:107AB000AE0F0000AD0F0000AC0F0000AB0F0000D8
:107AC000AA0F0000AA0F0000A90F0000A80F0000D5
:107AD000A70F0000A60F0000A50F0000A40F0000D4
:107AE000A30F0000A20F0000A10F0000A00F0000D4
:107AF0009F0F00009E0F00009D0F00009D0F0000D3
:107B00009C0F00009B0F00009A0F0000990F0000CF
:107B1000980F0000970F0000960F0000950F0000CF
:107B2000940F0000930F0000920F0000910F0000CF
:107B3000900F00008F0F00008E0F00008D0F0000CF
:107B40008C0F00008A0F0000890F0000880F0000D2
:107B5000870F0000860F0000850F0000840F0000D3
:107B6000830F0000820F0000810F0000800F0000D3
:107B70007F0F00007E0F00007D0F00007B0F0000D4
:107B80007A0F0000790F0000780F0000770F0000D7
:107B9000760F0000750F0000740F0000720F0000D8
:107BA000710F0000700F00006F0F00006E0F0000DB
:107BB0006D0F00006B0F00006A0F0000690F0000DE
:107BC000680F0000670F0000660F0000640F0000E0
:107BD000630F0000620F0000610F0000600F0000E3
:107BE0005E0F00005D0F00005C0F00005B0F0000E7
:107BF000590F0000580F0000570F0000560F0000EB
:107C0000540F0000530F0000520F0000510F0000EE
:107C10004F0F00004E0F00004D0F00004C0F0000F2
:107C20004A0F0000490F0000480F0000460F0000F7
:107C3000450F0000440F0000420F0000410F0000FC
:107C4000400F00003E0F00003D0F00003C0F000001
:107C50003A0F0000390F0000380F0000360F000007
:107C6000350F0000340F0000320F0000310F00000C
:107C7000300F00002E0F00002D0F00002B0F000012
:107C80002A0F0000290F0000270F0000260F000018
:107C9000240F0000230F0000220F0000200F00001F
:107CA0001F0F00001D0F00001C0F00001A0F000026
:107CB000190F0000170F0000160F0000150F00002D
:107CC000130F0000120F0000100F00000F0F000034
:107CD0000D0F00000C0F00000A0F0000090F00003C
:107CE000070F0000060F0000040F0000030F000044
:107CF000010F0000000F0000FE0E0000FD0E00004E
:107D0000FB0E0000FA0E0000F80E0000F70E000057
:107D1000F50E0000F30E0000F20E0000F00E000061
:107D2000EF0E0000ED0E0000EC0E0000EA0E000069
:107D3000E80E0000E70E0000E50E0000E40E000073
:107D4000E20E0000E10E0000DF0E0000DD0E00007C
:107D5000DC0E0000DA0E0000D80E0000D70E000086
:107D6000D50E0000D40E0000D20E0000D00E000090
:107D7000CF0E0000CD0E0000CB0E0000CA0E00009A
:107D8000C80E0000C60E0000C50E0000C30E0000A5
:107D9000C10E0000C00E0000BE0E0000BC0E0000B0
:107DA000BB0E0000B90E0000B70E0000B50E0000BB
:107DB000B40E0000B20E0000B00E0000AF0E0000C6
:107DC000AD0E0000AB0E0000A90E0000A80E0000D2
:107DD000A60E0000A40E0000A20E0000A10E0000DE
:107DE0009F0E00009D0E00009B0E00009A0E0000EA
:107DF000980E0000960E0000940E0000920E0000F7
:107E0000910E00008F0E00008D0E00008B0E000002
:107E10008A0E0000880E0000860E0000840E00000E
:107E2000820E0000800E00007F0E00007D0E00001C
:107E30007B0E0000790E0000770E0000750E00002A
:107E4000740E0000720E0000700E00006E0E000036
:107E50006C0E00006A0E0000680E0000660E000046
:107E6000650E0000630E0000610E00005F0E000052
:107E70005D0E00005B0E0000590E0000570E000062
:107E8000550E0000530E0000510E0000500E000071
:107E90004E0E00004C0E00004A0E0000480E00007E
:107EA000460E0000440E0000420E0000400E00008E
:107EB0003E0E00003C0E00003A0E0000380E00009E
:107EC000360E0000340E0000320E0000300E0000AE
:107ED0002E0E00002C0E00002A0E0000280E0000BE
:107EE000260E0000240E0000220E0000200E0000CE
:107EF0001E0E00001C0E00001A0E0000180E0000DE
:107F0000160E0000140E0000120E0000100E0000ED
:107F10000E0E00000C0E00000A0E0000080E0000FD
:107F2000060E0000040E0000020E0000FF0D00000F
:107F3000FD0D0000FB0D0000F90D0000F70D000025
:107F4000F50D0000F30D0000F10D0000EF0D000035
:107F5000ED0D0000EA0D0000E80D0000E60D000048
:107F6000E40D0000E20D0000E00D0000DE0D000059
:107F7000DC0D0000D90D0000D70D0000D50D00006C
:107F8000D30D0000D10D0000CF0D0000CD0D00007D
:107F9000CA0D0000C80D0000C60D0000C40D000091
:107FA000C20D0000C00D0000BD0D0000BB0D0000A3
:107FB000B90D0000B70D0000B50D0000B20D0000B6
:107FC000B00D0000AE0D0000AC0D0000AA0D0000C9
:107FD000A70D0000A50D0000A30D0000A10D0000DD
:107FE0009E0D00009C0D00009A0D0000980D0000F1
:107FF000950D0000930D0000910D00008F0D000005
:108000008C0D00008A0D0000880D0000860D000018
:10801000830D0000810D00007F0D00007C0D00002D
:108020007A0D0000780D0000760D0000730D000041
:10803000710D00006F0D00006C0D00006A0D000056
:10804000680D0000650D0000630D0000610D00006B
:108050005F0D00005C0D00005A0D0000580D00007F
:10806000550D0000530D0000500D00004E0D000096
:108070004C0D0000490D0000470D0000450D0000AB
:10808000420D0000400D00003E0D00003B0D0000C1
:10809000390D0000360D0000340D0000320D0000D7
:1080A0002F0D00002D0D00002B0D0000280D0000ED
:1080B000260D0000230D0000210D00001F0D000003
:1080C0001C0D00001A0D0000170D0000150D00001A
:1080D000120D0000100D00000E0D00000B0D000031
:1080E000090D0000060D0000040D0000010D000048
:1080F000FF0C0000FC0C0000FA0C0000F80C000063
:10810000F50C0000F30C0000F00C0000EE0C000079
:10811000EB0C0000E90C0000E60C0000E40C000091
:10812000E10C0000DF0C0000DC0C0000DA0C0000A9
:10813000D70C0000D50C0000D20C0000D00C0000C1
:10814000CD0C0000CB0C0000C80C0000C60C0000D9
:10815000C30C0000C10C0000BE0C0000BC0C0000F1
:10816000B90C0000B70C0000B40C0000B10C00000A
:10817000AF0C0000AC0C0000AA0C0000A70C000023
:10818000A50C0000A20C0000A00C00009D0C00003B
:108190009A0C0000980C0000950C0000930C000055
:1081A000900C00008E0C00008B0C0000880C00006E
:1081B000860C0000830C0000810C00007E0C000087
:1081C0007B0C0000790C0000760C0000740C0000A1
:1081D000710C00006E0C00006C0C0000690C0000BB
:1081E000670C0000640C0000610C00005F0C0000D4
:1081F0005C0C0000590C0000570C0000540C0000EF
:10820000520C00004F0C00004C0C00004A0C000007
:10821000470C0000440C0000420C00003F0C000022
:108220003C0C00003A0C0000370C0000340C00003D
:10823000320C00002F0C00002C0C00002A0C000057
:10824000270C0000240C0000220C00001F0C000072
:108250001C0C0000190C0000170C0000140C00008E
:10826000110C00000F0C00000C0C0000090C0000A9
:10827000060C0000040C0000010C0000FE0B0000C6
:10828000FC0B0000F90B0000F60B0000F30B0000E4
:10829000F10B0000EE0B0000EB0B0000E90B0000FF
:1082A000E60B0000E30B0000E00B0000DE0B00001B
:1082B000DB0B0000D80B0000D50B0000D30B000037
:1082C000D00B0000CD0B0000CA0B0000C70B000054
:1082D000C50B0000C20B0000BF0B0000BC0B000070
:1082E000BA0B0000B70B0000B40B0000B10B00008C
:1082F000AE0B0000AC0B0000A90B0000A60B0000A9
:10830000A30B0000A00B00009E0B00009B0B0000C5
:10831000980B0000950B0000920B0000900B0000E2
:108320008D0B00008A0B0000870B0000840B0000FF
:10833000820B00007F0B00007C0B0000790B00001B
:10834000760B0000730B0000710B00006E0B000039
:108350006B0B0000680B0000650B0000620B000057
:10836000600B00005D0B00005A0B0000570B000073
:10837000540B0000510B00004E0B00004C0B000092
:10838000490B0000460B0000430B0000400B0000AF
:108390003D0B00003A0B0000370B0000350B0000CE
:1083A000320B00002F0B00002C0B0000290B0000EB
:1083B000260B0000230B0000200B00001E0B00000A
:1083C0001B0B0000180B0000150B0000120B000027
:1083D0000F0B00000C0B0000090B0000060B000047
:1083E000030B0000010B0000FE0A0000FB0A000066
:1083F000F80A0000F50A0000F20A0000EF0A000087
:10840000EC0A0000E90A0000E60A0000E30A0000A6
:10841000E00A0000DD0A0000DB0A0000D80A0000C4
:10842000D50A0000D20A0000CF0A0000CC0A0000E2
:10843000C90A0000C60A0000C30A0000C00A000002
:10844000BD0A0000BA0A0000B70A0000B40A000022
:10845000B10A0000AE0A0000AB0A0000A80A000042
:10846000A50A0000A20A0000A00A00009D0A000060
:108470009A0A0000970A0000940A0000910A00007E
:108480008E0A00008B0A0000880A0000850A00009E
:10849000820A00007F0A00007C0A0000790A0000BE
:1084A000760A0000730A0000700A00006D0A0000DE
:1084B0006A0A0000670A0000640A0000610A0000FE
:1084C0005E0A00005B0A0000580A0000550A00001E
:1084D000520A00004F0A00004C0A0000490A00003E
:1084E000460A0000430A0000400A00003D0A00005E
:1084F0003A0A0000370A0000340A0000310A00007E
:108500002E0A00002B0A0000280A0000250A00009D
:10851000220A00001F0A00001C0A0000190A0000BD
:10852000150A0000120A00000F0A00000C0A0000E1
:10853000090A0000060A0000030A0000000A000001
:10854000FD090000FA090000F7090000F409000025
:10855000F1090000EE090000EB090000E809000045
:10856000E5090000E2090000DF090000DC09000065
:10857000D9090000D6090000D2090000CF09000087
:10858000CC090000C9090000C6090000C3090000A9
:10859000C0090000BD090000BA090000B7090000C9
:1085A000B4090000B1090000AE090000AB090000E9
:1085B000A8090000A4090000A10900009E0900000C
:1085C0009B0900009809000095090000920900002D
:1085D0008F0900008C09000089090000860900004D
:1085E00083090000800900007C090000790900006F
:1085F0007609000073090000700900006D09000091
:108600006A090000670900006409000061090000B0
:108610005E0900005A0900005709000054090000D3
:10862000510900004E0900004B09000048090000F4
:1086300045090000420900003F0900003B09000015
:108640003809000035090000320900002F09000038
:108650002C09000029090000260900002309000058
:108660001F0900001C09000019090000160900007C
:1086700013090000100900000D0900000A0900009C
:10868000070900000309000000090000FD080000C0
:10869000FA080000F7080000F4080000F1080000E4
:1086A000EE080000EB080000E7080000E408000006
:1086B000E1080000DE080000DB080000D808000028
:1086C000D5080000D2080000CE080000CB0800004A
:1086D000C8080000C5080000C2080000BF0800006C
:1086E000BC080000B9080000B5080000B20800008E
:1086F000AF080000AC080000A9080000A6080000B0
:10870000A3080000A00800009C08000099080000D1
:108710009608000093080000900800008D080000F3
:108720008A08000086080000830800008008000016
:108730007D0800007A080000770800007408000037
:10874000710800006D0800006A080000670800005A
:1087500064080000610800005E0800005B0800007B
:108760005708000054080000510800004E0800009F
:108770004B080000480800004508000041080000C0
:108780003E0800003B0800003808000035080000E3
:10879000320800002F0800002B0800002808000005
:1087A00025080000220800001F0800001C08000027
:1087B0001908000015080000120800000F0800004A
:1087C0000C0800000908000006080000030800006B
:1087D00000080000FC070000F9070000F607000091
:1087E000F3070000F0070000ED070000EA070000B3
:1087F000E6070000E3070000E0070000DD070000D7
:10880000DA070000D7070000D4070000D0070000F7
:10881000CD070000CA070000C7070000C40700001A
:10882000C1070000BE070000BA070000B70700003C
:10883000B4070000B1070000AE070000AB0700005E
:10884000A8070000A4070000A10700009E07000081
:108850009B070000980700009507000092070000A2
:108860008E0700008B0700008807000085070000C6
:10887000820700007F0700007C07000079070000E6
:1088800075070000720700006F0700006C0700000A
:108890006907000066070000630700005F0700002B
:1088A0005C0700005907000056070000530700004E
:1088B000500700004D0700004A070000460700006F
:1088C00043070000400700003D0700003A07000092
:1088D0003707000034070000310700002D070000B3
:1088E0002A070000270700002407000021070000D6
:1088F0001E0700001B0700001807000014070000F7
:10890000110700000E0700000B0700000807000019
:108910000507000002070000FF060000FC0600003B
:10892000F8060000F5060000F2060000EF06000061
:10893000EC060000E9060000E6060000E306000081
:10894000E0060000DC060000D9060000D6060000A4
:10895000D3060000D0060000CD060000CA060000C5
:10896000C7060000C4060000C0060000BD060000E7
:10897000BA060000B7060000B4060000B106000009
:10898000AE060000AB060000A8060000A506000029
:10899000A10600009E0600009B060000980600004D
:1089A00095060000920600008F0600008C0600006D
:1089B0008906000086060000830600007F0600008E
:1089C0007C060000790600007606000073060000B1
:1089D000700600006D0600006A06000067060000D1
:1089E00064060000610600005E0600005B060000F1
:1089F0005706000054060000510600004E06000015
:108A00004B06000048060000450600004206000034
:108A10003F0600003C060000390600003606000054
:108A200033060000300600002D0600002906000075
:108A30002606000023060000200600001D06000098
:108A40001A060000170600001406000011060000B8
:108A50000E0600000B0600000806000005060000D8
:108A600002060000FF050000FC050000F9050000FB
:108A7000F6050000F3050000F0050000ED0500001C
:108A8000EA050000E6050000E3050000E00500003F
:108A9000DD050000DA050000D7050000D405000060
:108AA000D1050000CE050000CB050000C805000080
:108AB000C5050000C2050000BF050000BC050000A0
:108AC000B9050000B6050000B3050000B0050000C0
:108AD000AD050000AA050000A7050000A4050000E0
:108AE000A10500009E0500009B0500009805000000
:108AF00095050000920500008F0500008C05000020
:108B0000890500008605000083050000800500003F
:108B10007D0500007A05000077050000740500005F
:108B2000710500006E0500006B050000680500007F
:108B300065050000620500005F0500005D0500009E
:108B40005A050000570500005405000051050000BB
:108B50004E0500004B0500004805000045050000DB
:108B6000420500003F0500003C05000039050000FB
:108B70003605000033050000300500002D0500001B
:108B80002A0500002705000024050000220500003A
:108B90001F0500001C050000190500001605000057
:108BA00013050000100500000D0500000A05000077
:108BB000070500000405000001050000FE04000098
:108BC000FC040000F9040000F6040000F3040000B7
:108BD000F0040000ED040000EA040000E7040000D7
:108BE000E4040000E1040000DF040000DC040000F5
:108BF000D9040000D6040000D3040000D004000013
:108C0000CD040000CA040000C8040000C504000030
:108C1000C2040000BF040000BC040000B90400004E
:108C2000B6040000B3040000B1040000AE0400006C
:108C3000AB040000A8040000A5040000A20400008A
:108C40009F0400009D0400009A04000097040000A7
:108C500094040000910400008E0400008C040000C5
:108C600089040000860400008304000080040000E2
:108C70007D0400007B0400007804000075040000FF
:108C8000720400006F0400006D0400006A0400001C
:108C90006704000064040000610400005F04000039
:108CA0005C04000059040000560400005304000056
:108CB000510400004E0400004B0400004804000072
:108CC0004504000043040000400400003D0400008F
:108CD0003A040000380400003504000032040000AB
:108CE0002F0400002C0400002A04000027040000C8
:108CF00024040000210400001F0400001C040000E4
:108D000019040000160400001404000011040000FF
:108D10000E0400000C04000009040000060400001A
:108D20000304000001040000FE030000FB03000038
:108D3000F9030000F6030000F3030000F003000055
:108D4000EE030000EB030000E8030000E603000070
:108D5000E3030000E0030000DD030000DB0300008C
:108D6000D8030000D5030000D3030000D0030000A7
:108D7000CD030000CB030000C8030000C5030000C2
:108D8000C3030000C0030000BD030000BB030000DC
:108D9000B8030000B5030000B3030000B0030000F7
:108DA000AD030000AB030000A8030000A603000011
:108DB000A3030000A00300009E0300009B0300002B
:108DC0009803000096030000930300009103000045
:108DD0008E0300008B03000089030000860300005F
:108DE00084030000810300007E0300007C03000078
:108DF0007903000077030000740300007103000092
:108E00006F0300006C0300006A03000067030000AA
:108E100065030000620300005F0300005D030000C3
:108E20005A030000580300005503000053030000DC
:108E3000500300004E0300004B03000048030000F5
:108E40004603000043030000410300003E0300000E
:108E50003C03000039030000370300003403000026
:108E6000320300002F0300002D0300002A0300003E
:108E70002803000025030000230300002003000056
:108E80001E0300001B03000019030000160300006E
:108E900014030000110300000F0300000C03000086
:108EA0000A0300000703000005030000030300009D
:108EB00000030000FE020000FB020000F9020000B7
:108EC000F6020000F4020000F1020000EF020000D0
:108ED000ED020000EA020000E8020000E5020000E6
:108EE000E3020000E0020000DE020000DC020000FD
:108EF000D9020000D7020000D4020000D202000014
:108F0000D0020000CD020000CB020000C902000028
:108F1000C6020000C4020000C1020000BF0200003F
:108F2000BD020000BA020000B8020000B602000054
:108F3000B3020000B1020000AF020000AC0200006A
:108F4000AA020000A7020000A5020000A302000080
:108F5000A00200009E0200009C0200009A02000095
:108F600097020000950200009302000090020000AA
:108F70008E0200008C0200008902000087020000BF
:108F80008502000083020000800200007E020000D3
:108F90007C020000790200007702000075020000E8
:108FA00073020000700200006E0200006C020000FC
:108FB0006A02000067020000650200006302000010
:108FC000610200005E0200005C0200005A02000024
:108FD0005802000055020000530200005102000038
:108FE0004F0200004D0200004A020000480200004B
:108FF0004602000044020000420200003F0200005E
:109000003D0200003B020000390200003702000070
:109010003502000032020000300200002E02000083
:109020002C0200002A020000280200002602000094
:1090300023020000210200001F0200001D020000A8
:109040001B020000190200001702000015020000B8
:1090500012020000100200000E0200000C020000CC
:109060000A020000080200000602000004020000DC
:109070000202000000020000FD010000FB010000F0
:10908000F9010000F7010000F5010000F301000004
:10909000F1010000EF010000ED010000EB01000014
:1090A000E9010000E7010000E5010000E301000024
:1090B000E1010000DF010000DD010000DB01000034
:1090C000D9010000D7010000D5010000D301000044
:1090D000D1010000CF010000CD010000CB01000054
:1090E000C9010000C7010000C5010000C301000064
:1090F000C1010000BF010000BD010000BB01000074
:10910000B9010000B7010000B5010000B301000083
:10911000B1010000AF010000AE010000AC01000091
:10912000AA010000A8010000A6010000A40100009F
:10913000A2010000A00100009E0100009C010000AF
:109140009A010000990100009701000095010000BC
:1091500093010000910100008F0100008D010000CB
:109160008B0100008A0100008801000086010000D8
:109170008401000082010000800100007F010000E6
:109180007D0100007B0100007901000077010000F3
:109190007501000074010000720100007001000000
:1091A0006E0100006D0100006B010000690100000C
:1091B0006701000065010000640100006201000019
:1091C000600100005E0100005D0100005B01000025
:1091D0005901000057010000560100005401000031
:1091E00052010000500100004F0100004D0100003D
:1091F0004B0100004A010000480100004601000048
:109200004401000043010000410100003F01000053
:109210003E0100003C0100003A010000390100005D
:109220003701000035010000340100003201000068
:10923000300100002F0100002D0100002B01000073
:109240002A0100002801000027010000250100007C
:109250002301000022010000200100001E01000087
:109260001D0100001B0100001A0100001801000090
:109270001701000015010000130100001201000099
:10928000100100000F0100000D0100000C010000A2
:109290000A010000080100000701000005010000AC
:1092A000040100000201000001010000FF000000B5
:1092B000FE000000FC000000FB000000F9000000C0
:1092C000F8000000F6000000F5000000F3000000C8
:1092D000F2000000F0000000EF000000ED000000D0
:1092E000EC000000EA000000E9000000E8000000D7
:1092F000E6000000E5000000E3000000E2000000DE
:10930000E0000000DF000000DD000000DC000000E5
:10931000DB000000D9000000D8000000D6000000EB
:10932000D5000000D4000000D2000000D1000000F1
:10933000CF000000CE000000CD000000CB000000F8
:10934000CA000000C9000000C7000000C6000000FD
:10935000C5000000C3000000C2000000C100000002
:10936000BF000000BE000000BD000000BB00000008
:10937000BA000000B9000000B7000000B60000000D
:10938000B5000000B3000000B2000000B100000012
:10939000B0000000AE000000AD000000AC00000016
:1093A000AB000000A9000000A8000000A70000001A
:1093B000A6000000A4000000A3000000A20000001E
:1093C000A10000009F0000009E0000009D00000022
:1093D0009C0000009B000000990000009800000025
:1093E0009700000096000000950000009400000027
:1093F0009200000091000000900000008F0000002B
:109400008E0000008D0000008B0000008A0000002C
:10941000890000008800000087000000860000002E
:109420008500000084000000820000008100000030
:10943000800000007F0000007E0000007D00000032
:109440007C0000007B0000007A0000007900000032
:109450007800000077000000760000007500000032
:109460007300000072000000710000007000000036
:109470006F0000006E0000006D0000006C00000036
:109480006B0000006A000000690000006800000036
:109490006700000066000000650000006400000036
:1094A0006300000062000000620000006100000034
:1094B000600000005F0000005E0000005D00000032
:1094C0005C0000005B0000005A0000005900000032
:1094D0005800000057000000560000005500000032
:1094E000550000005400000053000000520000002E
:1094F00051000000500000004F0000004E0000002E
:109500004E0000004D0000004C0000004B00000029
:109510004A00000049000000490000004800000027
:109520004700000046000000450000004400000025
:109530004400000043000000420000004100000021
:1095400040000000400000003F0000003E0000001E
:109550003D0000003D0000003C0000003B0000001A
:109560003A0000003A000000390000003800000016
:109570003700000037000000360000003500000012
:10958000350000003400000033000000320000000D
:109590003200000031000000300000003000000008
:1095A0002F0000002E0000002E0000002D00000003
:1095B0002C0000002C0000002B0000002A000000FE
:1095C0002A000000290000002900000028000000F7
:1095D00027000000270000002600000026000000F1
:1095E00025000000240000002400000023000000EB
:1095F00023000000220000002100000021000000E4
:1096000020000000200000001F0000001F000000DC
:109610001E0000001E0000001D0000001D000000D4
:109620001C0000001C0000001B0000001B000000CC
:109630001A0000001A0000001900000019000000C4
:1096400018000000180000001700000017000000BC
:1096500016000000160000001500000015000000B4
:1096600014000000140000001300000013000000AC
:1096700013000000120000001200000011000000A2
:109680001100000011000000100000001000000098
:109690000F0000000F0000000F0000000E0000008F
:1096A0000E0000000E0000000D0000000D00000084
:1096B0000C0000000C0000000C0000000B0000007B
:1096C0000B0000000B0000000A0000000A00000070
:1096D0000A0000000A000000090000000900000064
:1096E0000900000008000000080000000800000059
:1096F000080000000700000007000000070000004D
:109700000700000006000000060000000600000040
:109710000600000005000000050000000500000034
:109720000500000004000000040000000400000028
:10973000040000000400000003000000030000001B
:10974000030000000300000003000000030000000D
:109750000200000002000000020000000200000001
:1097600002000000020000000200000002000000F1
:1097700001000000010000000100000001000000E5
:1097800001000000010000000100000001000000D5
:1097900001000000010000000000000000000000C7
:1097A00000000000000000000000000000000000B9
:1097B00000000000000000000000000000000000A9
:1097C0000000000000000000000000000000000099
:1097D0000000000000000000000000000000000089
:1097E0000000000000000000000000000000000079
:1097F0000000000000000000000000000000000069
:109800000000000000000000000000000100000057
:109810000100000001000000010000000100000044
:109820000100000001000000010000000100000034
:109830000100000002000000020000000200000021
:109840000200000002000000020000000200000010
:1098500002000000030000000300000003000000FD
:1098600003000000030000000300000004000000EB
:1098700004000000040000000400000004000000D8
:1098800005000000050000000500000005000000C4
:1098900006000000060000000600000006000000B0
:1098A000070000000700000007000000070000009C
:1098B0000800000008000000080000000800000088
:1098C0000900000009000000090000000A00000073
:1098D0000A0000000A0000000A0000000B0000005F
:1098E0000B0000000B0000000C0000000C0000004A
:1098F0000C0000000D0000000D0000000E00000034
:109900000E0000000E0000000F0000000F0000001D
:109910000F00000010000000100000001100000007
:1099200011000000110000001200000012000000F1
:1099300013000000130000001300000014000000DA
:1099400014000000150000001500000016000000C3
:1099500016000000170000001700000018000000AB
:109960001800000019000000190000001A00000093
:109970001A0000001B0000001B0000001C0000007B
:109980001C0000001D0000001D0000001E00000063
:109990001E0000001F0000001F000000200000004B
:1099A0002000000021000000210000002200000033
:1099B0002300000023000000240000002400000019
:1099C00025000000260000002600000027000000FF
:1099D00027000000280000002900000029000000E6
:1099E0002A0000002A0000002B0000002C000000CC
:1099F0002C0000002D0000002E0000002E000000B2
:109A00002F00000030000000300000003100000096
:109A1000320000003200000033000000340000007B
:109A2000350000003500000036000000370000005F
:109A30003700000038000000390000003A00000044
:109A40003A0000003B0000003C0000003D00000028
:109A50003D0000003E0000003F000000400000000C
:109A600040000000410000004200000043000000F0
:109A700044000000440000004500000046000000D3
:109A800047000000480000004900000049000000B5
:109A90004A0000004B0000004C0000004D00000098
:109AA0004E0000004E0000004F000000500000007B
:109AB000510000005200000053000000540000005C
:109AC000550000005500000056000000570000003F
:109AD00058000000590000005A0000005B00000020
:109AE0005C0000005D0000005E0000005F00000000
:109AF00060000000610000006200000062000000E1
:109B000063000000640000006500000066000000C3
:109B10006700000068000000690000006A000000A3
:109B20006B0000006C0000006D0000006E00000083
:109B30006F00000070000000710000007200000063
:109B40007300000075000000760000007700000040
:109B500078000000790000007A0000007B0000001F
:109B60007C0000007D0000007E0000007F000000FF
:109B700080000000810000008200000084000000DE
:109B800085000000860000008700000088000000BB
:109B9000890000008A0000008B0000008D0000009A
:109BA0008E0000008F000000900000009100000077
:109BB0009200000094000000950000009600000054
:109BC0009700000098000000990000009B00000032
:109BD0009C0000009D0000009E0000009F0000000F
:109BE000A1000000A2000000A3000000A4000000EB
:109BF000A6000000A7000000A8000000A9000000C7
:109C0000AB000000AC000000AD000000AE000000A2
:109C1000B0000000B1000000B2000000B30000007E
:109C2000B5000000B6000000B7000000B900000059
:109C3000BA000000BB000000BD000000BE00000034
:109C4000BF000000C1000000C2000000C30000000F
:109C5000C5000000C6000000C7000000C9000000E9
:109C6000CA000000CB000000CD000000CE000000C4
:109C7000CF000000D1000000D2000000D40000009E
:109C8000D5000000D6000000D8000000D900000078
:109C9000DB000000DC000000DD000000DF00000051
:109CA000E0000000E2000000E3000000E50000002A
:109CB000E6000000E8000000E9000000EA00000003
:109CC000EC000000ED000000EF000000F0000000DC
:109CD000F2000000F3000000F5000000F6000000B4
:109CE000F8000000F9000000FB000000FC0000008C
:109CF000FE000000FF000000010100000201000062
:109D00000401000005010000070100000801000037
:109D10000A0100000C0100000D0100000F0100000D
:109D200010010000120100001301000015010000E5
:109D300017010000180100001A0100001B010000BB
:109D40001D0100001E010000200100002201000092
:109D50002301000025010000270100002801000068
:109D60002A0100002B0100002D0100002F0100003E
:109D70003001000032010000340100003501000014
:109D800037010000390100003A0100003C010000E9
:109D90003E0100003F0100004101000043010000BE
:109DA0004401000046010000480100004A01000093
:109DB0004B0100004D0100004F0100005001000068
:109DC000520100005401000056010000570100003C
:109DD000590100005B0100005D0100005E01000010
:109DE00060010000620100006401000065010000E4
:109DF00067010000690100006B0100006D010000B7
:109E00006E0100007001000072010000740100008A
:109E10007501000077010000790100007B0100005E
:109E20007D0100007F010000800100008201000030
:109E30008401000086010000880100008A01000002
:109E40008B0100008D0100008F01000091010000D6
:109E500093010000950100009701000099010000A6
:109E60009A0100009C0100009E010000A00100007A
:109E7000A2010000A4010000A6010000A80100004A
:109E8000AA010000AC010000AE010000AF0100001B
:109E9000B1010000B3010000B5010000B7010000EE
:109EA000B9010000BB010000BD010000BF010000BE
:109EB000C1010000C3010000C5010000C70100008E
:109EC000C9010000CB010000CD010000CF0100005E
:109ED000D1010000D3010000D5010000D70100002E
:109EE000D9010000DB010000DD010000DF010000FE
:109EF000E1010000E3010000E5010000E7010000CE
:109F0000E9010000EB010000ED010000EF0100009D
:109F1000F1010000F3010000F5010000F70100006D
:109F2000F9010000FB010000FD010000000200003B
:109F30000202000004020000060200000802000005
:109F40000A0200000C0200000E02000010020000D5
:109F500012020000150200001702000019020000A2
:109F60001B0200001D0200001F0200002102000071
:109F70002302000026020000280200002A0200003E
:109F80002C0200002E02000030020000320200000D
:109F90003502000037020000390200003B020000D9
:109FA0003D0200003F0200004202000044020000A7
:109FB00046020000480200004A0200004D02000074
:109FC0004F02000051020000530200005502000041
:109FD000580200005A0200005C0200005E0200000D
:109FE00061020000630200006502000067020000D9
:109FF0006A0200006C0200006E02000070020000A5
:10A000007302000075020000770200007902000070
:10A010007C0200007E02000080020000830200003B
:10A020008502000087020000890200008C02000007
:10A030008E020000900200009302000095020000D2
:10A04000970200009A0200009C0200009E0200009D
:10A05000A0020000A3020000A5020000A702000069
:10A06000AA020000AC020000AF020000B102000032
:10A07000B3020000B6020000B8020000BA020000FD
:10A08000BD020000BF020000C1020000C4020000C7
:10A09000C6020000C9020000CB020000CD02000091
:10A0A000D0020000D2020000D4020000D70200005B
:10A0B000D9020000DC020000DE020000E002000025
:10A0C000E3020000E5020000E8020000EA020000EE
:10A0D000ED020000EF020000F1020000F4020000B7
:10A0E000F6020000F9020000FB020000FE02000080
:10A0F0000003000003030000050300000703000045
:10A100000A0300000C0300000F030000110300000D
:10A110001403000016030000190300001B030000D5
:10A120001E0300002003000023030000250300009D
:10A13000280300002A0300002D0300002F03000065
:10A14000320300003403000037030000390300002D
:10A150003C0300003E0300004103000043030000F5
:10A1600046030000480300004B0300004E030000BC
:10A170005003000053030000550300005803000083
:10A180005A0300005D0300005F030000620300004B
:10A1900065030000670300006A0300006C03000011
:10A1A0006F030000710300007403000077030000D8
:10A1B000790300007C0300007E030000810300009F
:10A1C0008403000086030000890300008B03000065
:10A1D0008E0300009103000093030000960300002B
:10A1E000980300009B0300009E030000A0030000F2
:10A1F000A3030000A6030000A8030000AB030000B7
:10A20000AD030000B0030000B3030000B50300007D
:10A21000B8030000BB030000BD030000C003000042
:10A22000C3030000C5030000C8030000CB03000007
:10A23000CD030000D0030000D3030000D5030000CD
:10A24000D8030000DB030000DD030000E003000092
:10A25000E3030000E6030000E8030000EB03000056
:10A26000EE030000F0030000F3030000F60300001B
:10A27000F9030000FB030000FE03000001040000DE
:10A280000304000006040000090400000C040000A0
:10A290000E04000011040000140400001604000065
:10A2A000190400001C0400001F0400002104000029
:10A2B00024040000270400002A0400002C040000ED
:10A2C0002F040000320400003504000038040000B0
:10A2D0003A0400003D040000400400004304000074
:10A2E00045040000480400004B0400004E04000038
:10A2F00051040000530400005604000059040000FB
:10A300005C0400005F0400006104000064040000BD
:10A31000670400006A0400006D0400006F04000080
:10A320007204000075040000780400007B04000043
:10A330007D04000080040000830400008604000007
:10A34000890400008C0400008E04000091040000C9
:10A3500094040000970400009A0400009D0400008B
:10A360009F040000A2040000A5040000A80400004F
:10A37000AB040000AE040000B1040000B304000010
:10A38000B6040000B9040000BC040000BF040000D3
:10A39000C2040000C5040000C8040000CA04000094
:10A3A000CD040000D0040000D3040000D604000057
:10A3B000D9040000DC040000DF040000E104000018
:10A3C000E4040000E7040000EA040000ED040000DB
:10A3D000F0040000F3040000F6040000F90400009B
:10A3E000FC040000FE04000001050000040500005C
:10A3F000070500000A0500000D050000100500001B
:10A400001305000016050000190500001C050000DA
:10A410001F0500002205000024050000270500009C
:10A420002A0500002D05000030050000330500005E
:10A4300036050000390500003C0500003F0500001E
:10A440004205000045050000480500004B050000DE
:10A450004E0500005105000054050000570500009E
:10A460005A0500005D0500005F0500006205000060
:10A4700065050000680500006B0500006E05000022
:10A480007105000074050000770500007A050000E2
:10A490007D050000800500008305000086050000A2
:10A4A000890500008C0500008F0500009205000062
:10A4B00095050000980500009B0500009E05000022
:10A4C000A1050000A4050000A7050000AA050000E2
:10A4D000AD050000B0050000B3050000B6050000A2
:10A4E000B9050000BC050000BF050000C205000062
:10A4F000C5050000C8050000CB050000CE05000022
:10A50000D1050000D4050000D7050000DA050000E1
:10A51000DD050000E0050000E3050000E6050000A1
:10A52000EA050000ED050000F0050000F30500005D
:10A53000F6050000F9050000FC050000FF0500001D
:10A540000206000005060000080600000B060000D9
:10A550000E06000011060000140600001706000099
:10A560001A0600001D060000200600002306000059
:10A5700026060000290600002D0600003006000017
:10A580003306000036060000390600003C060000D5
:10A590003F06000042060000450600004806000095
:10A5A0004B0600004E060000510600005406000055
:10A5B000570600005B0600005E0600006106000012
:10A5C00064060000670600006A0600006D060000D1
:10A5D0007006000073060000760600007906000091
:10A5E0007C0600007F06000083060000860600004F
:10A5F000890600008C0600008F060000920600000D
:10A6000095060000980600009B0600009E060000CC
:10A61000A1060000A5060000A8060000AB06000089
:10A62000AE060000B1060000B4060000B706000048
:10A63000BA060000BD060000C0060000C406000007
:10A64000C7060000CA060000CD060000D0060000C4
:10A65000D3060000D6060000D9060000DC06000084
:10A66000E0060000E3060000E6060000E906000040
:10A67000EC060000EF060000F2060000F506000000
:10A68000F8060000FC060000FF06000002070000BC
:10A6900005070000080700000B0700000E07000078
:10A6A0001107000014070000180700001B07000036
:10A6B0001E070000210700002407000027070000F4
:10A6C0002A0700002D0700003107000034070000B2
:10A6D000370700003A0700003D0700004007000070
:10A6E00043070000460700004A0700004D0700002E
:10A6F00050070000530700005607000059070000EC
:10A700005C0700005F0700006307000066070000A9
:10A71000690700006C0700006F0700007207000067
:10A7200075070000790700007C0700007F07000024
:10A730008207000085070000880700008B070000E3
:10A740008E070000920700009507000098070000A0
:10A750009B0700009E070000A1070000A40700005F
:10A76000A8070000AB070000AE070000B10700001B
:10A77000B4070000B7070000BA070000BE070000DA
:10A78000C1070000C4070000C7070000CA07000097
:10A79000CD070000D0070000D4070000D707000055
:10A7A000DA070000DD070000E0070000E307000013
:10A7B000E6070000EA070000ED070000F0070000D0
:10A7C000F3070000F6070000F9070000FC0700008F
:0CA7D00001000000100000000024F40054
:04000005080026A920
:00000001FF
