ARM GAS  C:\Users\jonat\AppData\Local\Temp\ccV2JxN8.s 			page 1


   1              		.cpu cortex-m4
   2              		.arch armv7e-m
   3              		.fpu fpv4-sp-d16
   4              		.eabi_attribute 27, 1
   5              		.eabi_attribute 28, 1
   6              		.eabi_attribute 20, 1
   7              		.eabi_attribute 21, 1
   8              		.eabi_attribute 23, 3
   9              		.eabi_attribute 24, 1
  10              		.eabi_attribute 25, 1
  11              		.eabi_attribute 26, 1
  12              		.eabi_attribute 30, 1
  13              		.eabi_attribute 34, 1
  14              		.eabi_attribute 18, 4
  15              		.file	"main.c"
  16              		.text
  17              	.Ltext0:
  18              		.cfi_sections	.debug_frame
  19              		.file 1 "Core/Src/main.c"
  20              		.section	.text.MX_GPIO_Init,"ax",%progbits
  21              		.align	1
  22              		.syntax unified
  23              		.thumb
  24              		.thumb_func
  26              	MX_GPIO_Init:
  27              	.LFB136:
   1:Core/Src/main.c **** // JONATHANS BRANCH - 3F4
   2:Core/Src/main.c **** /* USER CODE BEGIN Header */
   3:Core/Src/main.c **** /**
   4:Core/Src/main.c ****   ******************************************************************************
   5:Core/Src/main.c ****   * @file           : main.c
   6:Core/Src/main.c ****   * @brief          : Main program body
   7:Core/Src/main.c ****   ******************************************************************************
   8:Core/Src/main.c ****   * @attention
   9:Core/Src/main.c ****   *
  10:Core/Src/main.c ****   * Copyright (c) 2025 STMicroelectronics.
  11:Core/Src/main.c ****   * All rights reserved.
  12:Core/Src/main.c ****   *
  13:Core/Src/main.c ****   * This software is licensed under terms that can be found in the LICENSE file
  14:Core/Src/main.c ****   * in the root directory of this software component.
  15:Core/Src/main.c ****   * If no LICENSE file comes with this software, it is provided AS-IS.
  16:Core/Src/main.c ****   *
  17:Core/Src/main.c ****   ******************************************************************************
  18:Core/Src/main.c ****   */
  19:Core/Src/main.c **** /* USER CODE END Header */
  20:Core/Src/main.c **** /* Includes ------------------------------------------------------------------*/
  21:Core/Src/main.c **** 
  22:Core/Src/main.c **** #include "main.h"
  23:Core/Src/main.c **** // TASKS 2: CHANGING THE MAXIMUM INTRATION VARIABLE
  24:Core/Src/main.c **** #define MAX_ITER 100
  25:Core/Src/main.c **** //#define MAX_ITER 200
  26:Core/Src/main.c **** //#define MAX_ITER 400
  27:Core/Src/main.c **** //#define MAX_ITER 600
  28:Core/Src/main.c **** ///#define MAX_ITER 1000
  29:Core/Src/main.c **** 
  30:Core/Src/main.c **** /* Private includes ----------------------------------------------------------*/
  31:Core/Src/main.c **** /* USER CODE BEGIN Includes */
ARM GAS  C:\Users\jonat\AppData\Local\Temp\ccV2JxN8.s 			page 2


  32:Core/Src/main.c **** 
  33:Core/Src/main.c **** /* USER CODE END Includes */
  34:Core/Src/main.c **** 
  35:Core/Src/main.c **** /* Private typedef -----------------------------------------------------------*/
  36:Core/Src/main.c **** /* USER CODE BEGIN PTD */
  37:Core/Src/main.c **** 
  38:Core/Src/main.c **** /* USER CODE END PTD */
  39:Core/Src/main.c **** 
  40:Core/Src/main.c **** /* Private define ------------------------------------------------------------*/
  41:Core/Src/main.c **** /* USER CODE BEGIN PD */
  42:Core/Src/main.c **** 
  43:Core/Src/main.c **** /* USER CODE END PD */
  44:Core/Src/main.c **** 
  45:Core/Src/main.c **** /* Private macro -------------------------------------------------------------*/
  46:Core/Src/main.c **** /* USER CODE BEGIN PM */
  47:Core/Src/main.c **** 
  48:Core/Src/main.c **** /* USER CODE END PM */
  49:Core/Src/main.c **** 
  50:Core/Src/main.c **** /* Private variables ---------------------------------------------------------*/
  51:Core/Src/main.c **** int start_time = 0;
  52:Core/Src/main.c **** int end_time = 0;
  53:Core/Src/main.c **** int execution_time = 0;
  54:Core/Src/main.c **** uint64_t checksum = 0;
  55:Core/Src/main.c **** int imageSize[5] = { 128, 160, 192, 224, 256 };
  56:Core/Src/main.c **** 
  57:Core/Src/main.c **** //Global variables to track risk of overflow for Task 7
  58:Core/Src/main.c **** int64_t max_xi = 0;
  59:Core/Src/main.c **** int64_t max_yi = 0;
  60:Core/Src/main.c **** 
  61:Core/Src/main.c **** 
  62:Core/Src/main.c **** /* USER CODE BEGIN PV */
  63:Core/Src/main.c **** 
  64:Core/Src/main.c **** /* USER CODE END PV */
  65:Core/Src/main.c **** 
  66:Core/Src/main.c **** /* Private function prototypes -----------------------------------------------*/
  67:Core/Src/main.c **** void SystemClock_Config(void);
  68:Core/Src/main.c **** static void MX_GPIO_Init(void);
  69:Core/Src/main.c **** /* USER CODE BEGIN PFP */
  70:Core/Src/main.c **** uint64_t calculate_mandelbrot_fixed_point_arithmetic(int width, int height, int max_iterations);
  71:Core/Src/main.c **** uint64_t calculate_mandelbrot_double(double width, double height, double max_iterations);
  72:Core/Src/main.c **** uint64_t calculate_mandelbrot_float(int width, int height, int max_iterations);
  73:Core/Src/main.c **** 
  74:Core/Src/main.c **** /* USER CODE END PFP */
  75:Core/Src/main.c **** 
  76:Core/Src/main.c **** /* Private user code ---------------------------------------------------------*/
  77:Core/Src/main.c **** /* USER CODE BEGIN 0 */
  78:Core/Src/main.c **** 
  79:Core/Src/main.c **** /* USER CODE END 0 */
  80:Core/Src/main.c **** 
  81:Core/Src/main.c **** /**
  82:Core/Src/main.c ****   * @brief  The application entry point.
  83:Core/Src/main.c ****   * @retval int
  84:Core/Src/main.c ****   */
  85:Core/Src/main.c **** int main(void)
  86:Core/Src/main.c **** {
  87:Core/Src/main.c ****   /* USER CODE BEGIN 1 */
  88:Core/Src/main.c **** 
ARM GAS  C:\Users\jonat\AppData\Local\Temp\ccV2JxN8.s 			page 3


  89:Core/Src/main.c ****   /* USER CODE END 1 */
  90:Core/Src/main.c **** 
  91:Core/Src/main.c ****   /* MCU Configuration--------------------------------------------------------*/
  92:Core/Src/main.c **** 
  93:Core/Src/main.c ****   /* Reset of all peripherals, Initializes the Flash interface and the Systick. */
  94:Core/Src/main.c ****   HAL_Init();
  95:Core/Src/main.c **** 
  96:Core/Src/main.c ****   /* USER CODE BEGIN Init */
  97:Core/Src/main.c **** 
  98:Core/Src/main.c ****   /* USER CODE END Init */
  99:Core/Src/main.c **** 
 100:Core/Src/main.c ****   /* Configure the system clock */
 101:Core/Src/main.c ****   SystemClock_Config();
 102:Core/Src/main.c **** 
 103:Core/Src/main.c ****   /* USER CODE BEGIN SysInit */
 104:Core/Src/main.c **** 
 105:Core/Src/main.c ****   /* USER CODE END SysInit */
 106:Core/Src/main.c **** 
 107:Core/Src/main.c ****   /* Initialize all configured peripherals */
 108:Core/Src/main.c ****   MX_GPIO_Init();
 109:Core/Src/main.c ****   /* USER CODE BEGIN 2 */
 110:Core/Src/main.c **** 
 111:Core/Src/main.c ****   /* USER CODE END 2 */
 112:Core/Src/main.c ****   HAL_GPIO_TogglePin(GPIOB, GPIO_PIN_0);
 113:Core/Src/main.c ****   int height, width;
 114:Core/Src/main.c ****     //width = height = imageSize[0]; //128
 115:Core/Src/main.c ****     //width = height = imageSize[1]; //160
 116:Core/Src/main.c ****     //width = height = imageSize[2]; //192
 117:Core/Src/main.c ****     //width = height = imageSize[3]; //224
 118:Core/Src/main.c ****     width = height = imageSize[4];	//256
 119:Core/Src/main.c ****   /* Infinite loop */
 120:Core/Src/main.c ****   /* USER CODE BEGIN WHILE */
 121:Core/Src/main.c **** 
 122:Core/Src/main.c ****      start_time = HAL_GetTick();
 123:Core/Src/main.c ****      checksum = calculate_mandelbrot_fixed_point_arithmetic(width, height, MAX_ITER);
 124:Core/Src/main.c ****      //checksum = calculate_mandelbrot_double(width, height, MAX_ITER);
 125:Core/Src/main.c ****      //checksum = calculate_mandelbrot_float(width, height, MAX_ITER);
 126:Core/Src/main.c ****      end_time = HAL_GetTick();
 127:Core/Src/main.c ****      execution_time = end_time - start_time;
 128:Core/Src/main.c ****      HAL_GPIO_TogglePin(GPIOB, GPIO_PIN_1);
 129:Core/Src/main.c ****      HAL_Delay(2000);
 130:Core/Src/main.c ****      HAL_GPIO_TogglePin(GPIOB, GPIO_PIN_0|GPIO_PIN_1);
 131:Core/Src/main.c ****   while (1)
 132:Core/Src/main.c ****   {
 133:Core/Src/main.c ****     /* USER CODE END WHILE */
 134:Core/Src/main.c ****     /* USER CODE BEGIN 3 */
 135:Core/Src/main.c **** 	  // Toggle the LEDs with a 1s delay
 136:Core/Src/main.c **** 	  // Code to check if the board is working
 137:Core/Src/main.c **** 
 138:Core/Src/main.c ****   }
 139:Core/Src/main.c ****   /* USER CODE END 3 */
 140:Core/Src/main.c **** }
 141:Core/Src/main.c **** 
 142:Core/Src/main.c **** /**
 143:Core/Src/main.c ****   * @brief System Clock Configuration
 144:Core/Src/main.c ****   * @retval None
 145:Core/Src/main.c ****   */
ARM GAS  C:\Users\jonat\AppData\Local\Temp\ccV2JxN8.s 			page 4


 146:Core/Src/main.c **** void SystemClock_Config(void)
 147:Core/Src/main.c **** {
 148:Core/Src/main.c ****   RCC_OscInitTypeDef RCC_OscInitStruct = {0};
 149:Core/Src/main.c ****   RCC_ClkInitTypeDef RCC_ClkInitStruct = {0};
 150:Core/Src/main.c **** 
 151:Core/Src/main.c ****   /** Configure the main internal regulator output voltage
 152:Core/Src/main.c ****   */
 153:Core/Src/main.c ****   __HAL_RCC_PWR_CLK_ENABLE();
 154:Core/Src/main.c ****   __HAL_PWR_VOLTAGESCALING_CONFIG(PWR_REGULATOR_VOLTAGE_SCALE3);
 155:Core/Src/main.c **** 
 156:Core/Src/main.c ****   /** Initializes the RCC Oscillators according to the specified parameters
 157:Core/Src/main.c ****   * in the RCC_OscInitTypeDef structure.
 158:Core/Src/main.c ****   */
 159:Core/Src/main.c ****   RCC_OscInitStruct.OscillatorType = RCC_OSCILLATORTYPE_HSI;
 160:Core/Src/main.c ****   RCC_OscInitStruct.HSIState = RCC_HSI_ON;
 161:Core/Src/main.c ****   RCC_OscInitStruct.HSICalibrationValue = RCC_HSICALIBRATION_DEFAULT;
 162:Core/Src/main.c ****   RCC_OscInitStruct.PLL.PLLState = RCC_PLL_NONE;
 163:Core/Src/main.c ****   if (HAL_RCC_OscConfig(&RCC_OscInitStruct) != HAL_OK)
 164:Core/Src/main.c ****   {
 165:Core/Src/main.c ****     Error_Handler();
 166:Core/Src/main.c ****   }
 167:Core/Src/main.c **** 
 168:Core/Src/main.c ****   /** Initializes the CPU, AHB and APB buses clocks
 169:Core/Src/main.c ****   */
 170:Core/Src/main.c ****   RCC_ClkInitStruct.ClockType = RCC_CLOCKTYPE_HCLK|RCC_CLOCKTYPE_SYSCLK
 171:Core/Src/main.c ****                               |RCC_CLOCKTYPE_PCLK1|RCC_CLOCKTYPE_PCLK2;
 172:Core/Src/main.c ****   RCC_ClkInitStruct.SYSCLKSource = RCC_SYSCLKSOURCE_HSI;
 173:Core/Src/main.c ****   RCC_ClkInitStruct.AHBCLKDivider = RCC_SYSCLK_DIV1;
 174:Core/Src/main.c ****   RCC_ClkInitStruct.APB1CLKDivider = RCC_HCLK_DIV1;
 175:Core/Src/main.c ****   RCC_ClkInitStruct.APB2CLKDivider = RCC_HCLK_DIV1;
 176:Core/Src/main.c **** 
 177:Core/Src/main.c ****   if (HAL_RCC_ClockConfig(&RCC_ClkInitStruct, FLASH_LATENCY_0) != HAL_OK)
 178:Core/Src/main.c ****   {
 179:Core/Src/main.c ****     Error_Handler();
 180:Core/Src/main.c ****   }
 181:Core/Src/main.c **** }
 182:Core/Src/main.c **** 
 183:Core/Src/main.c **** /**
 184:Core/Src/main.c ****   * @brief GPIO Initialization Function
 185:Core/Src/main.c ****   * @param None
 186:Core/Src/main.c ****   * @retval None
 187:Core/Src/main.c ****   */
 188:Core/Src/main.c **** static void MX_GPIO_Init(void)
 189:Core/Src/main.c **** {
  28              		.loc 1 189 1 view -0
  29              		.cfi_startproc
  30              		@ args = 0, pretend = 0, frame = 24
  31              		@ frame_needed = 0, uses_anonymous_args = 0
  32 0000 30B5     		push	{r4, r5, lr}
  33              	.LCFI0:
  34              		.cfi_def_cfa_offset 12
  35              		.cfi_offset 4, -12
  36              		.cfi_offset 5, -8
  37              		.cfi_offset 14, -4
  38 0002 87B0     		sub	sp, sp, #28
  39              	.LCFI1:
  40              		.cfi_def_cfa_offset 40
ARM GAS  C:\Users\jonat\AppData\Local\Temp\ccV2JxN8.s 			page 5


 190:Core/Src/main.c ****   GPIO_InitTypeDef GPIO_InitStruct = {0};
  41              		.loc 1 190 3 view .LVU1
  42              		.loc 1 190 20 is_stmt 0 view .LVU2
  43 0004 0024     		movs	r4, #0
  44 0006 0194     		str	r4, [sp, #4]
  45 0008 0294     		str	r4, [sp, #8]
  46 000a 0394     		str	r4, [sp, #12]
  47 000c 0494     		str	r4, [sp, #16]
  48 000e 0594     		str	r4, [sp, #20]
 191:Core/Src/main.c **** /* USER CODE BEGIN MX_GPIO_Init_1 */
 192:Core/Src/main.c **** /* USER CODE END MX_GPIO_Init_1 */
 193:Core/Src/main.c **** 
 194:Core/Src/main.c ****   /* GPIO Ports Clock Enable */
 195:Core/Src/main.c ****   __HAL_RCC_GPIOB_CLK_ENABLE();
  49              		.loc 1 195 3 is_stmt 1 view .LVU3
  50              	.LBB4:
  51              		.loc 1 195 3 view .LVU4
  52 0010 0094     		str	r4, [sp]
  53              		.loc 1 195 3 view .LVU5
  54 0012 0E4B     		ldr	r3, .L3
  55 0014 1A6B     		ldr	r2, [r3, #48]
  56 0016 42F00202 		orr	r2, r2, #2
  57 001a 1A63     		str	r2, [r3, #48]
  58              		.loc 1 195 3 view .LVU6
  59 001c 1B6B     		ldr	r3, [r3, #48]
  60 001e 03F00203 		and	r3, r3, #2
  61 0022 0093     		str	r3, [sp]
  62              		.loc 1 195 3 view .LVU7
  63 0024 009B     		ldr	r3, [sp]
  64              	.LBE4:
  65              		.loc 1 195 3 view .LVU8
 196:Core/Src/main.c **** 
 197:Core/Src/main.c ****   /*Configure GPIO pin Output Level */
 198:Core/Src/main.c ****   HAL_GPIO_WritePin(GPIOB, GPIO_PIN_0|GPIO_PIN_1|GPIO_PIN_2|GPIO_PIN_3
  66              		.loc 1 198 3 view .LVU9
  67 0026 0A4D     		ldr	r5, .L3+4
  68 0028 2246     		mov	r2, r4
  69 002a FF21     		movs	r1, #255
  70 002c 2846     		mov	r0, r5
  71 002e FFF7FEFF 		bl	HAL_GPIO_WritePin
  72              	.LVL0:
 199:Core/Src/main.c ****                           |GPIO_PIN_4|GPIO_PIN_5|GPIO_PIN_6|GPIO_PIN_7, GPIO_PIN_RESET);
 200:Core/Src/main.c **** 
 201:Core/Src/main.c ****   /*Configure GPIO pins : PB0 PB1 PB2 PB3
 202:Core/Src/main.c ****                            PB4 PB5 PB6 PB7 */
 203:Core/Src/main.c ****   GPIO_InitStruct.Pin = GPIO_PIN_0|GPIO_PIN_1|GPIO_PIN_2|GPIO_PIN_3
  73              		.loc 1 203 3 view .LVU10
  74              		.loc 1 203 23 is_stmt 0 view .LVU11
  75 0032 FF23     		movs	r3, #255
  76 0034 0193     		str	r3, [sp, #4]
 204:Core/Src/main.c ****                           |GPIO_PIN_4|GPIO_PIN_5|GPIO_PIN_6|GPIO_PIN_7;
 205:Core/Src/main.c ****   GPIO_InitStruct.Mode = GPIO_MODE_OUTPUT_PP;
  77              		.loc 1 205 3 is_stmt 1 view .LVU12
  78              		.loc 1 205 24 is_stmt 0 view .LVU13
  79 0036 0123     		movs	r3, #1
  80 0038 0293     		str	r3, [sp, #8]
 206:Core/Src/main.c ****   GPIO_InitStruct.Pull = GPIO_NOPULL;
ARM GAS  C:\Users\jonat\AppData\Local\Temp\ccV2JxN8.s 			page 6


  81              		.loc 1 206 3 is_stmt 1 view .LVU14
  82              		.loc 1 206 24 is_stmt 0 view .LVU15
  83 003a 0394     		str	r4, [sp, #12]
 207:Core/Src/main.c ****   GPIO_InitStruct.Speed = GPIO_SPEED_FREQ_LOW;
  84              		.loc 1 207 3 is_stmt 1 view .LVU16
  85              		.loc 1 207 25 is_stmt 0 view .LVU17
  86 003c 0494     		str	r4, [sp, #16]
 208:Core/Src/main.c ****   HAL_GPIO_Init(GPIOB, &GPIO_InitStruct);
  87              		.loc 1 208 3 is_stmt 1 view .LVU18
  88 003e 01A9     		add	r1, sp, #4
  89 0040 2846     		mov	r0, r5
  90 0042 FFF7FEFF 		bl	HAL_GPIO_Init
  91              	.LVL1:
 209:Core/Src/main.c **** 
 210:Core/Src/main.c **** /* USER CODE BEGIN MX_GPIO_Init_2 */
 211:Core/Src/main.c **** /* USER CODE END MX_GPIO_Init_2 */
 212:Core/Src/main.c **** }
  92              		.loc 1 212 1 is_stmt 0 view .LVU19
  93 0046 07B0     		add	sp, sp, #28
  94              	.LCFI2:
  95              		.cfi_def_cfa_offset 12
  96              		@ sp needed
  97 0048 30BD     		pop	{r4, r5, pc}
  98              	.L4:
  99 004a 00BF     		.align	2
 100              	.L3:
 101 004c 00380240 		.word	1073887232
 102 0050 00040240 		.word	1073873920
 103              		.cfi_endproc
 104              	.LFE136:
 106              		.global	__aeabi_ldivmod
 107              		.section	.text.calculate_mandelbrot_fixed_point_arithmetic,"ax",%progbits
 108              		.align	1
 109              		.global	calculate_mandelbrot_fixed_point_arithmetic
 110              		.syntax unified
 111              		.thumb
 112              		.thumb_func
 114              	calculate_mandelbrot_fixed_point_arithmetic:
 115              	.LVL2:
 116              	.LFB137:
 213:Core/Src/main.c **** 
 214:Core/Src/main.c **** /* USER CODE BEGIN 4 */
 215:Core/Src/main.c **** 
 216:Core/Src/main.c **** /* USER CODE END 4 */
 217:Core/Src/main.c **** 
 218:Core/Src/main.c **** /**
 219:Core/Src/main.c ****   * @brief  This function is executed in case of error occurrence.
 220:Core/Src/main.c ****   * @retval None
 221:Core/Src/main.c ****   */
 222:Core/Src/main.c **** 
 223:Core/Src/main.c **** uint64_t calculate_mandelbrot_fixed_point_arithmetic(int width, int height, int max_iterations){
 117              		.loc 1 223 96 is_stmt 1 view -0
 118              		.cfi_startproc
 119              		@ args = 0, pretend = 0, frame = 48
 120              		@ frame_needed = 0, uses_anonymous_args = 0
 121              		.loc 1 223 96 is_stmt 0 view .LVU21
 122 0000 2DE9F04F 		push	{r4, r5, r6, r7, r8, r9, r10, fp, lr}
ARM GAS  C:\Users\jonat\AppData\Local\Temp\ccV2JxN8.s 			page 7


 123              	.LCFI3:
 124              		.cfi_def_cfa_offset 36
 125              		.cfi_offset 4, -36
 126              		.cfi_offset 5, -32
 127              		.cfi_offset 6, -28
 128              		.cfi_offset 7, -24
 129              		.cfi_offset 8, -20
 130              		.cfi_offset 9, -16
 131              		.cfi_offset 10, -12
 132              		.cfi_offset 11, -8
 133              		.cfi_offset 14, -4
 134 0004 8DB0     		sub	sp, sp, #52
 135              	.LCFI4:
 136              		.cfi_def_cfa_offset 88
 137 0006 0B91     		str	r1, [sp, #44]
 138 0008 0192     		str	r2, [sp, #4]
 224:Core/Src/main.c **** 
 225:Core/Src/main.c **** 	uint64_t mandelbrot_sum = 0;
 139              		.loc 1 225 2 is_stmt 1 view .LVU22
 140              	.LVL3:
 226:Core/Src/main.c **** 
 227:Core/Src/main.c **** 	  // Defining scaling factor
 228:Core/Src/main.c **** 	  //const int64_t S = 10000000; //10^6
 229:Core/Src/main.c **** 	  //const int64_t S = 100000; //10^4
 230:Core/Src/main.c **** 	  const int64_t S = 10000; //10^3
 141              		.loc 1 230 4 view .LVU23
 231:Core/Src/main.c **** 	  // Fixed-point equivalents of the constants used in the function's operations
 232:Core/Src/main.c **** 	  const int64_t const_2_5=  2.5*S;
 142              		.loc 1 232 4 view .LVU24
 233:Core/Src/main.c **** 	  const int64_t const_3_5 = 3.5*S;
 143              		.loc 1 233 4 view .LVU25
 234:Core/Src/main.c **** 	  const int64_t const_1 = 1*S;
 144              		.loc 1 234 4 view .LVU26
 235:Core/Src/main.c **** 	  const int64_t const_2 = 2*S;
 145              		.loc 1 235 4 view .LVU27
 236:Core/Src/main.c **** 	  const int64_t const_4 = 4*S;
 146              		.loc 1 236 4 view .LVU28
 237:Core/Src/main.c **** 
 238:Core/Src/main.c **** 	  int64_t xi, yi, temp, x0, y0;
 147              		.loc 1 238 4 view .LVU29
 239:Core/Src/main.c **** 	  int iteration;
 148              		.loc 1 239 4 view .LVU30
 240:Core/Src/main.c **** 
 241:Core/Src/main.c **** 	  for (int y = 0; y < height; ++y) {
 149              		.loc 1 241 4 view .LVU31
 150              	.LBB5:
 151              		.loc 1 241 9 view .LVU32
 152              		.loc 1 241 13 is_stmt 0 view .LVU33
 153 000a 4FF0000A 		mov	r10, #0
 154              	.LBE5:
 225:Core/Src/main.c **** 
 155              		.loc 1 225 11 view .LVU34
 156 000e CDF81CA0 		str	r10, [sp, #28]
 157 0012 8346     		mov	fp, r0
 158 0014 CDF820A0 		str	r10, [sp, #32]
 159              	.LBB13:
 160              		.loc 1 241 4 view .LVU35
ARM GAS  C:\Users\jonat\AppData\Local\Temp\ccV2JxN8.s 			page 8


 161 0018 BEE0     		b	.L6
 162              	.LVL4:
 163              	.L9:
 164              	.LBB6:
 242:Core/Src/main.c **** 	    for (int x = 0; x < width; ++x) {
 243:Core/Src/main.c **** 	      // x0 = (x/width) * 3.5 - 2.5
 244:Core/Src/main.c **** 	      x0 = (x * const_3_5) / width - const_2_5;
 245:Core/Src/main.c **** 	      // y0 = (y/height) * 2.0 - 1.0
 246:Core/Src/main.c **** 	      y0 = (y * const_2) / height - const_1;
 247:Core/Src/main.c **** 
 248:Core/Src/main.c **** 	      xi = 0;
 249:Core/Src/main.c **** 	      yi = 0;
 250:Core/Src/main.c **** 	      iteration = 0;
 251:Core/Src/main.c **** 
 252:Core/Src/main.c **** 	      while (iteration < max_iterations && (xi * xi/S + yi * yi/S) <= const_4) {
 253:Core/Src/main.c **** 	        temp = (xi * xi)/S - (yi * yi)/S;
 165              		.loc 1 253 10 is_stmt 1 view .LVU36
 254:Core/Src/main.c **** 	        yi = (2 * xi * yi / S) + y0;
 166              		.loc 1 254 10 view .LVU37
 167              		.loc 1 254 23 is_stmt 0 view .LVU38
 168 001a 05FB06F6 		mul	r6, r5, r6
 169              	.LVL5:
 170              		.loc 1 254 23 view .LVU39
 171 001e 04FB0966 		mla	r6, r4, r9, r6
 172 0022 A5FB0401 		umull	r0, r1, r5, r4
 173              		.loc 1 254 28 view .LVU40
 174 0026 41F28832 		movw	r2, #5000
 175 002a 0023     		movs	r3, #0
 176 002c 3144     		add	r1, r1, r6
 177 002e FFF7FEFF 		bl	__aeabi_ldivmod
 178              	.LVL6:
 179              		.loc 1 254 13 view .LVU41
 180 0032 049B     		ldr	r3, [sp, #16]
 181 0034 1C18     		adds	r4, r3, r0
 182              		.loc 1 254 13 view .LVU42
 183 0036 059B     		ldr	r3, [sp, #20]
 184 0038 43EB0106 		adc	r6, r3, r1
 185              	.LVL7:
 255:Core/Src/main.c **** 	        xi = temp + x0;
 186              		.loc 1 255 10 is_stmt 1 view .LVU43
 187              		.loc 1 255 13 is_stmt 0 view .LVU44
 188 003c B7EB0A05 		subs	r5, r7, r10
 189              	.LVL8:
 190              		.loc 1 255 13 view .LVU45
 191 0040 009B     		ldr	r3, [sp]
 192 0042 6BEB0309 		sbc	r9, fp, r3
 193 0046 029B     		ldr	r3, [sp, #8]
 194 0048 ED18     		adds	r5, r5, r3
 195 004a 039B     		ldr	r3, [sp, #12]
 196 004c 43EB0909 		adc	r9, r3, r9
 197              	.LVL9:
 256:Core/Src/main.c **** 	        iteration++;
 198              		.loc 1 256 10 is_stmt 1 view .LVU46
 199              		.loc 1 256 19 is_stmt 0 view .LVU47
 200 0050 08F10108 		add	r8, r8, #1
 201              	.LVL10:
 202              	.L7:
ARM GAS  C:\Users\jonat\AppData\Local\Temp\ccV2JxN8.s 			page 9


 252:Core/Src/main.c **** 	        temp = (xi * xi)/S - (yi * yi)/S;
 203              		.loc 1 252 42 is_stmt 1 view .LVU48
 204 0054 019B     		ldr	r3, [sp, #4]
 205 0056 9845     		cmp	r8, r3
 206 0058 22DA     		bge	.L8
 252:Core/Src/main.c **** 	        temp = (xi * xi)/S - (yi * yi)/S;
 207              		.loc 1 252 49 is_stmt 0 discriminator 1 view .LVU49
 208 005a 05FB09F1 		mul	r1, r5, r9
 209 005e A5FB0507 		umull	r0, r7, r5, r5
 252:Core/Src/main.c **** 	        temp = (xi * xi)/S - (yi * yi)/S;
 210              		.loc 1 252 53 discriminator 1 view .LVU50
 211 0062 42F21072 		movw	r2, #10000
 212 0066 0023     		movs	r3, #0
 213 0068 07EB4101 		add	r1, r7, r1, lsl #1
 214 006c FFF7FEFF 		bl	__aeabi_ldivmod
 215              	.LVL11:
 216 0070 8B46     		mov	fp, r1
 217 0072 0746     		mov	r7, r0
 252:Core/Src/main.c **** 	        temp = (xi * xi)/S - (yi * yi)/S;
 218              		.loc 1 252 61 discriminator 1 view .LVU51
 219 0074 04FB06F1 		mul	r1, r4, r6
 220 0078 A4FB040C 		umull	r0, ip, r4, r4
 252:Core/Src/main.c **** 	        temp = (xi * xi)/S - (yi * yi)/S;
 221              		.loc 1 252 65 discriminator 1 view .LVU52
 222 007c 42F21072 		movw	r2, #10000
 223 0080 0023     		movs	r3, #0
 224 0082 0CEB4101 		add	r1, ip, r1, lsl #1
 225 0086 FFF7FEFF 		bl	__aeabi_ldivmod
 226              	.LVL12:
 227 008a 8246     		mov	r10, r0
 228 008c 0091     		str	r1, [sp]
 252:Core/Src/main.c **** 	        temp = (xi * xi)/S - (yi * yi)/S;
 229              		.loc 1 252 56 discriminator 1 view .LVU53
 230 008e 3A18     		adds	r2, r7, r0
 231 0090 4BEB0101 		adc	r1, fp, r1
 252:Core/Src/main.c **** 	        temp = (xi * xi)/S - (yi * yi)/S;
 232              		.loc 1 252 42 discriminator 1 view .LVU54
 233 0094 49F64143 		movw	r3, #40001
 234 0098 9A42     		cmp	r2, r3
 235 009a 71F10001 		sbcs	r1, r1, #0
 236 009e BCDB     		blt	.L9
 237              	.L8:
 238              	.LBB7:
 257:Core/Src/main.c **** 	      }
 258:Core/Src/main.c **** 
 259:Core/Src/main.c **** 	      if (llabs(xi) > max_xi) max_xi = llabs(xi);
 239              		.loc 1 259 12 view .LVU55
 240 00a0 DDF824B0 		ldr	fp, [sp, #36]
 241 00a4 0A9F     		ldr	r7, [sp, #40]
 242              	.LBE7:
 243              		.loc 1 259 8 is_stmt 1 view .LVU56
 244              	.LBB8:
 245              		.loc 1 259 12 is_stmt 0 view .LVU57
 246 00a6 4946     		mov	r1, r9
 247 00a8 B9F1000F 		cmp	r9, #0
 248 00ac 68DB     		blt	.L18
 249              	.LVL13:
ARM GAS  C:\Users\jonat\AppData\Local\Temp\ccV2JxN8.s 			page 10


 250              	.L10:
 251              		.loc 1 259 22 view .LVU58
 252 00ae 434A     		ldr	r2, .L22
 253 00b0 1068     		ldr	r0, [r2]
 254 00b2 5268     		ldr	r2, [r2, #4]
 255              		.loc 1 259 11 view .LVU59
 256 00b4 A842     		cmp	r0, r5
 257 00b6 8A41     		sbcs	r2, r2, r1
 258 00b8 02DA     		bge	.L11
 259              		.loc 1 259 32 is_stmt 1 discriminator 1 view .LVU60
 260              		.loc 1 259 39 is_stmt 0 discriminator 1 view .LVU61
 261 00ba 404A     		ldr	r2, .L22
 262 00bc 1560     		str	r5, [r2]
 263 00be 5160     		str	r1, [r2, #4]
 264              	.L11:
 265              	.LBE8:
 260:Core/Src/main.c **** 	      if (llabs(yi) > max_yi) max_yi = llabs(yi);
 266              		.loc 1 260 8 is_stmt 1 view .LVU62
 267              	.LBB9:
 268              		.loc 1 260 12 is_stmt 0 view .LVU63
 269 00c0 3146     		mov	r1, r6
 270 00c2 002E     		cmp	r6, #0
 271 00c4 60DB     		blt	.L19
 272              	.LVL14:
 273              	.L12:
 274              		.loc 1 260 22 view .LVU64
 275 00c6 3E4A     		ldr	r2, .L22+4
 276 00c8 1068     		ldr	r0, [r2]
 277 00ca 5268     		ldr	r2, [r2, #4]
 278              		.loc 1 260 11 view .LVU65
 279 00cc A042     		cmp	r0, r4
 280 00ce 8A41     		sbcs	r2, r2, r1
 281 00d0 02DA     		bge	.L13
 282              		.loc 1 260 32 is_stmt 1 discriminator 1 view .LVU66
 283              		.loc 1 260 39 is_stmt 0 discriminator 1 view .LVU67
 284 00d2 3B4A     		ldr	r2, .L22+4
 285 00d4 1460     		str	r4, [r2]
 286 00d6 5160     		str	r1, [r2, #4]
 287              	.L13:
 288              	.LBE9:
 261:Core/Src/main.c **** 	      mandelbrot_sum += iteration;
 289              		.loc 1 261 8 is_stmt 1 view .LVU68
 290              		.loc 1 261 23 is_stmt 0 view .LVU69
 291 00d8 079B     		ldr	r3, [sp, #28]
 292 00da 18EB0302 		adds	r2, r8, r3
 293 00de 0792     		str	r2, [sp, #28]
 294              	.LVL15:
 295              		.loc 1 261 23 view .LVU70
 296 00e0 089B     		ldr	r3, [sp, #32]
 297 00e2 43EBE873 		adc	r3, r3, r8, asr #31
 298 00e6 0893     		str	r3, [sp, #32]
 299              	.LVL16:
 242:Core/Src/main.c **** 	      // x0 = (x/width) * 3.5 - 2.5
 300              		.loc 1 242 33 is_stmt 1 discriminator 2 view .LVU71
 301 00e8 069B     		ldr	r3, [sp, #24]
 302              	.LVL17:
 242:Core/Src/main.c **** 	      // x0 = (x/width) * 3.5 - 2.5
ARM GAS  C:\Users\jonat\AppData\Local\Temp\ccV2JxN8.s 			page 11


 303              		.loc 1 242 33 is_stmt 0 discriminator 2 view .LVU72
 304 00ea 0133     		adds	r3, r3, #1
 305 00ec 0693     		str	r3, [sp, #24]
 306              	.LVL18:
 307              	.L15:
 242:Core/Src/main.c **** 	      // x0 = (x/width) * 3.5 - 2.5
 308              		.loc 1 242 24 is_stmt 1 discriminator 1 view .LVU73
 309 00ee 069B     		ldr	r3, [sp, #24]
 310 00f0 BB42     		cmp	r3, r7
 311 00f2 4DDA     		bge	.L20
 244:Core/Src/main.c **** 	      // y0 = (y/height) * 2.0 - 1.0
 312              		.loc 1 244 8 view .LVU74
 244:Core/Src/main.c **** 	      // y0 = (y/height) * 2.0 - 1.0
 313              		.loc 1 244 16 is_stmt 0 view .LVU75
 314 00f4 069B     		ldr	r3, [sp, #24]
 315 00f6 DC17     		asrs	r4, r3, #31
 316 00f8 48F6B805 		movw	r5, #35000
 317 00fc 4FF00009 		mov	r9, #0
 318 0100 A3FB0501 		umull	r0, r1, r3, r5
 244:Core/Src/main.c **** 	      // y0 = (y/height) * 2.0 - 1.0
 319              		.loc 1 244 29 view .LVU76
 320 0104 3A46     		mov	r2, r7
 321 0106 FB17     		asrs	r3, r7, #31
 322 0108 05FB0411 		mla	r1, r5, r4, r1
 323 010c FFF7FEFF 		bl	__aeabi_ldivmod
 324              	.LVL19:
 244:Core/Src/main.c **** 	      // y0 = (y/height) * 2.0 - 1.0
 325              		.loc 1 244 11 view .LVU77
 326 0110 2C4B     		ldr	r3, .L22+8
 327 0112 1B18     		adds	r3, r3, r0
 328 0114 0293     		str	r3, [sp, #8]
 329 0116 61F10003 		sbc	r3, r1, #0
 330 011a 0393     		str	r3, [sp, #12]
 331              	.LVL20:
 246:Core/Src/main.c **** 
 332              		.loc 1 246 8 is_stmt 1 view .LVU78
 246:Core/Src/main.c **** 
 333              		.loc 1 246 16 is_stmt 0 view .LVU79
 334 011c 4FEAEB71 		asr	r1, fp, #31
 335 0120 8A00     		lsls	r2, r1, #2
 336 0122 42EA9B72 		orr	r2, r2, fp, lsr #30
 337 0126 4FEA8B03 		lsl	r3, fp, #2
 338              	.LVL21:
 246:Core/Src/main.c **** 
 339              		.loc 1 246 16 view .LVU80
 340 012a 13EB0B03 		adds	r3, r3, fp
 341 012e 41EB0202 		adc	r2, r1, r2
 342 0132 D200     		lsls	r2, r2, #3
 343 0134 42EA5372 		orr	r2, r2, r3, lsr #29
 344 0138 DB00     		lsls	r3, r3, #3
 345 013a B3EB0B03 		subs	r3, r3, fp
 346 013e 62EB0102 		sbc	r2, r2, r1
 347 0142 1201     		lsls	r2, r2, #4
 348 0144 42EA1372 		orr	r2, r2, r3, lsr #28
 349 0148 1B01     		lsls	r3, r3, #4
 350 014a 13EB0B04 		adds	r4, r3, fp
 351 014e 41EB0201 		adc	r1, r1, r2
ARM GAS  C:\Users\jonat\AppData\Local\Temp\ccV2JxN8.s 			page 12


 352 0152 4901     		lsls	r1, r1, #5
 246:Core/Src/main.c **** 
 353              		.loc 1 246 27 view .LVU81
 354 0154 0B9B     		ldr	r3, [sp, #44]
 355 0156 1A46     		mov	r2, r3
 356 0158 DB17     		asrs	r3, r3, #31
 357 015a 6001     		lsls	r0, r4, #5
 358 015c 41EAD461 		orr	r1, r1, r4, lsr #27
 359 0160 FFF7FEFF 		bl	__aeabi_ldivmod
 360              	.LVL22:
 246:Core/Src/main.c **** 
 361              		.loc 1 246 11 view .LVU82
 362 0164 184B     		ldr	r3, .L22+12
 363 0166 1B18     		adds	r3, r3, r0
 364 0168 0493     		str	r3, [sp, #16]
 365 016a 61F10003 		sbc	r3, r1, #0
 366 016e 0593     		str	r3, [sp, #20]
 367              	.LVL23:
 248:Core/Src/main.c **** 	      yi = 0;
 368              		.loc 1 248 8 is_stmt 1 view .LVU83
 249:Core/Src/main.c **** 	      iteration = 0;
 369              		.loc 1 249 8 view .LVU84
 250:Core/Src/main.c **** 
 370              		.loc 1 250 8 view .LVU85
 252:Core/Src/main.c **** 	        temp = (xi * xi)/S - (yi * yi)/S;
 371              		.loc 1 252 8 view .LVU86
 250:Core/Src/main.c **** 
 372              		.loc 1 250 18 is_stmt 0 view .LVU87
 373 0170 C846     		mov	r8, r9
 249:Core/Src/main.c **** 	      iteration = 0;
 374              		.loc 1 249 11 view .LVU88
 375 0172 4C46     		mov	r4, r9
 376 0174 4E46     		mov	r6, r9
 248:Core/Src/main.c **** 	      yi = 0;
 377              		.loc 1 248 11 view .LVU89
 378 0176 4D46     		mov	r5, r9
 379 0178 CDF824B0 		str	fp, [sp, #36]
 380 017c 0A97     		str	r7, [sp, #40]
 252:Core/Src/main.c **** 	        temp = (xi * xi)/S - (yi * yi)/S;
 381              		.loc 1 252 14 view .LVU90
 382 017e 69E7     		b	.L7
 383              	.LVL24:
 384              	.L18:
 385              	.LBB10:
 259:Core/Src/main.c **** 	      if (llabs(yi) > max_yi) max_yi = llabs(yi);
 386              		.loc 1 259 12 view .LVU91
 387 0180 6D42     		negs	r5, r5
 388              	.LVL25:
 259:Core/Src/main.c **** 	      if (llabs(yi) > max_yi) max_yi = llabs(yi);
 389              		.loc 1 259 12 view .LVU92
 390 0182 69EB4901 		sbc	r1, r9, r9, lsl #1
 391              	.LVL26:
 259:Core/Src/main.c **** 	      if (llabs(yi) > max_yi) max_yi = llabs(yi);
 392              		.loc 1 259 12 view .LVU93
 393 0186 92E7     		b	.L10
 394              	.LVL27:
 395              	.L19:
ARM GAS  C:\Users\jonat\AppData\Local\Temp\ccV2JxN8.s 			page 13


 259:Core/Src/main.c **** 	      if (llabs(yi) > max_yi) max_yi = llabs(yi);
 396              		.loc 1 259 12 view .LVU94
 397              	.LBE10:
 398              	.LBB11:
 260:Core/Src/main.c **** 	      mandelbrot_sum += iteration;
 399              		.loc 1 260 12 view .LVU95
 400 0188 6442     		negs	r4, r4
 401              	.LVL28:
 260:Core/Src/main.c **** 	      mandelbrot_sum += iteration;
 402              		.loc 1 260 12 view .LVU96
 403 018a 66EB4601 		sbc	r1, r6, r6, lsl #1
 404              	.LVL29:
 260:Core/Src/main.c **** 	      mandelbrot_sum += iteration;
 405              		.loc 1 260 12 view .LVU97
 406 018e 9AE7     		b	.L12
 407              	.LVL30:
 408              	.L20:
 260:Core/Src/main.c **** 	      mandelbrot_sum += iteration;
 409              		.loc 1 260 12 view .LVU98
 410              	.LBE11:
 411              	.LBE6:
 241:Core/Src/main.c **** 	    for (int x = 0; x < width; ++x) {
 412              		.loc 1 241 32 discriminator 2 view .LVU99
 413 0190 DA46     		mov	r10, fp
 414 0192 BB46     		mov	fp, r7
 241:Core/Src/main.c **** 	    for (int x = 0; x < width; ++x) {
 415              		.loc 1 241 32 is_stmt 1 discriminator 2 view .LVU100
 416 0194 0AF1010A 		add	r10, r10, #1
 417              	.LVL31:
 418              	.L6:
 241:Core/Src/main.c **** 	    for (int x = 0; x < width; ++x) {
 419              		.loc 1 241 22 discriminator 1 view .LVU101
 420 0198 0B9B     		ldr	r3, [sp, #44]
 421 019a 9A45     		cmp	r10, r3
 422 019c 06DA     		bge	.L21
 423              	.LBB12:
 242:Core/Src/main.c **** 	      // x0 = (x/width) * 3.5 - 2.5
 424              		.loc 1 242 15 is_stmt 0 view .LVU102
 425 019e 4FF00009 		mov	r9, #0
 426 01a2 CDF81890 		str	r9, [sp, #24]
 427 01a6 5F46     		mov	r7, fp
 428 01a8 D346     		mov	fp, r10
 429 01aa A0E7     		b	.L15
 430              	.L21:
 242:Core/Src/main.c **** 	      // x0 = (x/width) * 3.5 - 2.5
 431              		.loc 1 242 15 view .LVU103
 432              	.LBE12:
 433              	.LBE13:
 262:Core/Src/main.c **** 	    }
 263:Core/Src/main.c **** 	  }
 264:Core/Src/main.c **** 	  return mandelbrot_sum;
 265:Core/Src/main.c **** 
 266:Core/Src/main.c **** }
 434              		.loc 1 266 1 view .LVU104
 435 01ac DDF82080 		ldr	r8, [sp, #32]
 264:Core/Src/main.c **** 
 436              		.loc 1 264 4 is_stmt 1 view .LVU105
ARM GAS  C:\Users\jonat\AppData\Local\Temp\ccV2JxN8.s 			page 14


 437              		.loc 1 266 1 is_stmt 0 view .LVU106
 438 01b0 0798     		ldr	r0, [sp, #28]
 439 01b2 4146     		mov	r1, r8
 440 01b4 0DB0     		add	sp, sp, #52
 441              	.LCFI5:
 442              		.cfi_def_cfa_offset 36
 443              		@ sp needed
 444 01b6 BDE8F08F 		pop	{r4, r5, r6, r7, r8, r9, r10, fp, pc}
 445              	.LVL32:
 446              	.L23:
 447              		.loc 1 266 1 view .LVU107
 448 01ba 00BF     		.align	2
 449              	.L22:
 450 01bc 00000000 		.word	max_xi
 451 01c0 00000000 		.word	max_yi
 452 01c4 589EFFFF 		.word	-25000
 453 01c8 F0D8FFFF 		.word	-10000
 454              		.cfi_endproc
 455              	.LFE137:
 457              		.global	__aeabi_i2d
 458              		.global	__aeabi_ddiv
 459              		.global	__aeabi_dmul
 460              		.global	__aeabi_dsub
 461              		.global	__aeabi_dadd
 462              		.global	__aeabi_ul2d
 463              		.global	__aeabi_dcmplt
 464              		.global	__aeabi_dcmple
 465              		.global	__aeabi_d2lz
 466              		.global	__aeabi_d2iz
 467              		.section	.text.calculate_mandelbrot_double,"ax",%progbits
 468              		.align	1
 469              		.global	calculate_mandelbrot_double
 470              		.syntax unified
 471              		.thumb
 472              		.thumb_func
 474              	calculate_mandelbrot_double:
 475              	.LVL33:
 476              	.LFB138:
 267:Core/Src/main.c **** //TODO: Mandelbrot using variable type double
 268:Core/Src/main.c **** uint64_t calculate_mandelbrot_double(double width, double height, double max_iterations) {
 477              		.loc 1 268 90 is_stmt 1 view -0
 478              		.cfi_startproc
 479              		@ args = 0, pretend = 0, frame = 64
 480              		@ frame_needed = 0, uses_anonymous_args = 0
 481              		.loc 1 268 90 is_stmt 0 view .LVU109
 482 0000 2DE9F04F 		push	{r4, r5, r6, r7, r8, r9, r10, fp, lr}
 483              	.LCFI6:
 484              		.cfi_def_cfa_offset 36
 485              		.cfi_offset 4, -36
 486              		.cfi_offset 5, -32
 487              		.cfi_offset 6, -28
 488              		.cfi_offset 7, -24
 489              		.cfi_offset 8, -20
 490              		.cfi_offset 9, -16
 491              		.cfi_offset 10, -12
 492              		.cfi_offset 11, -8
 493              		.cfi_offset 14, -4
ARM GAS  C:\Users\jonat\AppData\Local\Temp\ccV2JxN8.s 			page 15


 494 0004 91B0     		sub	sp, sp, #68
 495              	.LCFI7:
 496              		.cfi_def_cfa_offset 104
 497 0006 8DED080B 		vstr.64	d0, [sp, #32]
 498 000a 8DED0E1B 		vstr.64	d1, [sp, #56]
 499 000e 8DED022B 		vstr.64	d2, [sp, #8]
 269:Core/Src/main.c ****     uint64_t mandelbrot_sum = 0;
 500              		.loc 1 269 5 is_stmt 1 view .LVU110
 501              	.LVL34:
 270:Core/Src/main.c **** 
 271:Core/Src/main.c ****     for (int py = 0; py < (int)height; py++) {
 502              		.loc 1 271 5 view .LVU111
 503              	.LBB14:
 504              		.loc 1 271 10 view .LVU112
 505              		.loc 1 271 14 is_stmt 0 view .LVU113
 506 0012 0023     		movs	r3, #0
 507              	.LBE14:
 269:Core/Src/main.c ****     uint64_t mandelbrot_sum = 0;
 508              		.loc 1 269 14 view .LVU114
 509 0014 0B93     		str	r3, [sp, #44]
 510 0016 9846     		mov	r8, r3
 511 0018 0C93     		str	r3, [sp, #48]
 512              	.LBB25:
 513              		.loc 1 271 5 view .LVU115
 514 001a B3E0     		b	.L25
 515              	.LVL35:
 516              	.L29:
 517              	.LBB15:
 518              	.LBB16:
 519              	.LBB17:
 272:Core/Src/main.c ****         for (int px = 0; px < (int)width; px++) {
 273:Core/Src/main.c ****             double x0 = ((double)px / width) * 3.5 - 2.5;
 274:Core/Src/main.c ****             double y0 = ((double)py / height) * 2.0 - 1.0;
 275:Core/Src/main.c **** 
 276:Core/Src/main.c ****             double xi = 0.0, yi = 0.0;
 277:Core/Src/main.c ****             uint64_t iteration = 0;
 278:Core/Src/main.c **** 
 279:Core/Src/main.c ****             while ((iteration < max_iterations) && ((xi * xi + yi * yi) <= 4.0)) {
 280:Core/Src/main.c ****                 double temp = xi * xi - yi * yi;
 520              		.loc 1 280 17 is_stmt 1 view .LVU116
 521              		.loc 1 280 24 is_stmt 0 view .LVU117
 522 001c DDE90023 		ldrd	r2, [sp]
 523 0020 2046     		mov	r0, r4
 524 0022 2946     		mov	r1, r5
 525 0024 FFF7FEFF 		bl	__aeabi_dsub
 526              	.LVL36:
 527 0028 0446     		mov	r4, r0
 528 002a 0D46     		mov	r5, r1
 529              	.LVL37:
 281:Core/Src/main.c ****                 yi = 2.0 * xi * yi + y0;
 530              		.loc 1 281 17 is_stmt 1 view .LVU118
 531              		.loc 1 281 26 is_stmt 0 view .LVU119
 532 002c 5246     		mov	r2, r10
 533 002e 5B46     		mov	r3, fp
 534 0030 5046     		mov	r0, r10
 535 0032 5946     		mov	r1, fp
 536 0034 FFF7FEFF 		bl	__aeabi_dadd
ARM GAS  C:\Users\jonat\AppData\Local\Temp\ccV2JxN8.s 			page 16


 537              	.LVL38:
 538              		.loc 1 281 31 view .LVU120
 539 0038 4246     		mov	r2, r8
 540 003a 4B46     		mov	r3, r9
 541 003c FFF7FEFF 		bl	__aeabi_dmul
 542              	.LVL39:
 543              		.loc 1 281 20 view .LVU121
 544 0040 DDE90623 		ldrd	r2, [sp, #24]
 545 0044 FFF7FEFF 		bl	__aeabi_dadd
 546              	.LVL40:
 547 0048 8046     		mov	r8, r0
 548              	.LVL41:
 549              		.loc 1 281 20 view .LVU122
 550 004a 8946     		mov	r9, r1
 551              	.LVL42:
 282:Core/Src/main.c ****                 xi = temp + x0;
 552              		.loc 1 282 17 is_stmt 1 view .LVU123
 553              		.loc 1 282 20 is_stmt 0 view .LVU124
 554 004c 2246     		mov	r2, r4
 555 004e 2B46     		mov	r3, r5
 556 0050 DDE90401 		ldrd	r0, [sp, #16]
 557 0054 FFF7FEFF 		bl	__aeabi_dadd
 558              	.LVL43:
 559 0058 8246     		mov	r10, r0
 560              	.LVL44:
 561              		.loc 1 282 20 view .LVU125
 562 005a 8B46     		mov	fp, r1
 563              	.LVL45:
 283:Core/Src/main.c ****                 iteration++;
 564              		.loc 1 283 17 is_stmt 1 view .LVU126
 565              		.loc 1 283 26 is_stmt 0 view .LVU127
 566 005c 731C     		adds	r3, r6, #1
 567 005e 1E46     		mov	r6, r3
 568              	.LVL46:
 569              		.loc 1 283 26 view .LVU128
 570 0060 47F10007 		adc	r7, r7, #0
 571              	.LVL47:
 572              	.L26:
 573              		.loc 1 283 26 view .LVU129
 574              	.LBE17:
 279:Core/Src/main.c ****                 double temp = xi * xi - yi * yi;
 575              		.loc 1 279 49 is_stmt 1 view .LVU130
 279:Core/Src/main.c ****                 double temp = xi * xi - yi * yi;
 576              		.loc 1 279 31 is_stmt 0 view .LVU131
 577 0064 3046     		mov	r0, r6
 578 0066 3946     		mov	r1, r7
 579 0068 FFF7FEFF 		bl	__aeabi_ul2d
 580              	.LVL48:
 279:Core/Src/main.c ****                 double temp = xi * xi - yi * yi;
 581              		.loc 1 279 49 view .LVU132
 582 006c DDE90223 		ldrd	r2, [sp, #8]
 583 0070 FFF7FEFF 		bl	__aeabi_dcmplt
 584              	.LVL49:
 585 0074 D8B1     		cbz	r0, .L27
 279:Core/Src/main.c ****                 double temp = xi * xi - yi * yi;
 586              		.loc 1 279 57 discriminator 1 view .LVU133
 587 0076 5246     		mov	r2, r10
ARM GAS  C:\Users\jonat\AppData\Local\Temp\ccV2JxN8.s 			page 17


 588 0078 5B46     		mov	r3, fp
 589 007a 5046     		mov	r0, r10
 590 007c 5946     		mov	r1, fp
 591 007e FFF7FEFF 		bl	__aeabi_dmul
 592              	.LVL50:
 593 0082 0446     		mov	r4, r0
 594 0084 0D46     		mov	r5, r1
 279:Core/Src/main.c ****                 double temp = xi * xi - yi * yi;
 595              		.loc 1 279 67 discriminator 1 view .LVU134
 596 0086 4246     		mov	r2, r8
 597 0088 4B46     		mov	r3, r9
 598 008a 4046     		mov	r0, r8
 599 008c 4946     		mov	r1, r9
 600 008e FFF7FEFF 		bl	__aeabi_dmul
 601              	.LVL51:
 602 0092 0246     		mov	r2, r0
 603 0094 0B46     		mov	r3, r1
 604 0096 CDE90023 		strd	r2, [sp]
 279:Core/Src/main.c ****                 double temp = xi * xi - yi * yi;
 605              		.loc 1 279 62 discriminator 1 view .LVU135
 606 009a 2046     		mov	r0, r4
 607 009c 2946     		mov	r1, r5
 608 009e FFF7FEFF 		bl	__aeabi_dadd
 609              	.LVL52:
 279:Core/Src/main.c ****                 double temp = xi * xi - yi * yi;
 610              		.loc 1 279 49 discriminator 1 view .LVU136
 611 00a2 0022     		movs	r2, #0
 612 00a4 414B     		ldr	r3, .L43
 613 00a6 FFF7FEFF 		bl	__aeabi_dcmple
 614              	.LVL53:
 615 00aa 0028     		cmp	r0, #0
 616 00ac B6D1     		bne	.L29
 617              	.L27:
 618              	.LBB18:
 284:Core/Src/main.c ****             }
 285:Core/Src/main.c **** 
 286:Core/Src/main.c ****             // Task 7: Update global Max_xi and max_yiif new max found
 287:Core/Src/main.c ****             	         if (llabs(xi) > max_xi) max_xi = llabs(xi);
 619              		.loc 1 287 27 view .LVU137
 620 00ae 3446     		mov	r4, r6
 621 00b0 3D46     		mov	r5, r7
 622              	.LBE18:
 623              		.loc 1 287 23 is_stmt 1 view .LVU138
 624              	.LBB19:
 625              		.loc 1 287 27 is_stmt 0 view .LVU139
 626 00b2 5046     		mov	r0, r10
 627 00b4 5946     		mov	r1, fp
 628 00b6 FFF7FEFF 		bl	__aeabi_d2lz
 629              	.LVL54:
 630 00ba 0A46     		mov	r2, r1
 631 00bc 0029     		cmp	r1, #0
 632 00be 55DB     		blt	.L39
 633              	.LVL55:
 634              	.L30:
 635              		.loc 1 287 37 view .LVU140
 636 00c0 3B4B     		ldr	r3, .L43+4
 637 00c2 1968     		ldr	r1, [r3]
ARM GAS  C:\Users\jonat\AppData\Local\Temp\ccV2JxN8.s 			page 18


 638 00c4 5B68     		ldr	r3, [r3, #4]
 639              		.loc 1 287 26 view .LVU141
 640 00c6 8142     		cmp	r1, r0
 641 00c8 9341     		sbcs	r3, r3, r2
 642 00ca 02DA     		bge	.L31
 643              		.loc 1 287 47 is_stmt 1 discriminator 1 view .LVU142
 644              		.loc 1 287 54 is_stmt 0 discriminator 1 view .LVU143
 645 00cc 384B     		ldr	r3, .L43+4
 646 00ce 1860     		str	r0, [r3]
 647 00d0 5A60     		str	r2, [r3, #4]
 648              	.L31:
 649              	.LBE19:
 288:Core/Src/main.c ****             	         if (llabs(yi) > max_yi) max_yi = llabs(yi);
 650              		.loc 1 288 23 is_stmt 1 view .LVU144
 651              	.LBB20:
 652              		.loc 1 288 27 is_stmt 0 view .LVU145
 653 00d2 4046     		mov	r0, r8
 654 00d4 4946     		mov	r1, r9
 655 00d6 FFF7FEFF 		bl	__aeabi_d2lz
 656              	.LVL56:
 657 00da 0A46     		mov	r2, r1
 658 00dc 0029     		cmp	r1, #0
 659 00de 49DB     		blt	.L40
 660              	.L32:
 661              		.loc 1 288 37 view .LVU146
 662 00e0 344B     		ldr	r3, .L43+8
 663 00e2 1968     		ldr	r1, [r3]
 664 00e4 5B68     		ldr	r3, [r3, #4]
 665              		.loc 1 288 26 view .LVU147
 666 00e6 8142     		cmp	r1, r0
 667 00e8 9341     		sbcs	r3, r3, r2
 668 00ea 02DA     		bge	.L33
 669              		.loc 1 288 47 is_stmt 1 discriminator 1 view .LVU148
 670              		.loc 1 288 54 is_stmt 0 discriminator 1 view .LVU149
 671 00ec 314B     		ldr	r3, .L43+8
 672 00ee 1860     		str	r0, [r3]
 673 00f0 5A60     		str	r2, [r3, #4]
 674              	.L33:
 675              	.LBE20:
 289:Core/Src/main.c **** 
 290:Core/Src/main.c ****             mandelbrot_sum += iteration;
 676              		.loc 1 290 13 is_stmt 1 view .LVU150
 677              		.loc 1 290 28 is_stmt 0 view .LVU151
 678 00f2 0B9B     		ldr	r3, [sp, #44]
 679 00f4 1C19     		adds	r4, r3, r4
 680              	.LVL57:
 681              		.loc 1 290 28 view .LVU152
 682 00f6 0B94     		str	r4, [sp, #44]
 683              	.LVL58:
 684              		.loc 1 290 28 view .LVU153
 685 00f8 0C9B     		ldr	r3, [sp, #48]
 686 00fa 45EB0303 		adc	r3, r5, r3
 687 00fe 0C93     		str	r3, [sp, #48]
 688              		.loc 1 290 28 view .LVU154
 689              	.LBE16:
 272:Core/Src/main.c ****             double x0 = ((double)px / width) * 3.5 - 2.5;
 690              		.loc 1 272 45 is_stmt 1 discriminator 2 view .LVU155
ARM GAS  C:\Users\jonat\AppData\Local\Temp\ccV2JxN8.s 			page 19


 691 0100 0A9B     		ldr	r3, [sp, #40]
 692 0102 0133     		adds	r3, r3, #1
 693 0104 0A93     		str	r3, [sp, #40]
 694              	.LVL59:
 695              	.L35:
 272:Core/Src/main.c ****             double x0 = ((double)px / width) * 3.5 - 2.5;
 696              		.loc 1 272 29 discriminator 1 view .LVU156
 272:Core/Src/main.c ****             double x0 = ((double)px / width) * 3.5 - 2.5;
 697              		.loc 1 272 31 is_stmt 0 discriminator 1 view .LVU157
 698 0106 DDE90801 		ldrd	r0, [sp, #32]
 699 010a FFF7FEFF 		bl	__aeabi_d2iz
 700              	.LVL60:
 272:Core/Src/main.c ****             double x0 = ((double)px / width) * 3.5 - 2.5;
 701              		.loc 1 272 29 discriminator 1 view .LVU158
 702 010e 0A9B     		ldr	r3, [sp, #40]
 703 0110 9842     		cmp	r0, r3
 704 0112 33DD     		ble	.L41
 705              	.LBB23:
 273:Core/Src/main.c ****             double y0 = ((double)py / height) * 2.0 - 1.0;
 706              		.loc 1 273 13 is_stmt 1 view .LVU159
 273:Core/Src/main.c ****             double y0 = ((double)py / height) * 2.0 - 1.0;
 707              		.loc 1 273 26 is_stmt 0 view .LVU160
 708 0114 0A98     		ldr	r0, [sp, #40]
 709 0116 FFF7FEFF 		bl	__aeabi_i2d
 710              	.LVL61:
 273:Core/Src/main.c ****             double y0 = ((double)py / height) * 2.0 - 1.0;
 711              		.loc 1 273 37 view .LVU161
 712 011a DDE90823 		ldrd	r2, [sp, #32]
 713 011e FFF7FEFF 		bl	__aeabi_ddiv
 714              	.LVL62:
 273:Core/Src/main.c ****             double y0 = ((double)py / height) * 2.0 - 1.0;
 715              		.loc 1 273 46 view .LVU162
 716 0122 0022     		movs	r2, #0
 717 0124 244B     		ldr	r3, .L43+12
 718 0126 FFF7FEFF 		bl	__aeabi_dmul
 719              	.LVL63:
 273:Core/Src/main.c ****             double y0 = ((double)py / height) * 2.0 - 1.0;
 720              		.loc 1 273 20 view .LVU163
 721 012a 0022     		movs	r2, #0
 722 012c 234B     		ldr	r3, .L43+16
 723 012e FFF7FEFF 		bl	__aeabi_dsub
 724              	.LVL64:
 725 0132 CDE90401 		strd	r0, [sp, #16]
 726              	.LVL65:
 274:Core/Src/main.c **** 
 727              		.loc 1 274 13 is_stmt 1 view .LVU164
 274:Core/Src/main.c **** 
 728              		.loc 1 274 26 is_stmt 0 view .LVU165
 729 0136 0D98     		ldr	r0, [sp, #52]
 730              	.LVL66:
 274:Core/Src/main.c **** 
 731              		.loc 1 274 26 view .LVU166
 732 0138 FFF7FEFF 		bl	__aeabi_i2d
 733              	.LVL67:
 274:Core/Src/main.c **** 
 734              		.loc 1 274 37 view .LVU167
 735 013c DDE90E23 		ldrd	r2, [sp, #56]
ARM GAS  C:\Users\jonat\AppData\Local\Temp\ccV2JxN8.s 			page 20


 736 0140 FFF7FEFF 		bl	__aeabi_ddiv
 737              	.LVL68:
 738 0144 0246     		mov	r2, r0
 739 0146 0B46     		mov	r3, r1
 274:Core/Src/main.c **** 
 740              		.loc 1 274 47 view .LVU168
 741 0148 FFF7FEFF 		bl	__aeabi_dadd
 742              	.LVL69:
 274:Core/Src/main.c **** 
 743              		.loc 1 274 20 view .LVU169
 744 014c 0022     		movs	r2, #0
 745 014e 1C4B     		ldr	r3, .L43+20
 746 0150 FFF7FEFF 		bl	__aeabi_dsub
 747              	.LVL70:
 748 0154 CDE90601 		strd	r0, [sp, #24]
 749              	.LVL71:
 276:Core/Src/main.c ****             uint64_t iteration = 0;
 750              		.loc 1 276 13 is_stmt 1 view .LVU170
 277:Core/Src/main.c **** 
 751              		.loc 1 277 13 view .LVU171
 279:Core/Src/main.c ****                 double temp = xi * xi - yi * yi;
 752              		.loc 1 279 13 view .LVU172
 277:Core/Src/main.c **** 
 753              		.loc 1 277 22 is_stmt 0 view .LVU173
 754 0158 0024     		movs	r4, #0
 276:Core/Src/main.c ****             uint64_t iteration = 0;
 755              		.loc 1 276 30 view .LVU174
 756 015a 4FF00008 		mov	r8, #0
 757 015e 4FF00009 		mov	r9, #0
 276:Core/Src/main.c ****             uint64_t iteration = 0;
 758              		.loc 1 276 20 view .LVU175
 759 0162 C246     		mov	r10, r8
 760 0164 CB46     		mov	fp, r9
 761 0166 2646     		mov	r6, r4
 762 0168 2746     		mov	r7, r4
 279:Core/Src/main.c ****                 double temp = xi * xi - yi * yi;
 763              		.loc 1 279 19 view .LVU176
 764 016a 7BE7     		b	.L26
 765              	.LVL72:
 766              	.L39:
 767              	.LBB21:
 287:Core/Src/main.c ****             	         if (llabs(yi) > max_yi) max_yi = llabs(yi);
 768              		.loc 1 287 27 view .LVU177
 769 016c 4042     		negs	r0, r0
 770 016e 61EB4102 		sbc	r2, r1, r1, lsl #1
 771 0172 A5E7     		b	.L30
 772              	.L40:
 773              	.LBE21:
 774              	.LBB22:
 288:Core/Src/main.c **** 
 775              		.loc 1 288 27 view .LVU178
 776 0174 4042     		negs	r0, r0
 777 0176 61EB4102 		sbc	r2, r1, r1, lsl #1
 778 017a B1E7     		b	.L32
 779              	.LVL73:
 780              	.L41:
 288:Core/Src/main.c **** 
ARM GAS  C:\Users\jonat\AppData\Local\Temp\ccV2JxN8.s 			page 21


 781              		.loc 1 288 27 view .LVU179
 782              	.LBE22:
 783              	.LBE23:
 784              	.LBE15:
 271:Core/Src/main.c ****         for (int px = 0; px < (int)width; px++) {
 785              		.loc 1 271 42 discriminator 2 view .LVU180
 786 017c DDF83480 		ldr	r8, [sp, #52]
 271:Core/Src/main.c ****         for (int px = 0; px < (int)width; px++) {
 787              		.loc 1 271 42 is_stmt 1 discriminator 2 view .LVU181
 788 0180 08F10108 		add	r8, r8, #1
 789              	.LVL74:
 790              	.L25:
 271:Core/Src/main.c ****         for (int px = 0; px < (int)width; px++) {
 791              		.loc 1 271 25 discriminator 1 view .LVU182
 271:Core/Src/main.c ****         for (int px = 0; px < (int)width; px++) {
 792              		.loc 1 271 27 is_stmt 0 discriminator 1 view .LVU183
 793 0184 DDE90E01 		ldrd	r0, [sp, #56]
 794 0188 FFF7FEFF 		bl	__aeabi_d2iz
 795              	.LVL75:
 271:Core/Src/main.c ****         for (int px = 0; px < (int)width; px++) {
 796              		.loc 1 271 25 discriminator 1 view .LVU184
 797 018c 4045     		cmp	r0, r8
 798 018e 06DD     		ble	.L42
 799              	.LBB24:
 272:Core/Src/main.c ****             double x0 = ((double)px / width) * 3.5 - 2.5;
 800              		.loc 1 272 18 view .LVU185
 801 0190 4FF00009 		mov	r9, #0
 802 0194 CDF83480 		str	r8, [sp, #52]
 803 0198 CDF82890 		str	r9, [sp, #40]
 804 019c B3E7     		b	.L35
 805              	.L42:
 272:Core/Src/main.c ****             double x0 = ((double)px / width) * 3.5 - 2.5;
 806              		.loc 1 272 18 view .LVU186
 807              	.LBE24:
 808              	.LBE25:
 291:Core/Src/main.c ****         }
 292:Core/Src/main.c ****     }
 293:Core/Src/main.c **** 
 294:Core/Src/main.c ****     return mandelbrot_sum;
 295:Core/Src/main.c **** }
 809              		.loc 1 295 1 view .LVU187
 810 019e DDF83080 		ldr	r8, [sp, #48]
 811              	.LVL76:
 294:Core/Src/main.c **** }
 812              		.loc 1 294 5 is_stmt 1 view .LVU188
 813              		.loc 1 295 1 is_stmt 0 view .LVU189
 814 01a2 0B98     		ldr	r0, [sp, #44]
 815 01a4 4146     		mov	r1, r8
 816 01a6 11B0     		add	sp, sp, #68
 817              	.LCFI8:
 818              		.cfi_def_cfa_offset 36
 819              		@ sp needed
 820 01a8 BDE8F08F 		pop	{r4, r5, r6, r7, r8, r9, r10, fp, pc}
 821              	.LVL77:
 822              	.L44:
 823              		.loc 1 295 1 view .LVU190
 824              		.align	2
ARM GAS  C:\Users\jonat\AppData\Local\Temp\ccV2JxN8.s 			page 22


 825              	.L43:
 826 01ac 00001040 		.word	1074790400
 827 01b0 00000000 		.word	max_xi
 828 01b4 00000000 		.word	max_yi
 829 01b8 00000C40 		.word	1074528256
 830 01bc 00000440 		.word	1074003968
 831 01c0 0000F03F 		.word	1072693248
 832              		.cfi_endproc
 833              	.LFE138:
 835              		.global	__aeabi_f2d
 836              		.global	__aeabi_d2f
 837              		.section	.text.calculate_mandelbrot_float,"ax",%progbits
 838              		.align	1
 839              		.global	calculate_mandelbrot_float
 840              		.syntax unified
 841              		.thumb
 842              		.thumb_func
 844              	calculate_mandelbrot_float:
 845              	.LVL78:
 846              	.LFB139:
 296:Core/Src/main.c **** 
 297:Core/Src/main.c **** //TODO: Mandelbrot using variable type float
 298:Core/Src/main.c **** uint64_t calculate_mandelbrot_float(int width, int height, int max_iterations) {
 847              		.loc 1 298 80 is_stmt 1 view -0
 848              		.cfi_startproc
 849              		@ args = 0, pretend = 0, frame = 8
 850              		@ frame_needed = 0, uses_anonymous_args = 0
 851              		.loc 1 298 80 is_stmt 0 view .LVU192
 852 0000 2DE9F04F 		push	{r4, r5, r6, r7, r8, r9, r10, fp, lr}
 853              	.LCFI9:
 854              		.cfi_def_cfa_offset 36
 855              		.cfi_offset 4, -36
 856              		.cfi_offset 5, -32
 857              		.cfi_offset 6, -28
 858              		.cfi_offset 7, -24
 859              		.cfi_offset 8, -20
 860              		.cfi_offset 9, -16
 861              		.cfi_offset 10, -12
 862              		.cfi_offset 11, -8
 863              		.cfi_offset 14, -4
 864 0004 2DED068B 		vpush.64	{d8, d9, d10}
 865              	.LCFI10:
 866              		.cfi_def_cfa_offset 60
 867              		.cfi_offset 80, -60
 868              		.cfi_offset 81, -56
 869              		.cfi_offset 82, -52
 870              		.cfi_offset 83, -48
 871              		.cfi_offset 84, -44
 872              		.cfi_offset 85, -40
 873 0008 83B0     		sub	sp, sp, #12
 874              	.LCFI11:
 875              		.cfi_def_cfa_offset 72
 876 000a 09EE900A 		vmov	s19, r0	@ int
 877 000e 0AEE901A 		vmov	s21, r1	@ int
 878 0012 9046     		mov	r8, r2
 299:Core/Src/main.c **** 	uint64_t mandelbrot_sum = 0;
 879              		.loc 1 299 2 is_stmt 1 view .LVU193
ARM GAS  C:\Users\jonat\AppData\Local\Temp\ccV2JxN8.s 			page 23


 880              	.LVL79:
 300:Core/Src/main.c ****     for (int py = 0; py < height; py++) {
 881              		.loc 1 300 5 view .LVU194
 882              	.LBB26:
 883              		.loc 1 300 10 view .LVU195
 884              		.loc 1 300 14 is_stmt 0 view .LVU196
 885 0014 9FED49AA 		vldr.32	s20, .L56	@ int
 886              	.LBE26:
 299:Core/Src/main.c **** 	uint64_t mandelbrot_sum = 0;
 887              		.loc 1 299 11 view .LVU197
 888 0018 8DED01AA 		vstr.32	s20, [sp, #4]	@ int
 889 001c 1AEE10BA 		vmov	fp, s20	@ int
 890              	.LBB32:
 891              		.loc 1 300 5 view .LVU198
 892 0020 7CE0     		b	.L46
 893              	.LVL80:
 894              	.L49:
 895              	.LBB27:
 896              	.LBB28:
 897              	.LBB29:
 301:Core/Src/main.c ****         for (int px = 0; px < width; px++) {
 302:Core/Src/main.c ****             float x0 = ((float)px / (float)width) * 3.5 - 2.5;
 303:Core/Src/main.c ****             float y0 = ((float)py / (float)height) * 2.0 - 1.0;
 304:Core/Src/main.c ****             float xi = 0.0, yi = 0.0;
 305:Core/Src/main.c **** 
 306:Core/Src/main.c ****             uint64_t iteration = 0;
 307:Core/Src/main.c ****             while ((iteration < max_iterations) && ((xi * xi + yi * yi) <= 4.0)) {
 308:Core/Src/main.c ****                 float temp = xi * xi - yi * yi;
 898              		.loc 1 308 17 is_stmt 1 view .LVU199
 899              		.loc 1 308 23 is_stmt 0 view .LVU200
 900 0022 77EEE68A 		vsub.f32	s17, s15, s13
 901              	.LVL81:
 309:Core/Src/main.c ****                 yi = 2.0 * xi * yi + y0;
 902              		.loc 1 309 17 is_stmt 1 view .LVU201
 903              		.loc 1 309 26 is_stmt 0 view .LVU202
 904 0026 17EE100A 		vmov	r0, s14
 905 002a FFF7FEFF 		bl	__aeabi_f2d
 906              	.LVL82:
 907              		.loc 1 309 26 view .LVU203
 908 002e 0246     		mov	r2, r0
 909 0030 0B46     		mov	r3, r1
 910 0032 FFF7FEFF 		bl	__aeabi_dadd
 911              	.LVL83:
 912 0036 0646     		mov	r6, r0
 913 0038 0F46     		mov	r7, r1
 914              		.loc 1 309 31 view .LVU204
 915 003a 18EE100A 		vmov	r0, s16
 916 003e FFF7FEFF 		bl	__aeabi_f2d
 917              	.LVL84:
 918 0042 3246     		mov	r2, r6
 919 0044 3B46     		mov	r3, r7
 920 0046 FFF7FEFF 		bl	__aeabi_dmul
 921              	.LVL85:
 922 004a 0646     		mov	r6, r0
 923 004c 0F46     		mov	r7, r1
 924              		.loc 1 309 36 view .LVU205
 925 004e 4846     		mov	r0, r9	@ float
ARM GAS  C:\Users\jonat\AppData\Local\Temp\ccV2JxN8.s 			page 24


 926 0050 FFF7FEFF 		bl	__aeabi_f2d
 927              	.LVL86:
 928 0054 3246     		mov	r2, r6
 929 0056 3B46     		mov	r3, r7
 930 0058 FFF7FEFF 		bl	__aeabi_dadd
 931              	.LVL87:
 932              		.loc 1 309 20 view .LVU206
 933 005c FFF7FEFF 		bl	__aeabi_d2f
 934              	.LVL88:
 935 0060 08EE100A 		vmov	s16, r0
 936              	.LVL89:
 310:Core/Src/main.c ****                 xi = temp + x0;
 937              		.loc 1 310 17 is_stmt 1 view .LVU207
 938              		.loc 1 310 20 is_stmt 0 view .LVU208
 939 0064 39EE287A 		vadd.f32	s14, s18, s17
 940              	.LVL90:
 311:Core/Src/main.c ****                 iteration++;
 941              		.loc 1 311 17 is_stmt 1 view .LVU209
 942              		.loc 1 311 26 is_stmt 0 view .LVU210
 943 0068 0134     		adds	r4, r4, #1
 944              	.LVL91:
 945              		.loc 1 311 26 view .LVU211
 946 006a 45F10005 		adc	r5, r5, #0
 947              	.LVL92:
 948              	.L47:
 949              		.loc 1 311 26 view .LVU212
 950              	.LBE29:
 307:Core/Src/main.c ****                 float temp = xi * xi - yi * yi;
 951              		.loc 1 307 49 is_stmt 1 view .LVU213
 307:Core/Src/main.c ****                 float temp = xi * xi - yi * yi;
 952              		.loc 1 307 31 is_stmt 0 view .LVU214
 953 006e 4FEAE873 		asr	r3, r8, #31
 307:Core/Src/main.c ****                 float temp = xi * xi - yi * yi;
 954              		.loc 1 307 49 view .LVU215
 955 0072 4445     		cmp	r4, r8
 956 0074 75EB0303 		sbcs	r3, r5, r3
 957 0078 0CD2     		bcs	.L48
 307:Core/Src/main.c ****                 float temp = xi * xi - yi * yi;
 958              		.loc 1 307 57 discriminator 1 view .LVU216
 959 007a 67EE077A 		vmul.f32	s15, s14, s14
 307:Core/Src/main.c ****                 float temp = xi * xi - yi * yi;
 960              		.loc 1 307 67 discriminator 1 view .LVU217
 961 007e 68EE086A 		vmul.f32	s13, s16, s16
 307:Core/Src/main.c ****                 float temp = xi * xi - yi * yi;
 962              		.loc 1 307 62 discriminator 1 view .LVU218
 963 0082 77EEA65A 		vadd.f32	s11, s15, s13
 307:Core/Src/main.c ****                 float temp = xi * xi - yi * yi;
 964              		.loc 1 307 49 discriminator 1 view .LVU219
 965 0086 B1EE006A 		vmov.f32	s12, #4.0e+0
 966 008a F4EEC65A 		vcmpe.f32	s11, s12
 967 008e F1EE10FA 		vmrs	APSR_nzcv, FPSCR
 968 0092 C6D9     		bls	.L49
 969              	.L48:
 312:Core/Src/main.c ****             }
 313:Core/Src/main.c **** 
 314:Core/Src/main.c ****             mandelbrot_sum += iteration;
 970              		.loc 1 314 13 is_stmt 1 view .LVU220
ARM GAS  C:\Users\jonat\AppData\Local\Temp\ccV2JxN8.s 			page 25


 971              		.loc 1 314 28 is_stmt 0 view .LVU221
 972 0094 019B     		ldr	r3, [sp, #4]
 973 0096 1C19     		adds	r4, r3, r4
 974              	.LVL93:
 975              		.loc 1 314 28 view .LVU222
 976 0098 0194     		str	r4, [sp, #4]
 977              	.LVL94:
 978              		.loc 1 314 28 view .LVU223
 979 009a 45EB0B0B 		adc	fp, r5, fp
 980              	.LVL95:
 981              		.loc 1 314 28 view .LVU224
 982              	.LBE28:
 301:Core/Src/main.c ****             float x0 = ((float)px / (float)width) * 3.5 - 2.5;
 983              		.loc 1 301 40 is_stmt 1 discriminator 2 view .LVU225
 984 009e 0AF1010A 		add	r10, r10, #1
 985              	.LVL96:
 986              	.L51:
 301:Core/Src/main.c ****             float x0 = ((float)px / (float)width) * 3.5 - 2.5;
 987              		.loc 1 301 29 discriminator 1 view .LVU226
 988 00a2 19EE903A 		vmov	r3, s19	@ int
 989 00a6 9A45     		cmp	r10, r3
 990 00a8 33DA     		bge	.L54
 991              	.LVL97:
 992              	.LBB30:
 302:Core/Src/main.c ****             float y0 = ((float)py / (float)height) * 2.0 - 1.0;
 993              		.loc 1 302 13 view .LVU227
 302:Core/Src/main.c ****             float y0 = ((float)py / (float)height) * 2.0 - 1.0;
 994              		.loc 1 302 25 is_stmt 0 view .LVU228
 995 00aa 07EE90AA 		vmov	s15, r10	@ int
 996 00ae F8EEE77A 		vcvt.f32.s32	s15, s15
 302:Core/Src/main.c ****             float y0 = ((float)py / (float)height) * 2.0 - 1.0;
 997              		.loc 1 302 37 view .LVU229
 998 00b2 B8EEE97A 		vcvt.f32.s32	s14, s19
 302:Core/Src/main.c ****             float y0 = ((float)py / (float)height) * 2.0 - 1.0;
 999              		.loc 1 302 35 view .LVU230
 1000 00b6 C7EE877A 		vdiv.f32	s15, s15, s14
 1001 00ba 17EE900A 		vmov	r0, s15
 1002 00be FFF7FEFF 		bl	__aeabi_f2d
 1003              	.LVL98:
 302:Core/Src/main.c ****             float y0 = ((float)py / (float)height) * 2.0 - 1.0;
 1004              		.loc 1 302 51 view .LVU231
 1005 00c2 0022     		movs	r2, #0
 1006 00c4 1E4B     		ldr	r3, .L56+4
 1007 00c6 FFF7FEFF 		bl	__aeabi_dmul
 1008              	.LVL99:
 302:Core/Src/main.c ****             float y0 = ((float)py / (float)height) * 2.0 - 1.0;
 1009              		.loc 1 302 57 view .LVU232
 1010 00ca 0022     		movs	r2, #0
 1011 00cc 1D4B     		ldr	r3, .L56+8
 1012 00ce FFF7FEFF 		bl	__aeabi_dsub
 1013              	.LVL100:
 302:Core/Src/main.c ****             float y0 = ((float)py / (float)height) * 2.0 - 1.0;
 1014              		.loc 1 302 19 view .LVU233
 1015 00d2 FFF7FEFF 		bl	__aeabi_d2f
 1016              	.LVL101:
 1017 00d6 09EE100A 		vmov	s18, r0
 1018              	.LVL102:
ARM GAS  C:\Users\jonat\AppData\Local\Temp\ccV2JxN8.s 			page 26


 303:Core/Src/main.c ****             float xi = 0.0, yi = 0.0;
 1019              		.loc 1 303 13 is_stmt 1 view .LVU234
 303:Core/Src/main.c ****             float xi = 0.0, yi = 0.0;
 1020              		.loc 1 303 25 is_stmt 0 view .LVU235
 1021 00da F8EECA7A 		vcvt.f32.s32	s15, s20
 303:Core/Src/main.c ****             float xi = 0.0, yi = 0.0;
 1022              		.loc 1 303 37 view .LVU236
 1023 00de B8EEEA7A 		vcvt.f32.s32	s14, s21
 303:Core/Src/main.c ****             float xi = 0.0, yi = 0.0;
 1024              		.loc 1 303 35 view .LVU237
 1025 00e2 C7EE877A 		vdiv.f32	s15, s15, s14
 1026 00e6 17EE900A 		vmov	r0, s15
 1027              	.LVL103:
 303:Core/Src/main.c ****             float xi = 0.0, yi = 0.0;
 1028              		.loc 1 303 35 view .LVU238
 1029 00ea FFF7FEFF 		bl	__aeabi_f2d
 1030              	.LVL104:
 1031 00ee 0246     		mov	r2, r0
 1032 00f0 0B46     		mov	r3, r1
 303:Core/Src/main.c ****             float xi = 0.0, yi = 0.0;
 1033              		.loc 1 303 52 view .LVU239
 1034 00f2 FFF7FEFF 		bl	__aeabi_dadd
 1035              	.LVL105:
 303:Core/Src/main.c ****             float xi = 0.0, yi = 0.0;
 1036              		.loc 1 303 58 view .LVU240
 1037 00f6 0022     		movs	r2, #0
 1038 00f8 134B     		ldr	r3, .L56+12
 1039 00fa FFF7FEFF 		bl	__aeabi_dsub
 1040              	.LVL106:
 303:Core/Src/main.c ****             float xi = 0.0, yi = 0.0;
 1041              		.loc 1 303 19 view .LVU241
 1042 00fe FFF7FEFF 		bl	__aeabi_d2f
 1043              	.LVL107:
 1044 0102 8146     		mov	r9, r0	@ float
 1045              	.LVL108:
 304:Core/Src/main.c **** 
 1046              		.loc 1 304 13 is_stmt 1 view .LVU242
 306:Core/Src/main.c ****             while ((iteration < max_iterations) && ((xi * xi + yi * yi) <= 4.0)) {
 1047              		.loc 1 306 13 view .LVU243
 307:Core/Src/main.c ****                 float temp = xi * xi - yi * yi;
 1048              		.loc 1 307 13 view .LVU244
 306:Core/Src/main.c ****             while ((iteration < max_iterations) && ((xi * xi + yi * yi) <= 4.0)) {
 1049              		.loc 1 306 22 is_stmt 0 view .LVU245
 1050 0104 0024     		movs	r4, #0
 1051 0106 2546     		mov	r5, r4
 304:Core/Src/main.c **** 
 1052              		.loc 1 304 29 view .LVU246
 1053 0108 9FED108A 		vldr.32	s16, .L56+16
 304:Core/Src/main.c **** 
 1054              		.loc 1 304 19 view .LVU247
 1055 010c B0EE487A 		vmov.f32	s14, s16
 307:Core/Src/main.c ****                 float temp = xi * xi - yi * yi;
 1056              		.loc 1 307 19 view .LVU248
 1057 0110 ADE7     		b	.L47
 1058              	.LVL109:
 1059              	.L54:
 307:Core/Src/main.c ****                 float temp = xi * xi - yi * yi;
ARM GAS  C:\Users\jonat\AppData\Local\Temp\ccV2JxN8.s 			page 27


 1060              		.loc 1 307 19 view .LVU249
 1061              	.LBE30:
 1062              	.LBE27:
 300:Core/Src/main.c ****         for (int px = 0; px < width; px++) {
 1063              		.loc 1 300 37 is_stmt 1 discriminator 2 view .LVU250
 1064 0112 1AEE103A 		vmov	r3, s20	@ int
 1065              	.LVL110:
 300:Core/Src/main.c ****         for (int px = 0; px < width; px++) {
 1066              		.loc 1 300 37 is_stmt 0 discriminator 2 view .LVU251
 1067 0116 0133     		adds	r3, r3, #1
 1068 0118 0AEE103A 		vmov	s20, r3	@ int
 1069              	.LVL111:
 1070              	.L46:
 300:Core/Src/main.c ****         for (int px = 0; px < width; px++) {
 1071              		.loc 1 300 25 is_stmt 1 discriminator 1 view .LVU252
 1072 011c 1AEE103A 		vmov	r3, s20	@ int
 1073 0120 1AEE902A 		vmov	r2, s21	@ int
 1074 0124 9342     		cmp	r3, r2
 1075 0126 02DA     		bge	.L55
 1076              	.LVL112:
 1077              	.LBB31:
 301:Core/Src/main.c ****             float x0 = ((float)px / (float)width) * 3.5 - 2.5;
 1078              		.loc 1 301 18 is_stmt 0 view .LVU253
 1079 0128 4FF0000A 		mov	r10, #0
 1080 012c B9E7     		b	.L51
 1081              	.L55:
 1082              	.LBE31:
 1083              	.LBE32:
 315:Core/Src/main.c ****         }
 316:Core/Src/main.c ****     }
 317:Core/Src/main.c **** 
 318:Core/Src/main.c ****     return mandelbrot_sum;
 1084              		.loc 1 318 5 is_stmt 1 view .LVU254
 319:Core/Src/main.c **** }
 1085              		.loc 1 319 1 is_stmt 0 view .LVU255
 1086 012e 0198     		ldr	r0, [sp, #4]
 1087 0130 5946     		mov	r1, fp
 1088 0132 03B0     		add	sp, sp, #12
 1089              	.LCFI12:
 1090              		.cfi_def_cfa_offset 60
 1091              		@ sp needed
 1092 0134 BDEC068B 		vldm	sp!, {d8-d10}
 1093              	.LCFI13:
 1094              		.cfi_restore 84
 1095              		.cfi_restore 85
 1096              		.cfi_restore 82
 1097              		.cfi_restore 83
 1098              		.cfi_restore 80
 1099              		.cfi_restore 81
 1100              		.cfi_def_cfa_offset 36
 1101              	.LVL113:
 1102              		.loc 1 319 1 view .LVU256
 1103 0138 BDE8F08F 		pop	{r4, r5, r6, r7, r8, r9, r10, fp, pc}
 1104              	.LVL114:
 1105              	.L57:
 1106              		.loc 1 319 1 view .LVU257
 1107              		.align	2
ARM GAS  C:\Users\jonat\AppData\Local\Temp\ccV2JxN8.s 			page 28


 1108              	.L56:
 1109 013c 00000000 		.word	0
 1110 0140 00000C40 		.word	1074528256
 1111 0144 00000440 		.word	1074003968
 1112 0148 0000F03F 		.word	1072693248
 1113 014c 00000000 		.word	0
 1114              		.cfi_endproc
 1115              	.LFE139:
 1117              		.section	.text.Error_Handler,"ax",%progbits
 1118              		.align	1
 1119              		.global	Error_Handler
 1120              		.syntax unified
 1121              		.thumb
 1122              		.thumb_func
 1124              	Error_Handler:
 1125              	.LFB140:
 320:Core/Src/main.c **** 
 321:Core/Src/main.c **** void Error_Handler(void)
 322:Core/Src/main.c **** {
 1126              		.loc 1 322 1 is_stmt 1 view -0
 1127              		.cfi_startproc
 1128              		@ Volatile: function does not return.
 1129              		@ args = 0, pretend = 0, frame = 0
 1130              		@ frame_needed = 0, uses_anonymous_args = 0
 1131              		@ link register save eliminated.
 323:Core/Src/main.c ****   /* USER CODE BEGIN Error_Handler_Debug */
 324:Core/Src/main.c ****   /* User can add his own implementation to report the HAL error return state */
 325:Core/Src/main.c ****   __disable_irq();
 1132              		.loc 1 325 3 view .LVU259
 1133              	.LBB33:
 1134              	.LBI33:
 1135              		.file 2 "Drivers/CMSIS/Include/cmsis_gcc.h"
   1:Drivers/CMSIS/Include/cmsis_gcc.h **** /**************************************************************************//**
   2:Drivers/CMSIS/Include/cmsis_gcc.h ****  * @file     cmsis_gcc.h
   3:Drivers/CMSIS/Include/cmsis_gcc.h ****  * @brief    CMSIS compiler GCC header file
   4:Drivers/CMSIS/Include/cmsis_gcc.h ****  * @version  V5.4.1
   5:Drivers/CMSIS/Include/cmsis_gcc.h ****  * @date     27. May 2021
   6:Drivers/CMSIS/Include/cmsis_gcc.h ****  ******************************************************************************/
   7:Drivers/CMSIS/Include/cmsis_gcc.h **** /*
   8:Drivers/CMSIS/Include/cmsis_gcc.h ****  * Copyright (c) 2009-2021 Arm Limited. All rights reserved.
   9:Drivers/CMSIS/Include/cmsis_gcc.h ****  *
  10:Drivers/CMSIS/Include/cmsis_gcc.h ****  * SPDX-License-Identifier: Apache-2.0
  11:Drivers/CMSIS/Include/cmsis_gcc.h ****  *
  12:Drivers/CMSIS/Include/cmsis_gcc.h ****  * Licensed under the Apache License, Version 2.0 (the License); you may
  13:Drivers/CMSIS/Include/cmsis_gcc.h ****  * not use this file except in compliance with the License.
  14:Drivers/CMSIS/Include/cmsis_gcc.h ****  * You may obtain a copy of the License at
  15:Drivers/CMSIS/Include/cmsis_gcc.h ****  *
  16:Drivers/CMSIS/Include/cmsis_gcc.h ****  * www.apache.org/licenses/LICENSE-2.0
  17:Drivers/CMSIS/Include/cmsis_gcc.h ****  *
  18:Drivers/CMSIS/Include/cmsis_gcc.h ****  * Unless required by applicable law or agreed to in writing, software
  19:Drivers/CMSIS/Include/cmsis_gcc.h ****  * distributed under the License is distributed on an AS IS BASIS, WITHOUT
  20:Drivers/CMSIS/Include/cmsis_gcc.h ****  * WARRANTIES OR CONDITIONS OF ANY KIND, either express or implied.
  21:Drivers/CMSIS/Include/cmsis_gcc.h ****  * See the License for the specific language governing permissions and
  22:Drivers/CMSIS/Include/cmsis_gcc.h ****  * limitations under the License.
  23:Drivers/CMSIS/Include/cmsis_gcc.h ****  */
  24:Drivers/CMSIS/Include/cmsis_gcc.h **** 
  25:Drivers/CMSIS/Include/cmsis_gcc.h **** #ifndef __CMSIS_GCC_H
ARM GAS  C:\Users\jonat\AppData\Local\Temp\ccV2JxN8.s 			page 29


  26:Drivers/CMSIS/Include/cmsis_gcc.h **** #define __CMSIS_GCC_H
  27:Drivers/CMSIS/Include/cmsis_gcc.h **** 
  28:Drivers/CMSIS/Include/cmsis_gcc.h **** /* ignore some GCC warnings */
  29:Drivers/CMSIS/Include/cmsis_gcc.h **** #pragma GCC diagnostic push
  30:Drivers/CMSIS/Include/cmsis_gcc.h **** #pragma GCC diagnostic ignored "-Wsign-conversion"
  31:Drivers/CMSIS/Include/cmsis_gcc.h **** #pragma GCC diagnostic ignored "-Wconversion"
  32:Drivers/CMSIS/Include/cmsis_gcc.h **** #pragma GCC diagnostic ignored "-Wunused-parameter"
  33:Drivers/CMSIS/Include/cmsis_gcc.h **** 
  34:Drivers/CMSIS/Include/cmsis_gcc.h **** /* Fallback for __has_builtin */
  35:Drivers/CMSIS/Include/cmsis_gcc.h **** #ifndef __has_builtin
  36:Drivers/CMSIS/Include/cmsis_gcc.h ****   #define __has_builtin(x) (0)
  37:Drivers/CMSIS/Include/cmsis_gcc.h **** #endif
  38:Drivers/CMSIS/Include/cmsis_gcc.h **** 
  39:Drivers/CMSIS/Include/cmsis_gcc.h **** /* CMSIS compiler specific defines */
  40:Drivers/CMSIS/Include/cmsis_gcc.h **** #ifndef   __ASM
  41:Drivers/CMSIS/Include/cmsis_gcc.h ****   #define __ASM                                  __asm
  42:Drivers/CMSIS/Include/cmsis_gcc.h **** #endif
  43:Drivers/CMSIS/Include/cmsis_gcc.h **** #ifndef   __INLINE
  44:Drivers/CMSIS/Include/cmsis_gcc.h ****   #define __INLINE                               inline
  45:Drivers/CMSIS/Include/cmsis_gcc.h **** #endif
  46:Drivers/CMSIS/Include/cmsis_gcc.h **** #ifndef   __STATIC_INLINE
  47:Drivers/CMSIS/Include/cmsis_gcc.h ****   #define __STATIC_INLINE                        static inline
  48:Drivers/CMSIS/Include/cmsis_gcc.h **** #endif
  49:Drivers/CMSIS/Include/cmsis_gcc.h **** #ifndef   __STATIC_FORCEINLINE
  50:Drivers/CMSIS/Include/cmsis_gcc.h ****   #define __STATIC_FORCEINLINE                   __attribute__((always_inline)) static inline
  51:Drivers/CMSIS/Include/cmsis_gcc.h **** #endif
  52:Drivers/CMSIS/Include/cmsis_gcc.h **** #ifndef   __NO_RETURN
  53:Drivers/CMSIS/Include/cmsis_gcc.h ****   #define __NO_RETURN                            __attribute__((__noreturn__))
  54:Drivers/CMSIS/Include/cmsis_gcc.h **** #endif
  55:Drivers/CMSIS/Include/cmsis_gcc.h **** #ifndef   __USED
  56:Drivers/CMSIS/Include/cmsis_gcc.h ****   #define __USED                                 __attribute__((used))
  57:Drivers/CMSIS/Include/cmsis_gcc.h **** #endif
  58:Drivers/CMSIS/Include/cmsis_gcc.h **** #ifndef   __WEAK
  59:Drivers/CMSIS/Include/cmsis_gcc.h ****   #define __WEAK                                 __attribute__((weak))
  60:Drivers/CMSIS/Include/cmsis_gcc.h **** #endif
  61:Drivers/CMSIS/Include/cmsis_gcc.h **** #ifndef   __PACKED
  62:Drivers/CMSIS/Include/cmsis_gcc.h ****   #define __PACKED                               __attribute__((packed, aligned(1)))
  63:Drivers/CMSIS/Include/cmsis_gcc.h **** #endif
  64:Drivers/CMSIS/Include/cmsis_gcc.h **** #ifndef   __PACKED_STRUCT
  65:Drivers/CMSIS/Include/cmsis_gcc.h ****   #define __PACKED_STRUCT                        struct __attribute__((packed, aligned(1)))
  66:Drivers/CMSIS/Include/cmsis_gcc.h **** #endif
  67:Drivers/CMSIS/Include/cmsis_gcc.h **** #ifndef   __PACKED_UNION
  68:Drivers/CMSIS/Include/cmsis_gcc.h ****   #define __PACKED_UNION                         union __attribute__((packed, aligned(1)))
  69:Drivers/CMSIS/Include/cmsis_gcc.h **** #endif
  70:Drivers/CMSIS/Include/cmsis_gcc.h **** #ifndef   __UNALIGNED_UINT32        /* deprecated */
  71:Drivers/CMSIS/Include/cmsis_gcc.h ****   #pragma GCC diagnostic push
  72:Drivers/CMSIS/Include/cmsis_gcc.h ****   #pragma GCC diagnostic ignored "-Wpacked"
  73:Drivers/CMSIS/Include/cmsis_gcc.h ****   #pragma GCC diagnostic ignored "-Wattributes"
  74:Drivers/CMSIS/Include/cmsis_gcc.h ****   struct __attribute__((packed)) T_UINT32 { uint32_t v; };
  75:Drivers/CMSIS/Include/cmsis_gcc.h ****   #pragma GCC diagnostic pop
  76:Drivers/CMSIS/Include/cmsis_gcc.h ****   #define __UNALIGNED_UINT32(x)                  (((struct T_UINT32 *)(x))->v)
  77:Drivers/CMSIS/Include/cmsis_gcc.h **** #endif
  78:Drivers/CMSIS/Include/cmsis_gcc.h **** #ifndef   __UNALIGNED_UINT16_WRITE
  79:Drivers/CMSIS/Include/cmsis_gcc.h ****   #pragma GCC diagnostic push
  80:Drivers/CMSIS/Include/cmsis_gcc.h ****   #pragma GCC diagnostic ignored "-Wpacked"
  81:Drivers/CMSIS/Include/cmsis_gcc.h ****   #pragma GCC diagnostic ignored "-Wattributes"
  82:Drivers/CMSIS/Include/cmsis_gcc.h ****   __PACKED_STRUCT T_UINT16_WRITE { uint16_t v; };
ARM GAS  C:\Users\jonat\AppData\Local\Temp\ccV2JxN8.s 			page 30


  83:Drivers/CMSIS/Include/cmsis_gcc.h ****   #pragma GCC diagnostic pop
  84:Drivers/CMSIS/Include/cmsis_gcc.h ****   #define __UNALIGNED_UINT16_WRITE(addr, val)    (void)((((struct T_UINT16_WRITE *)(void *)(addr))-
  85:Drivers/CMSIS/Include/cmsis_gcc.h **** #endif
  86:Drivers/CMSIS/Include/cmsis_gcc.h **** #ifndef   __UNALIGNED_UINT16_READ
  87:Drivers/CMSIS/Include/cmsis_gcc.h ****   #pragma GCC diagnostic push
  88:Drivers/CMSIS/Include/cmsis_gcc.h ****   #pragma GCC diagnostic ignored "-Wpacked"
  89:Drivers/CMSIS/Include/cmsis_gcc.h ****   #pragma GCC diagnostic ignored "-Wattributes"
  90:Drivers/CMSIS/Include/cmsis_gcc.h ****   __PACKED_STRUCT T_UINT16_READ { uint16_t v; };
  91:Drivers/CMSIS/Include/cmsis_gcc.h ****   #pragma GCC diagnostic pop
  92:Drivers/CMSIS/Include/cmsis_gcc.h ****   #define __UNALIGNED_UINT16_READ(addr)          (((const struct T_UINT16_READ *)(const void *)(add
  93:Drivers/CMSIS/Include/cmsis_gcc.h **** #endif
  94:Drivers/CMSIS/Include/cmsis_gcc.h **** #ifndef   __UNALIGNED_UINT32_WRITE
  95:Drivers/CMSIS/Include/cmsis_gcc.h ****   #pragma GCC diagnostic push
  96:Drivers/CMSIS/Include/cmsis_gcc.h ****   #pragma GCC diagnostic ignored "-Wpacked"
  97:Drivers/CMSIS/Include/cmsis_gcc.h ****   #pragma GCC diagnostic ignored "-Wattributes"
  98:Drivers/CMSIS/Include/cmsis_gcc.h ****   __PACKED_STRUCT T_UINT32_WRITE { uint32_t v; };
  99:Drivers/CMSIS/Include/cmsis_gcc.h ****   #pragma GCC diagnostic pop
 100:Drivers/CMSIS/Include/cmsis_gcc.h ****   #define __UNALIGNED_UINT32_WRITE(addr, val)    (void)((((struct T_UINT32_WRITE *)(void *)(addr))-
 101:Drivers/CMSIS/Include/cmsis_gcc.h **** #endif
 102:Drivers/CMSIS/Include/cmsis_gcc.h **** #ifndef   __UNALIGNED_UINT32_READ
 103:Drivers/CMSIS/Include/cmsis_gcc.h ****   #pragma GCC diagnostic push
 104:Drivers/CMSIS/Include/cmsis_gcc.h ****   #pragma GCC diagnostic ignored "-Wpacked"
 105:Drivers/CMSIS/Include/cmsis_gcc.h ****   #pragma GCC diagnostic ignored "-Wattributes"
 106:Drivers/CMSIS/Include/cmsis_gcc.h ****   __PACKED_STRUCT T_UINT32_READ { uint32_t v; };
 107:Drivers/CMSIS/Include/cmsis_gcc.h ****   #pragma GCC diagnostic pop
 108:Drivers/CMSIS/Include/cmsis_gcc.h ****   #define __UNALIGNED_UINT32_READ(addr)          (((const struct T_UINT32_READ *)(const void *)(add
 109:Drivers/CMSIS/Include/cmsis_gcc.h **** #endif
 110:Drivers/CMSIS/Include/cmsis_gcc.h **** #ifndef   __ALIGNED
 111:Drivers/CMSIS/Include/cmsis_gcc.h ****   #define __ALIGNED(x)                           __attribute__((aligned(x)))
 112:Drivers/CMSIS/Include/cmsis_gcc.h **** #endif
 113:Drivers/CMSIS/Include/cmsis_gcc.h **** #ifndef   __RESTRICT
 114:Drivers/CMSIS/Include/cmsis_gcc.h ****   #define __RESTRICT                             __restrict
 115:Drivers/CMSIS/Include/cmsis_gcc.h **** #endif
 116:Drivers/CMSIS/Include/cmsis_gcc.h **** #ifndef   __COMPILER_BARRIER
 117:Drivers/CMSIS/Include/cmsis_gcc.h ****   #define __COMPILER_BARRIER()                   __ASM volatile("":::"memory")
 118:Drivers/CMSIS/Include/cmsis_gcc.h **** #endif
 119:Drivers/CMSIS/Include/cmsis_gcc.h **** 
 120:Drivers/CMSIS/Include/cmsis_gcc.h **** /* #########################  Startup and Lowlevel Init  ######################## */
 121:Drivers/CMSIS/Include/cmsis_gcc.h **** 
 122:Drivers/CMSIS/Include/cmsis_gcc.h **** #ifndef __PROGRAM_START
 123:Drivers/CMSIS/Include/cmsis_gcc.h **** 
 124:Drivers/CMSIS/Include/cmsis_gcc.h **** /**
 125:Drivers/CMSIS/Include/cmsis_gcc.h ****   \brief   Initializes data and bss sections
 126:Drivers/CMSIS/Include/cmsis_gcc.h ****   \details This default implementations initialized all data and additional bss
 127:Drivers/CMSIS/Include/cmsis_gcc.h ****            sections relying on .copy.table and .zero.table specified properly
 128:Drivers/CMSIS/Include/cmsis_gcc.h ****            in the used linker script.
 129:Drivers/CMSIS/Include/cmsis_gcc.h **** 
 130:Drivers/CMSIS/Include/cmsis_gcc.h ****  */
 131:Drivers/CMSIS/Include/cmsis_gcc.h **** __STATIC_FORCEINLINE __NO_RETURN void __cmsis_start(void)
 132:Drivers/CMSIS/Include/cmsis_gcc.h **** {
 133:Drivers/CMSIS/Include/cmsis_gcc.h ****   extern void _start(void) __NO_RETURN;
 134:Drivers/CMSIS/Include/cmsis_gcc.h **** 
 135:Drivers/CMSIS/Include/cmsis_gcc.h ****   typedef struct {
 136:Drivers/CMSIS/Include/cmsis_gcc.h ****     uint32_t const* src;
 137:Drivers/CMSIS/Include/cmsis_gcc.h ****     uint32_t* dest;
 138:Drivers/CMSIS/Include/cmsis_gcc.h ****     uint32_t  wlen;
 139:Drivers/CMSIS/Include/cmsis_gcc.h ****   } __copy_table_t;
ARM GAS  C:\Users\jonat\AppData\Local\Temp\ccV2JxN8.s 			page 31


 140:Drivers/CMSIS/Include/cmsis_gcc.h **** 
 141:Drivers/CMSIS/Include/cmsis_gcc.h ****   typedef struct {
 142:Drivers/CMSIS/Include/cmsis_gcc.h ****     uint32_t* dest;
 143:Drivers/CMSIS/Include/cmsis_gcc.h ****     uint32_t  wlen;
 144:Drivers/CMSIS/Include/cmsis_gcc.h ****   } __zero_table_t;
 145:Drivers/CMSIS/Include/cmsis_gcc.h **** 
 146:Drivers/CMSIS/Include/cmsis_gcc.h ****   extern const __copy_table_t __copy_table_start__;
 147:Drivers/CMSIS/Include/cmsis_gcc.h ****   extern const __copy_table_t __copy_table_end__;
 148:Drivers/CMSIS/Include/cmsis_gcc.h ****   extern const __zero_table_t __zero_table_start__;
 149:Drivers/CMSIS/Include/cmsis_gcc.h ****   extern const __zero_table_t __zero_table_end__;
 150:Drivers/CMSIS/Include/cmsis_gcc.h **** 
 151:Drivers/CMSIS/Include/cmsis_gcc.h ****   for (__copy_table_t const* pTable = &__copy_table_start__; pTable < &__copy_table_end__; ++pTable
 152:Drivers/CMSIS/Include/cmsis_gcc.h ****     for(uint32_t i=0u; i<pTable->wlen; ++i) {
 153:Drivers/CMSIS/Include/cmsis_gcc.h ****       pTable->dest[i] = pTable->src[i];
 154:Drivers/CMSIS/Include/cmsis_gcc.h ****     }
 155:Drivers/CMSIS/Include/cmsis_gcc.h ****   }
 156:Drivers/CMSIS/Include/cmsis_gcc.h **** 
 157:Drivers/CMSIS/Include/cmsis_gcc.h ****   for (__zero_table_t const* pTable = &__zero_table_start__; pTable < &__zero_table_end__; ++pTable
 158:Drivers/CMSIS/Include/cmsis_gcc.h ****     for(uint32_t i=0u; i<pTable->wlen; ++i) {
 159:Drivers/CMSIS/Include/cmsis_gcc.h ****       pTable->dest[i] = 0u;
 160:Drivers/CMSIS/Include/cmsis_gcc.h ****     }
 161:Drivers/CMSIS/Include/cmsis_gcc.h ****   }
 162:Drivers/CMSIS/Include/cmsis_gcc.h **** 
 163:Drivers/CMSIS/Include/cmsis_gcc.h ****   _start();
 164:Drivers/CMSIS/Include/cmsis_gcc.h **** }
 165:Drivers/CMSIS/Include/cmsis_gcc.h **** 
 166:Drivers/CMSIS/Include/cmsis_gcc.h **** #define __PROGRAM_START           __cmsis_start
 167:Drivers/CMSIS/Include/cmsis_gcc.h **** #endif
 168:Drivers/CMSIS/Include/cmsis_gcc.h **** 
 169:Drivers/CMSIS/Include/cmsis_gcc.h **** #ifndef __INITIAL_SP
 170:Drivers/CMSIS/Include/cmsis_gcc.h **** #define __INITIAL_SP              __StackTop
 171:Drivers/CMSIS/Include/cmsis_gcc.h **** #endif
 172:Drivers/CMSIS/Include/cmsis_gcc.h **** 
 173:Drivers/CMSIS/Include/cmsis_gcc.h **** #ifndef __STACK_LIMIT
 174:Drivers/CMSIS/Include/cmsis_gcc.h **** #define __STACK_LIMIT             __StackLimit
 175:Drivers/CMSIS/Include/cmsis_gcc.h **** #endif
 176:Drivers/CMSIS/Include/cmsis_gcc.h **** 
 177:Drivers/CMSIS/Include/cmsis_gcc.h **** #ifndef __VECTOR_TABLE
 178:Drivers/CMSIS/Include/cmsis_gcc.h **** #define __VECTOR_TABLE            __Vectors
 179:Drivers/CMSIS/Include/cmsis_gcc.h **** #endif
 180:Drivers/CMSIS/Include/cmsis_gcc.h **** 
 181:Drivers/CMSIS/Include/cmsis_gcc.h **** #ifndef __VECTOR_TABLE_ATTRIBUTE
 182:Drivers/CMSIS/Include/cmsis_gcc.h **** #define __VECTOR_TABLE_ATTRIBUTE  __attribute__((used, section(".vectors")))
 183:Drivers/CMSIS/Include/cmsis_gcc.h **** #endif
 184:Drivers/CMSIS/Include/cmsis_gcc.h **** 
 185:Drivers/CMSIS/Include/cmsis_gcc.h **** #if defined (__ARM_FEATURE_CMSE) && (__ARM_FEATURE_CMSE == 3U)
 186:Drivers/CMSIS/Include/cmsis_gcc.h **** #ifndef __STACK_SEAL
 187:Drivers/CMSIS/Include/cmsis_gcc.h **** #define __STACK_SEAL              __StackSeal
 188:Drivers/CMSIS/Include/cmsis_gcc.h **** #endif
 189:Drivers/CMSIS/Include/cmsis_gcc.h **** 
 190:Drivers/CMSIS/Include/cmsis_gcc.h **** #ifndef __TZ_STACK_SEAL_SIZE
 191:Drivers/CMSIS/Include/cmsis_gcc.h **** #define __TZ_STACK_SEAL_SIZE      8U
 192:Drivers/CMSIS/Include/cmsis_gcc.h **** #endif
 193:Drivers/CMSIS/Include/cmsis_gcc.h **** 
 194:Drivers/CMSIS/Include/cmsis_gcc.h **** #ifndef __TZ_STACK_SEAL_VALUE
 195:Drivers/CMSIS/Include/cmsis_gcc.h **** #define __TZ_STACK_SEAL_VALUE     0xFEF5EDA5FEF5EDA5ULL
 196:Drivers/CMSIS/Include/cmsis_gcc.h **** #endif
ARM GAS  C:\Users\jonat\AppData\Local\Temp\ccV2JxN8.s 			page 32


 197:Drivers/CMSIS/Include/cmsis_gcc.h **** 
 198:Drivers/CMSIS/Include/cmsis_gcc.h **** 
 199:Drivers/CMSIS/Include/cmsis_gcc.h **** __STATIC_FORCEINLINE void __TZ_set_STACKSEAL_S (uint32_t* stackTop) {
 200:Drivers/CMSIS/Include/cmsis_gcc.h ****   *((uint64_t *)stackTop) = __TZ_STACK_SEAL_VALUE;
 201:Drivers/CMSIS/Include/cmsis_gcc.h **** }
 202:Drivers/CMSIS/Include/cmsis_gcc.h **** #endif
 203:Drivers/CMSIS/Include/cmsis_gcc.h **** 
 204:Drivers/CMSIS/Include/cmsis_gcc.h **** 
 205:Drivers/CMSIS/Include/cmsis_gcc.h **** /* ##########################  Core Instruction Access  ######################### */
 206:Drivers/CMSIS/Include/cmsis_gcc.h **** /** \defgroup CMSIS_Core_InstructionInterface CMSIS Core Instruction Interface
 207:Drivers/CMSIS/Include/cmsis_gcc.h ****   Access to dedicated instructions
 208:Drivers/CMSIS/Include/cmsis_gcc.h ****   @{
 209:Drivers/CMSIS/Include/cmsis_gcc.h **** */
 210:Drivers/CMSIS/Include/cmsis_gcc.h **** 
 211:Drivers/CMSIS/Include/cmsis_gcc.h **** /* Define macros for porting to both thumb1 and thumb2.
 212:Drivers/CMSIS/Include/cmsis_gcc.h ****  * For thumb1, use low register (r0-r7), specified by constraint "l"
 213:Drivers/CMSIS/Include/cmsis_gcc.h ****  * Otherwise, use general registers, specified by constraint "r" */
 214:Drivers/CMSIS/Include/cmsis_gcc.h **** #if defined (__thumb__) && !defined (__thumb2__)
 215:Drivers/CMSIS/Include/cmsis_gcc.h **** #define __CMSIS_GCC_OUT_REG(r) "=l" (r)
 216:Drivers/CMSIS/Include/cmsis_gcc.h **** #define __CMSIS_GCC_RW_REG(r) "+l" (r)
 217:Drivers/CMSIS/Include/cmsis_gcc.h **** #define __CMSIS_GCC_USE_REG(r) "l" (r)
 218:Drivers/CMSIS/Include/cmsis_gcc.h **** #else
 219:Drivers/CMSIS/Include/cmsis_gcc.h **** #define __CMSIS_GCC_OUT_REG(r) "=r" (r)
 220:Drivers/CMSIS/Include/cmsis_gcc.h **** #define __CMSIS_GCC_RW_REG(r) "+r" (r)
 221:Drivers/CMSIS/Include/cmsis_gcc.h **** #define __CMSIS_GCC_USE_REG(r) "r" (r)
 222:Drivers/CMSIS/Include/cmsis_gcc.h **** #endif
 223:Drivers/CMSIS/Include/cmsis_gcc.h **** 
 224:Drivers/CMSIS/Include/cmsis_gcc.h **** /**
 225:Drivers/CMSIS/Include/cmsis_gcc.h ****   \brief   No Operation
 226:Drivers/CMSIS/Include/cmsis_gcc.h ****   \details No Operation does nothing. This instruction can be used for code alignment purposes.
 227:Drivers/CMSIS/Include/cmsis_gcc.h ****  */
 228:Drivers/CMSIS/Include/cmsis_gcc.h **** #define __NOP()                             __ASM volatile ("nop")
 229:Drivers/CMSIS/Include/cmsis_gcc.h **** 
 230:Drivers/CMSIS/Include/cmsis_gcc.h **** /**
 231:Drivers/CMSIS/Include/cmsis_gcc.h ****   \brief   Wait For Interrupt
 232:Drivers/CMSIS/Include/cmsis_gcc.h ****   \details Wait For Interrupt is a hint instruction that suspends execution until one of a number o
 233:Drivers/CMSIS/Include/cmsis_gcc.h ****  */
 234:Drivers/CMSIS/Include/cmsis_gcc.h **** #define __WFI()                             __ASM volatile ("wfi":::"memory")
 235:Drivers/CMSIS/Include/cmsis_gcc.h **** 
 236:Drivers/CMSIS/Include/cmsis_gcc.h **** 
 237:Drivers/CMSIS/Include/cmsis_gcc.h **** /**
 238:Drivers/CMSIS/Include/cmsis_gcc.h ****   \brief   Wait For Event
 239:Drivers/CMSIS/Include/cmsis_gcc.h ****   \details Wait For Event is a hint instruction that permits the processor to enter
 240:Drivers/CMSIS/Include/cmsis_gcc.h ****            a low-power state until one of a number of events occurs.
 241:Drivers/CMSIS/Include/cmsis_gcc.h ****  */
 242:Drivers/CMSIS/Include/cmsis_gcc.h **** #define __WFE()                             __ASM volatile ("wfe":::"memory")
 243:Drivers/CMSIS/Include/cmsis_gcc.h **** 
 244:Drivers/CMSIS/Include/cmsis_gcc.h **** 
 245:Drivers/CMSIS/Include/cmsis_gcc.h **** /**
 246:Drivers/CMSIS/Include/cmsis_gcc.h ****   \brief   Send Event
 247:Drivers/CMSIS/Include/cmsis_gcc.h ****   \details Send Event is a hint instruction. It causes an event to be signaled to the CPU.
 248:Drivers/CMSIS/Include/cmsis_gcc.h ****  */
 249:Drivers/CMSIS/Include/cmsis_gcc.h **** #define __SEV()                             __ASM volatile ("sev")
 250:Drivers/CMSIS/Include/cmsis_gcc.h **** 
 251:Drivers/CMSIS/Include/cmsis_gcc.h **** 
 252:Drivers/CMSIS/Include/cmsis_gcc.h **** /**
 253:Drivers/CMSIS/Include/cmsis_gcc.h ****   \brief   Instruction Synchronization Barrier
ARM GAS  C:\Users\jonat\AppData\Local\Temp\ccV2JxN8.s 			page 33


 254:Drivers/CMSIS/Include/cmsis_gcc.h ****   \details Instruction Synchronization Barrier flushes the pipeline in the processor,
 255:Drivers/CMSIS/Include/cmsis_gcc.h ****            so that all instructions following the ISB are fetched from cache or memory,
 256:Drivers/CMSIS/Include/cmsis_gcc.h ****            after the instruction has been completed.
 257:Drivers/CMSIS/Include/cmsis_gcc.h ****  */
 258:Drivers/CMSIS/Include/cmsis_gcc.h **** __STATIC_FORCEINLINE void __ISB(void)
 259:Drivers/CMSIS/Include/cmsis_gcc.h **** {
 260:Drivers/CMSIS/Include/cmsis_gcc.h ****   __ASM volatile ("isb 0xF":::"memory");
 261:Drivers/CMSIS/Include/cmsis_gcc.h **** }
 262:Drivers/CMSIS/Include/cmsis_gcc.h **** 
 263:Drivers/CMSIS/Include/cmsis_gcc.h **** 
 264:Drivers/CMSIS/Include/cmsis_gcc.h **** /**
 265:Drivers/CMSIS/Include/cmsis_gcc.h ****   \brief   Data Synchronization Barrier
 266:Drivers/CMSIS/Include/cmsis_gcc.h ****   \details Acts as a special kind of Data Memory Barrier.
 267:Drivers/CMSIS/Include/cmsis_gcc.h ****            It completes when all explicit memory accesses before this instruction complete.
 268:Drivers/CMSIS/Include/cmsis_gcc.h ****  */
 269:Drivers/CMSIS/Include/cmsis_gcc.h **** __STATIC_FORCEINLINE void __DSB(void)
 270:Drivers/CMSIS/Include/cmsis_gcc.h **** {
 271:Drivers/CMSIS/Include/cmsis_gcc.h ****   __ASM volatile ("dsb 0xF":::"memory");
 272:Drivers/CMSIS/Include/cmsis_gcc.h **** }
 273:Drivers/CMSIS/Include/cmsis_gcc.h **** 
 274:Drivers/CMSIS/Include/cmsis_gcc.h **** 
 275:Drivers/CMSIS/Include/cmsis_gcc.h **** /**
 276:Drivers/CMSIS/Include/cmsis_gcc.h ****   \brief   Data Memory Barrier
 277:Drivers/CMSIS/Include/cmsis_gcc.h ****   \details Ensures the apparent order of the explicit memory operations before
 278:Drivers/CMSIS/Include/cmsis_gcc.h ****            and after the instruction, without ensuring their completion.
 279:Drivers/CMSIS/Include/cmsis_gcc.h ****  */
 280:Drivers/CMSIS/Include/cmsis_gcc.h **** __STATIC_FORCEINLINE void __DMB(void)
 281:Drivers/CMSIS/Include/cmsis_gcc.h **** {
 282:Drivers/CMSIS/Include/cmsis_gcc.h ****   __ASM volatile ("dmb 0xF":::"memory");
 283:Drivers/CMSIS/Include/cmsis_gcc.h **** }
 284:Drivers/CMSIS/Include/cmsis_gcc.h **** 
 285:Drivers/CMSIS/Include/cmsis_gcc.h **** 
 286:Drivers/CMSIS/Include/cmsis_gcc.h **** /**
 287:Drivers/CMSIS/Include/cmsis_gcc.h ****   \brief   Reverse byte order (32 bit)
 288:Drivers/CMSIS/Include/cmsis_gcc.h ****   \details Reverses the byte order in unsigned integer value. For example, 0x12345678 becomes 0x785
 289:Drivers/CMSIS/Include/cmsis_gcc.h ****   \param [in]    value  Value to reverse
 290:Drivers/CMSIS/Include/cmsis_gcc.h ****   \return               Reversed value
 291:Drivers/CMSIS/Include/cmsis_gcc.h ****  */
 292:Drivers/CMSIS/Include/cmsis_gcc.h **** __STATIC_FORCEINLINE uint32_t __REV(uint32_t value)
 293:Drivers/CMSIS/Include/cmsis_gcc.h **** {
 294:Drivers/CMSIS/Include/cmsis_gcc.h **** #if (__GNUC__ > 4) || (__GNUC__ == 4 && __GNUC_MINOR__ >= 5)
 295:Drivers/CMSIS/Include/cmsis_gcc.h ****   return __builtin_bswap32(value);
 296:Drivers/CMSIS/Include/cmsis_gcc.h **** #else
 297:Drivers/CMSIS/Include/cmsis_gcc.h ****   uint32_t result;
 298:Drivers/CMSIS/Include/cmsis_gcc.h **** 
 299:Drivers/CMSIS/Include/cmsis_gcc.h ****   __ASM ("rev %0, %1" : __CMSIS_GCC_OUT_REG (result) : __CMSIS_GCC_USE_REG (value) );
 300:Drivers/CMSIS/Include/cmsis_gcc.h ****   return result;
 301:Drivers/CMSIS/Include/cmsis_gcc.h **** #endif
 302:Drivers/CMSIS/Include/cmsis_gcc.h **** }
 303:Drivers/CMSIS/Include/cmsis_gcc.h **** 
 304:Drivers/CMSIS/Include/cmsis_gcc.h **** 
 305:Drivers/CMSIS/Include/cmsis_gcc.h **** /**
 306:Drivers/CMSIS/Include/cmsis_gcc.h ****   \brief   Reverse byte order (16 bit)
 307:Drivers/CMSIS/Include/cmsis_gcc.h ****   \details Reverses the byte order within each halfword of a word. For example, 0x12345678 becomes 
 308:Drivers/CMSIS/Include/cmsis_gcc.h ****   \param [in]    value  Value to reverse
 309:Drivers/CMSIS/Include/cmsis_gcc.h ****   \return               Reversed value
 310:Drivers/CMSIS/Include/cmsis_gcc.h ****  */
ARM GAS  C:\Users\jonat\AppData\Local\Temp\ccV2JxN8.s 			page 34


 311:Drivers/CMSIS/Include/cmsis_gcc.h **** __STATIC_FORCEINLINE uint32_t __REV16(uint32_t value)
 312:Drivers/CMSIS/Include/cmsis_gcc.h **** {
 313:Drivers/CMSIS/Include/cmsis_gcc.h ****   uint32_t result;
 314:Drivers/CMSIS/Include/cmsis_gcc.h **** 
 315:Drivers/CMSIS/Include/cmsis_gcc.h ****   __ASM ("rev16 %0, %1" : __CMSIS_GCC_OUT_REG (result) : __CMSIS_GCC_USE_REG (value) );
 316:Drivers/CMSIS/Include/cmsis_gcc.h ****   return result;
 317:Drivers/CMSIS/Include/cmsis_gcc.h **** }
 318:Drivers/CMSIS/Include/cmsis_gcc.h **** 
 319:Drivers/CMSIS/Include/cmsis_gcc.h **** 
 320:Drivers/CMSIS/Include/cmsis_gcc.h **** /**
 321:Drivers/CMSIS/Include/cmsis_gcc.h ****   \brief   Reverse byte order (16 bit)
 322:Drivers/CMSIS/Include/cmsis_gcc.h ****   \details Reverses the byte order in a 16-bit value and returns the signed 16-bit result. For exam
 323:Drivers/CMSIS/Include/cmsis_gcc.h ****   \param [in]    value  Value to reverse
 324:Drivers/CMSIS/Include/cmsis_gcc.h ****   \return               Reversed value
 325:Drivers/CMSIS/Include/cmsis_gcc.h ****  */
 326:Drivers/CMSIS/Include/cmsis_gcc.h **** __STATIC_FORCEINLINE int16_t __REVSH(int16_t value)
 327:Drivers/CMSIS/Include/cmsis_gcc.h **** {
 328:Drivers/CMSIS/Include/cmsis_gcc.h **** #if (__GNUC__ > 4) || (__GNUC__ == 4 && __GNUC_MINOR__ >= 8)
 329:Drivers/CMSIS/Include/cmsis_gcc.h ****   return (int16_t)__builtin_bswap16(value);
 330:Drivers/CMSIS/Include/cmsis_gcc.h **** #else
 331:Drivers/CMSIS/Include/cmsis_gcc.h ****   int16_t result;
 332:Drivers/CMSIS/Include/cmsis_gcc.h **** 
 333:Drivers/CMSIS/Include/cmsis_gcc.h ****   __ASM ("revsh %0, %1" : __CMSIS_GCC_OUT_REG (result) : __CMSIS_GCC_USE_REG (value) );
 334:Drivers/CMSIS/Include/cmsis_gcc.h ****   return result;
 335:Drivers/CMSIS/Include/cmsis_gcc.h **** #endif
 336:Drivers/CMSIS/Include/cmsis_gcc.h **** }
 337:Drivers/CMSIS/Include/cmsis_gcc.h **** 
 338:Drivers/CMSIS/Include/cmsis_gcc.h **** 
 339:Drivers/CMSIS/Include/cmsis_gcc.h **** /**
 340:Drivers/CMSIS/Include/cmsis_gcc.h ****   \brief   Rotate Right in unsigned value (32 bit)
 341:Drivers/CMSIS/Include/cmsis_gcc.h ****   \details Rotate Right (immediate) provides the value of the contents of a register rotated by a v
 342:Drivers/CMSIS/Include/cmsis_gcc.h ****   \param [in]    op1  Value to rotate
 343:Drivers/CMSIS/Include/cmsis_gcc.h ****   \param [in]    op2  Number of Bits to rotate
 344:Drivers/CMSIS/Include/cmsis_gcc.h ****   \return               Rotated value
 345:Drivers/CMSIS/Include/cmsis_gcc.h ****  */
 346:Drivers/CMSIS/Include/cmsis_gcc.h **** __STATIC_FORCEINLINE uint32_t __ROR(uint32_t op1, uint32_t op2)
 347:Drivers/CMSIS/Include/cmsis_gcc.h **** {
 348:Drivers/CMSIS/Include/cmsis_gcc.h ****   op2 %= 32U;
 349:Drivers/CMSIS/Include/cmsis_gcc.h ****   if (op2 == 0U)
 350:Drivers/CMSIS/Include/cmsis_gcc.h ****   {
 351:Drivers/CMSIS/Include/cmsis_gcc.h ****     return op1;
 352:Drivers/CMSIS/Include/cmsis_gcc.h ****   }
 353:Drivers/CMSIS/Include/cmsis_gcc.h ****   return (op1 >> op2) | (op1 << (32U - op2));
 354:Drivers/CMSIS/Include/cmsis_gcc.h **** }
 355:Drivers/CMSIS/Include/cmsis_gcc.h **** 
 356:Drivers/CMSIS/Include/cmsis_gcc.h **** 
 357:Drivers/CMSIS/Include/cmsis_gcc.h **** /**
 358:Drivers/CMSIS/Include/cmsis_gcc.h ****   \brief   Breakpoint
 359:Drivers/CMSIS/Include/cmsis_gcc.h ****   \details Causes the processor to enter Debug state.
 360:Drivers/CMSIS/Include/cmsis_gcc.h ****            Debug tools can use this to investigate system state when the instruction at a particula
 361:Drivers/CMSIS/Include/cmsis_gcc.h ****   \param [in]    value  is ignored by the processor.
 362:Drivers/CMSIS/Include/cmsis_gcc.h ****                  If required, a debugger can use it to store additional information about the break
 363:Drivers/CMSIS/Include/cmsis_gcc.h ****  */
 364:Drivers/CMSIS/Include/cmsis_gcc.h **** #define __BKPT(value)                       __ASM volatile ("bkpt "#value)
 365:Drivers/CMSIS/Include/cmsis_gcc.h **** 
 366:Drivers/CMSIS/Include/cmsis_gcc.h **** 
 367:Drivers/CMSIS/Include/cmsis_gcc.h **** /**
ARM GAS  C:\Users\jonat\AppData\Local\Temp\ccV2JxN8.s 			page 35


 368:Drivers/CMSIS/Include/cmsis_gcc.h ****   \brief   Reverse bit order of value
 369:Drivers/CMSIS/Include/cmsis_gcc.h ****   \details Reverses the bit order of the given value.
 370:Drivers/CMSIS/Include/cmsis_gcc.h ****   \param [in]    value  Value to reverse
 371:Drivers/CMSIS/Include/cmsis_gcc.h ****   \return               Reversed value
 372:Drivers/CMSIS/Include/cmsis_gcc.h ****  */
 373:Drivers/CMSIS/Include/cmsis_gcc.h **** __STATIC_FORCEINLINE uint32_t __RBIT(uint32_t value)
 374:Drivers/CMSIS/Include/cmsis_gcc.h **** {
 375:Drivers/CMSIS/Include/cmsis_gcc.h ****   uint32_t result;
 376:Drivers/CMSIS/Include/cmsis_gcc.h **** 
 377:Drivers/CMSIS/Include/cmsis_gcc.h **** #if ((defined (__ARM_ARCH_7M__      ) && (__ARM_ARCH_7M__      == 1)) || \
 378:Drivers/CMSIS/Include/cmsis_gcc.h ****      (defined (__ARM_ARCH_7EM__     ) && (__ARM_ARCH_7EM__     == 1)) || \
 379:Drivers/CMSIS/Include/cmsis_gcc.h ****      (defined (__ARM_ARCH_8M_MAIN__ ) && (__ARM_ARCH_8M_MAIN__ == 1))    )
 380:Drivers/CMSIS/Include/cmsis_gcc.h ****    __ASM ("rbit %0, %1" : "=r" (result) : "r" (value) );
 381:Drivers/CMSIS/Include/cmsis_gcc.h **** #else
 382:Drivers/CMSIS/Include/cmsis_gcc.h ****   uint32_t s = (4U /*sizeof(v)*/ * 8U) - 1U; /* extra shift needed at end */
 383:Drivers/CMSIS/Include/cmsis_gcc.h **** 
 384:Drivers/CMSIS/Include/cmsis_gcc.h ****   result = value;                      /* r will be reversed bits of v; first get LSB of v */
 385:Drivers/CMSIS/Include/cmsis_gcc.h ****   for (value >>= 1U; value != 0U; value >>= 1U)
 386:Drivers/CMSIS/Include/cmsis_gcc.h ****   {
 387:Drivers/CMSIS/Include/cmsis_gcc.h ****     result <<= 1U;
 388:Drivers/CMSIS/Include/cmsis_gcc.h ****     result |= value & 1U;
 389:Drivers/CMSIS/Include/cmsis_gcc.h ****     s--;
 390:Drivers/CMSIS/Include/cmsis_gcc.h ****   }
 391:Drivers/CMSIS/Include/cmsis_gcc.h ****   result <<= s;                        /* shift when v's highest bits are zero */
 392:Drivers/CMSIS/Include/cmsis_gcc.h **** #endif
 393:Drivers/CMSIS/Include/cmsis_gcc.h ****   return result;
 394:Drivers/CMSIS/Include/cmsis_gcc.h **** }
 395:Drivers/CMSIS/Include/cmsis_gcc.h **** 
 396:Drivers/CMSIS/Include/cmsis_gcc.h **** 
 397:Drivers/CMSIS/Include/cmsis_gcc.h **** /**
 398:Drivers/CMSIS/Include/cmsis_gcc.h ****   \brief   Count leading zeros
 399:Drivers/CMSIS/Include/cmsis_gcc.h ****   \details Counts the number of leading zeros of a data value.
 400:Drivers/CMSIS/Include/cmsis_gcc.h ****   \param [in]  value  Value to count the leading zeros
 401:Drivers/CMSIS/Include/cmsis_gcc.h ****   \return             number of leading zeros in value
 402:Drivers/CMSIS/Include/cmsis_gcc.h ****  */
 403:Drivers/CMSIS/Include/cmsis_gcc.h **** __STATIC_FORCEINLINE uint8_t __CLZ(uint32_t value)
 404:Drivers/CMSIS/Include/cmsis_gcc.h **** {
 405:Drivers/CMSIS/Include/cmsis_gcc.h ****   /* Even though __builtin_clz produces a CLZ instruction on ARM, formally
 406:Drivers/CMSIS/Include/cmsis_gcc.h ****      __builtin_clz(0) is undefined behaviour, so handle this case specially.
 407:Drivers/CMSIS/Include/cmsis_gcc.h ****      This guarantees ARM-compatible results if happening to compile on a non-ARM
 408:Drivers/CMSIS/Include/cmsis_gcc.h ****      target, and ensures the compiler doesn't decide to activate any
 409:Drivers/CMSIS/Include/cmsis_gcc.h ****      optimisations using the logic "value was passed to __builtin_clz, so it
 410:Drivers/CMSIS/Include/cmsis_gcc.h ****      is non-zero".
 411:Drivers/CMSIS/Include/cmsis_gcc.h ****      ARM GCC 7.3 and possibly earlier will optimise this test away, leaving a
 412:Drivers/CMSIS/Include/cmsis_gcc.h ****      single CLZ instruction.
 413:Drivers/CMSIS/Include/cmsis_gcc.h ****    */
 414:Drivers/CMSIS/Include/cmsis_gcc.h ****   if (value == 0U)
 415:Drivers/CMSIS/Include/cmsis_gcc.h ****   {
 416:Drivers/CMSIS/Include/cmsis_gcc.h ****     return 32U;
 417:Drivers/CMSIS/Include/cmsis_gcc.h ****   }
 418:Drivers/CMSIS/Include/cmsis_gcc.h ****   return __builtin_clz(value);
 419:Drivers/CMSIS/Include/cmsis_gcc.h **** }
 420:Drivers/CMSIS/Include/cmsis_gcc.h **** 
 421:Drivers/CMSIS/Include/cmsis_gcc.h **** 
 422:Drivers/CMSIS/Include/cmsis_gcc.h **** #if ((defined (__ARM_ARCH_7M__      ) && (__ARM_ARCH_7M__      == 1)) || \
 423:Drivers/CMSIS/Include/cmsis_gcc.h ****      (defined (__ARM_ARCH_7EM__     ) && (__ARM_ARCH_7EM__     == 1)) || \
 424:Drivers/CMSIS/Include/cmsis_gcc.h ****      (defined (__ARM_ARCH_8M_MAIN__ ) && (__ARM_ARCH_8M_MAIN__ == 1)) || \
ARM GAS  C:\Users\jonat\AppData\Local\Temp\ccV2JxN8.s 			page 36


 425:Drivers/CMSIS/Include/cmsis_gcc.h ****      (defined (__ARM_ARCH_8M_BASE__ ) && (__ARM_ARCH_8M_BASE__ == 1))    )
 426:Drivers/CMSIS/Include/cmsis_gcc.h **** /**
 427:Drivers/CMSIS/Include/cmsis_gcc.h ****   \brief   LDR Exclusive (8 bit)
 428:Drivers/CMSIS/Include/cmsis_gcc.h ****   \details Executes a exclusive LDR instruction for 8 bit value.
 429:Drivers/CMSIS/Include/cmsis_gcc.h ****   \param [in]    ptr  Pointer to data
 430:Drivers/CMSIS/Include/cmsis_gcc.h ****   \return             value of type uint8_t at (*ptr)
 431:Drivers/CMSIS/Include/cmsis_gcc.h ****  */
 432:Drivers/CMSIS/Include/cmsis_gcc.h **** __STATIC_FORCEINLINE uint8_t __LDREXB(volatile uint8_t *addr)
 433:Drivers/CMSIS/Include/cmsis_gcc.h **** {
 434:Drivers/CMSIS/Include/cmsis_gcc.h ****     uint32_t result;
 435:Drivers/CMSIS/Include/cmsis_gcc.h **** 
 436:Drivers/CMSIS/Include/cmsis_gcc.h **** #if (__GNUC__ > 4) || (__GNUC__ == 4 && __GNUC_MINOR__ >= 8)
 437:Drivers/CMSIS/Include/cmsis_gcc.h ****    __ASM volatile ("ldrexb %0, %1" : "=r" (result) : "Q" (*addr) );
 438:Drivers/CMSIS/Include/cmsis_gcc.h **** #else
 439:Drivers/CMSIS/Include/cmsis_gcc.h ****     /* Prior to GCC 4.8, "Q" will be expanded to [rx, #0] which is not
 440:Drivers/CMSIS/Include/cmsis_gcc.h ****        accepted by assembler. So has to use following less efficient pattern.
 441:Drivers/CMSIS/Include/cmsis_gcc.h ****     */
 442:Drivers/CMSIS/Include/cmsis_gcc.h ****    __ASM volatile ("ldrexb %0, [%1]" : "=r" (result) : "r" (addr) : "memory" );
 443:Drivers/CMSIS/Include/cmsis_gcc.h **** #endif
 444:Drivers/CMSIS/Include/cmsis_gcc.h ****    return ((uint8_t) result);    /* Add explicit type cast here */
 445:Drivers/CMSIS/Include/cmsis_gcc.h **** }
 446:Drivers/CMSIS/Include/cmsis_gcc.h **** 
 447:Drivers/CMSIS/Include/cmsis_gcc.h **** 
 448:Drivers/CMSIS/Include/cmsis_gcc.h **** /**
 449:Drivers/CMSIS/Include/cmsis_gcc.h ****   \brief   LDR Exclusive (16 bit)
 450:Drivers/CMSIS/Include/cmsis_gcc.h ****   \details Executes a exclusive LDR instruction for 16 bit values.
 451:Drivers/CMSIS/Include/cmsis_gcc.h ****   \param [in]    ptr  Pointer to data
 452:Drivers/CMSIS/Include/cmsis_gcc.h ****   \return        value of type uint16_t at (*ptr)
 453:Drivers/CMSIS/Include/cmsis_gcc.h ****  */
 454:Drivers/CMSIS/Include/cmsis_gcc.h **** __STATIC_FORCEINLINE uint16_t __LDREXH(volatile uint16_t *addr)
 455:Drivers/CMSIS/Include/cmsis_gcc.h **** {
 456:Drivers/CMSIS/Include/cmsis_gcc.h ****     uint32_t result;
 457:Drivers/CMSIS/Include/cmsis_gcc.h **** 
 458:Drivers/CMSIS/Include/cmsis_gcc.h **** #if (__GNUC__ > 4) || (__GNUC__ == 4 && __GNUC_MINOR__ >= 8)
 459:Drivers/CMSIS/Include/cmsis_gcc.h ****    __ASM volatile ("ldrexh %0, %1" : "=r" (result) : "Q" (*addr) );
 460:Drivers/CMSIS/Include/cmsis_gcc.h **** #else
 461:Drivers/CMSIS/Include/cmsis_gcc.h ****     /* Prior to GCC 4.8, "Q" will be expanded to [rx, #0] which is not
 462:Drivers/CMSIS/Include/cmsis_gcc.h ****        accepted by assembler. So has to use following less efficient pattern.
 463:Drivers/CMSIS/Include/cmsis_gcc.h ****     */
 464:Drivers/CMSIS/Include/cmsis_gcc.h ****    __ASM volatile ("ldrexh %0, [%1]" : "=r" (result) : "r" (addr) : "memory" );
 465:Drivers/CMSIS/Include/cmsis_gcc.h **** #endif
 466:Drivers/CMSIS/Include/cmsis_gcc.h ****    return ((uint16_t) result);    /* Add explicit type cast here */
 467:Drivers/CMSIS/Include/cmsis_gcc.h **** }
 468:Drivers/CMSIS/Include/cmsis_gcc.h **** 
 469:Drivers/CMSIS/Include/cmsis_gcc.h **** 
 470:Drivers/CMSIS/Include/cmsis_gcc.h **** /**
 471:Drivers/CMSIS/Include/cmsis_gcc.h ****   \brief   LDR Exclusive (32 bit)
 472:Drivers/CMSIS/Include/cmsis_gcc.h ****   \details Executes a exclusive LDR instruction for 32 bit values.
 473:Drivers/CMSIS/Include/cmsis_gcc.h ****   \param [in]    ptr  Pointer to data
 474:Drivers/CMSIS/Include/cmsis_gcc.h ****   \return        value of type uint32_t at (*ptr)
 475:Drivers/CMSIS/Include/cmsis_gcc.h ****  */
 476:Drivers/CMSIS/Include/cmsis_gcc.h **** __STATIC_FORCEINLINE uint32_t __LDREXW(volatile uint32_t *addr)
 477:Drivers/CMSIS/Include/cmsis_gcc.h **** {
 478:Drivers/CMSIS/Include/cmsis_gcc.h ****     uint32_t result;
 479:Drivers/CMSIS/Include/cmsis_gcc.h **** 
 480:Drivers/CMSIS/Include/cmsis_gcc.h ****    __ASM volatile ("ldrex %0, %1" : "=r" (result) : "Q" (*addr) );
 481:Drivers/CMSIS/Include/cmsis_gcc.h ****    return(result);
ARM GAS  C:\Users\jonat\AppData\Local\Temp\ccV2JxN8.s 			page 37


 482:Drivers/CMSIS/Include/cmsis_gcc.h **** }
 483:Drivers/CMSIS/Include/cmsis_gcc.h **** 
 484:Drivers/CMSIS/Include/cmsis_gcc.h **** 
 485:Drivers/CMSIS/Include/cmsis_gcc.h **** /**
 486:Drivers/CMSIS/Include/cmsis_gcc.h ****   \brief   STR Exclusive (8 bit)
 487:Drivers/CMSIS/Include/cmsis_gcc.h ****   \details Executes a exclusive STR instruction for 8 bit values.
 488:Drivers/CMSIS/Include/cmsis_gcc.h ****   \param [in]  value  Value to store
 489:Drivers/CMSIS/Include/cmsis_gcc.h ****   \param [in]    ptr  Pointer to location
 490:Drivers/CMSIS/Include/cmsis_gcc.h ****   \return          0  Function succeeded
 491:Drivers/CMSIS/Include/cmsis_gcc.h ****   \return          1  Function failed
 492:Drivers/CMSIS/Include/cmsis_gcc.h ****  */
 493:Drivers/CMSIS/Include/cmsis_gcc.h **** __STATIC_FORCEINLINE uint32_t __STREXB(uint8_t value, volatile uint8_t *addr)
 494:Drivers/CMSIS/Include/cmsis_gcc.h **** {
 495:Drivers/CMSIS/Include/cmsis_gcc.h ****    uint32_t result;
 496:Drivers/CMSIS/Include/cmsis_gcc.h **** 
 497:Drivers/CMSIS/Include/cmsis_gcc.h ****    __ASM volatile ("strexb %0, %2, %1" : "=&r" (result), "=Q" (*addr) : "r" ((uint32_t)value) );
 498:Drivers/CMSIS/Include/cmsis_gcc.h ****    return(result);
 499:Drivers/CMSIS/Include/cmsis_gcc.h **** }
 500:Drivers/CMSIS/Include/cmsis_gcc.h **** 
 501:Drivers/CMSIS/Include/cmsis_gcc.h **** 
 502:Drivers/CMSIS/Include/cmsis_gcc.h **** /**
 503:Drivers/CMSIS/Include/cmsis_gcc.h ****   \brief   STR Exclusive (16 bit)
 504:Drivers/CMSIS/Include/cmsis_gcc.h ****   \details Executes a exclusive STR instruction for 16 bit values.
 505:Drivers/CMSIS/Include/cmsis_gcc.h ****   \param [in]  value  Value to store
 506:Drivers/CMSIS/Include/cmsis_gcc.h ****   \param [in]    ptr  Pointer to location
 507:Drivers/CMSIS/Include/cmsis_gcc.h ****   \return          0  Function succeeded
 508:Drivers/CMSIS/Include/cmsis_gcc.h ****   \return          1  Function failed
 509:Drivers/CMSIS/Include/cmsis_gcc.h ****  */
 510:Drivers/CMSIS/Include/cmsis_gcc.h **** __STATIC_FORCEINLINE uint32_t __STREXH(uint16_t value, volatile uint16_t *addr)
 511:Drivers/CMSIS/Include/cmsis_gcc.h **** {
 512:Drivers/CMSIS/Include/cmsis_gcc.h ****    uint32_t result;
 513:Drivers/CMSIS/Include/cmsis_gcc.h **** 
 514:Drivers/CMSIS/Include/cmsis_gcc.h ****    __ASM volatile ("strexh %0, %2, %1" : "=&r" (result), "=Q" (*addr) : "r" ((uint32_t)value) );
 515:Drivers/CMSIS/Include/cmsis_gcc.h ****    return(result);
 516:Drivers/CMSIS/Include/cmsis_gcc.h **** }
 517:Drivers/CMSIS/Include/cmsis_gcc.h **** 
 518:Drivers/CMSIS/Include/cmsis_gcc.h **** 
 519:Drivers/CMSIS/Include/cmsis_gcc.h **** /**
 520:Drivers/CMSIS/Include/cmsis_gcc.h ****   \brief   STR Exclusive (32 bit)
 521:Drivers/CMSIS/Include/cmsis_gcc.h ****   \details Executes a exclusive STR instruction for 32 bit values.
 522:Drivers/CMSIS/Include/cmsis_gcc.h ****   \param [in]  value  Value to store
 523:Drivers/CMSIS/Include/cmsis_gcc.h ****   \param [in]    ptr  Pointer to location
 524:Drivers/CMSIS/Include/cmsis_gcc.h ****   \return          0  Function succeeded
 525:Drivers/CMSIS/Include/cmsis_gcc.h ****   \return          1  Function failed
 526:Drivers/CMSIS/Include/cmsis_gcc.h ****  */
 527:Drivers/CMSIS/Include/cmsis_gcc.h **** __STATIC_FORCEINLINE uint32_t __STREXW(uint32_t value, volatile uint32_t *addr)
 528:Drivers/CMSIS/Include/cmsis_gcc.h **** {
 529:Drivers/CMSIS/Include/cmsis_gcc.h ****    uint32_t result;
 530:Drivers/CMSIS/Include/cmsis_gcc.h **** 
 531:Drivers/CMSIS/Include/cmsis_gcc.h ****    __ASM volatile ("strex %0, %2, %1" : "=&r" (result), "=Q" (*addr) : "r" (value) );
 532:Drivers/CMSIS/Include/cmsis_gcc.h ****    return(result);
 533:Drivers/CMSIS/Include/cmsis_gcc.h **** }
 534:Drivers/CMSIS/Include/cmsis_gcc.h **** 
 535:Drivers/CMSIS/Include/cmsis_gcc.h **** 
 536:Drivers/CMSIS/Include/cmsis_gcc.h **** /**
 537:Drivers/CMSIS/Include/cmsis_gcc.h ****   \brief   Remove the exclusive lock
 538:Drivers/CMSIS/Include/cmsis_gcc.h ****   \details Removes the exclusive lock which is created by LDREX.
ARM GAS  C:\Users\jonat\AppData\Local\Temp\ccV2JxN8.s 			page 38


 539:Drivers/CMSIS/Include/cmsis_gcc.h ****  */
 540:Drivers/CMSIS/Include/cmsis_gcc.h **** __STATIC_FORCEINLINE void __CLREX(void)
 541:Drivers/CMSIS/Include/cmsis_gcc.h **** {
 542:Drivers/CMSIS/Include/cmsis_gcc.h ****   __ASM volatile ("clrex" ::: "memory");
 543:Drivers/CMSIS/Include/cmsis_gcc.h **** }
 544:Drivers/CMSIS/Include/cmsis_gcc.h **** 
 545:Drivers/CMSIS/Include/cmsis_gcc.h **** #endif /* ((defined (__ARM_ARCH_7M__      ) && (__ARM_ARCH_7M__      == 1)) || \
 546:Drivers/CMSIS/Include/cmsis_gcc.h ****            (defined (__ARM_ARCH_7EM__     ) && (__ARM_ARCH_7EM__     == 1)) || \
 547:Drivers/CMSIS/Include/cmsis_gcc.h ****            (defined (__ARM_ARCH_8M_MAIN__ ) && (__ARM_ARCH_8M_MAIN__ == 1)) || \
 548:Drivers/CMSIS/Include/cmsis_gcc.h ****            (defined (__ARM_ARCH_8M_BASE__ ) && (__ARM_ARCH_8M_BASE__ == 1))    ) */
 549:Drivers/CMSIS/Include/cmsis_gcc.h **** 
 550:Drivers/CMSIS/Include/cmsis_gcc.h **** 
 551:Drivers/CMSIS/Include/cmsis_gcc.h **** #if ((defined (__ARM_ARCH_7M__      ) && (__ARM_ARCH_7M__      == 1)) || \
 552:Drivers/CMSIS/Include/cmsis_gcc.h ****      (defined (__ARM_ARCH_7EM__     ) && (__ARM_ARCH_7EM__     == 1)) || \
 553:Drivers/CMSIS/Include/cmsis_gcc.h ****      (defined (__ARM_ARCH_8M_MAIN__ ) && (__ARM_ARCH_8M_MAIN__ == 1))    )
 554:Drivers/CMSIS/Include/cmsis_gcc.h **** /**
 555:Drivers/CMSIS/Include/cmsis_gcc.h ****   \brief   Signed Saturate
 556:Drivers/CMSIS/Include/cmsis_gcc.h ****   \details Saturates a signed value.
 557:Drivers/CMSIS/Include/cmsis_gcc.h ****   \param [in]  ARG1  Value to be saturated
 558:Drivers/CMSIS/Include/cmsis_gcc.h ****   \param [in]  ARG2  Bit position to saturate to (1..32)
 559:Drivers/CMSIS/Include/cmsis_gcc.h ****   \return             Saturated value
 560:Drivers/CMSIS/Include/cmsis_gcc.h ****  */
 561:Drivers/CMSIS/Include/cmsis_gcc.h **** #define __SSAT(ARG1, ARG2) \
 562:Drivers/CMSIS/Include/cmsis_gcc.h **** __extension__ \
 563:Drivers/CMSIS/Include/cmsis_gcc.h **** ({                          \
 564:Drivers/CMSIS/Include/cmsis_gcc.h ****   int32_t __RES, __ARG1 = (ARG1); \
 565:Drivers/CMSIS/Include/cmsis_gcc.h ****   __ASM volatile ("ssat %0, %1, %2" : "=r" (__RES) :  "I" (ARG2), "r" (__ARG1) : "cc" ); \
 566:Drivers/CMSIS/Include/cmsis_gcc.h ****   __RES; \
 567:Drivers/CMSIS/Include/cmsis_gcc.h ****  })
 568:Drivers/CMSIS/Include/cmsis_gcc.h **** 
 569:Drivers/CMSIS/Include/cmsis_gcc.h **** 
 570:Drivers/CMSIS/Include/cmsis_gcc.h **** /**
 571:Drivers/CMSIS/Include/cmsis_gcc.h ****   \brief   Unsigned Saturate
 572:Drivers/CMSIS/Include/cmsis_gcc.h ****   \details Saturates an unsigned value.
 573:Drivers/CMSIS/Include/cmsis_gcc.h ****   \param [in]  ARG1  Value to be saturated
 574:Drivers/CMSIS/Include/cmsis_gcc.h ****   \param [in]  ARG2  Bit position to saturate to (0..31)
 575:Drivers/CMSIS/Include/cmsis_gcc.h ****   \return             Saturated value
 576:Drivers/CMSIS/Include/cmsis_gcc.h ****  */
 577:Drivers/CMSIS/Include/cmsis_gcc.h **** #define __USAT(ARG1, ARG2) \
 578:Drivers/CMSIS/Include/cmsis_gcc.h **** __extension__ \
 579:Drivers/CMSIS/Include/cmsis_gcc.h **** ({                          \
 580:Drivers/CMSIS/Include/cmsis_gcc.h ****   uint32_t __RES, __ARG1 = (ARG1); \
 581:Drivers/CMSIS/Include/cmsis_gcc.h ****   __ASM volatile ("usat %0, %1, %2" : "=r" (__RES) :  "I" (ARG2), "r" (__ARG1) : "cc" ); \
 582:Drivers/CMSIS/Include/cmsis_gcc.h ****   __RES; \
 583:Drivers/CMSIS/Include/cmsis_gcc.h ****  })
 584:Drivers/CMSIS/Include/cmsis_gcc.h **** 
 585:Drivers/CMSIS/Include/cmsis_gcc.h **** 
 586:Drivers/CMSIS/Include/cmsis_gcc.h **** /**
 587:Drivers/CMSIS/Include/cmsis_gcc.h ****   \brief   Rotate Right with Extend (32 bit)
 588:Drivers/CMSIS/Include/cmsis_gcc.h ****   \details Moves each bit of a bitstring right by one bit.
 589:Drivers/CMSIS/Include/cmsis_gcc.h ****            The carry input is shifted in at the left end of the bitstring.
 590:Drivers/CMSIS/Include/cmsis_gcc.h ****   \param [in]    value  Value to rotate
 591:Drivers/CMSIS/Include/cmsis_gcc.h ****   \return               Rotated value
 592:Drivers/CMSIS/Include/cmsis_gcc.h ****  */
 593:Drivers/CMSIS/Include/cmsis_gcc.h **** __STATIC_FORCEINLINE uint32_t __RRX(uint32_t value)
 594:Drivers/CMSIS/Include/cmsis_gcc.h **** {
 595:Drivers/CMSIS/Include/cmsis_gcc.h ****   uint32_t result;
ARM GAS  C:\Users\jonat\AppData\Local\Temp\ccV2JxN8.s 			page 39


 596:Drivers/CMSIS/Include/cmsis_gcc.h **** 
 597:Drivers/CMSIS/Include/cmsis_gcc.h ****   __ASM volatile ("rrx %0, %1" : __CMSIS_GCC_OUT_REG (result) : __CMSIS_GCC_USE_REG (value) );
 598:Drivers/CMSIS/Include/cmsis_gcc.h ****   return(result);
 599:Drivers/CMSIS/Include/cmsis_gcc.h **** }
 600:Drivers/CMSIS/Include/cmsis_gcc.h **** 
 601:Drivers/CMSIS/Include/cmsis_gcc.h **** 
 602:Drivers/CMSIS/Include/cmsis_gcc.h **** /**
 603:Drivers/CMSIS/Include/cmsis_gcc.h ****   \brief   LDRT Unprivileged (8 bit)
 604:Drivers/CMSIS/Include/cmsis_gcc.h ****   \details Executes a Unprivileged LDRT instruction for 8 bit value.
 605:Drivers/CMSIS/Include/cmsis_gcc.h ****   \param [in]    ptr  Pointer to data
 606:Drivers/CMSIS/Include/cmsis_gcc.h ****   \return             value of type uint8_t at (*ptr)
 607:Drivers/CMSIS/Include/cmsis_gcc.h ****  */
 608:Drivers/CMSIS/Include/cmsis_gcc.h **** __STATIC_FORCEINLINE uint8_t __LDRBT(volatile uint8_t *ptr)
 609:Drivers/CMSIS/Include/cmsis_gcc.h **** {
 610:Drivers/CMSIS/Include/cmsis_gcc.h ****     uint32_t result;
 611:Drivers/CMSIS/Include/cmsis_gcc.h **** 
 612:Drivers/CMSIS/Include/cmsis_gcc.h **** #if (__GNUC__ > 4) || (__GNUC__ == 4 && __GNUC_MINOR__ >= 8)
 613:Drivers/CMSIS/Include/cmsis_gcc.h ****    __ASM volatile ("ldrbt %0, %1" : "=r" (result) : "Q" (*ptr) );
 614:Drivers/CMSIS/Include/cmsis_gcc.h **** #else
 615:Drivers/CMSIS/Include/cmsis_gcc.h ****     /* Prior to GCC 4.8, "Q" will be expanded to [rx, #0] which is not
 616:Drivers/CMSIS/Include/cmsis_gcc.h ****        accepted by assembler. So has to use following less efficient pattern.
 617:Drivers/CMSIS/Include/cmsis_gcc.h ****     */
 618:Drivers/CMSIS/Include/cmsis_gcc.h ****    __ASM volatile ("ldrbt %0, [%1]" : "=r" (result) : "r" (ptr) : "memory" );
 619:Drivers/CMSIS/Include/cmsis_gcc.h **** #endif
 620:Drivers/CMSIS/Include/cmsis_gcc.h ****    return ((uint8_t) result);    /* Add explicit type cast here */
 621:Drivers/CMSIS/Include/cmsis_gcc.h **** }
 622:Drivers/CMSIS/Include/cmsis_gcc.h **** 
 623:Drivers/CMSIS/Include/cmsis_gcc.h **** 
 624:Drivers/CMSIS/Include/cmsis_gcc.h **** /**
 625:Drivers/CMSIS/Include/cmsis_gcc.h ****   \brief   LDRT Unprivileged (16 bit)
 626:Drivers/CMSIS/Include/cmsis_gcc.h ****   \details Executes a Unprivileged LDRT instruction for 16 bit values.
 627:Drivers/CMSIS/Include/cmsis_gcc.h ****   \param [in]    ptr  Pointer to data
 628:Drivers/CMSIS/Include/cmsis_gcc.h ****   \return        value of type uint16_t at (*ptr)
 629:Drivers/CMSIS/Include/cmsis_gcc.h ****  */
 630:Drivers/CMSIS/Include/cmsis_gcc.h **** __STATIC_FORCEINLINE uint16_t __LDRHT(volatile uint16_t *ptr)
 631:Drivers/CMSIS/Include/cmsis_gcc.h **** {
 632:Drivers/CMSIS/Include/cmsis_gcc.h ****     uint32_t result;
 633:Drivers/CMSIS/Include/cmsis_gcc.h **** 
 634:Drivers/CMSIS/Include/cmsis_gcc.h **** #if (__GNUC__ > 4) || (__GNUC__ == 4 && __GNUC_MINOR__ >= 8)
 635:Drivers/CMSIS/Include/cmsis_gcc.h ****    __ASM volatile ("ldrht %0, %1" : "=r" (result) : "Q" (*ptr) );
 636:Drivers/CMSIS/Include/cmsis_gcc.h **** #else
 637:Drivers/CMSIS/Include/cmsis_gcc.h ****     /* Prior to GCC 4.8, "Q" will be expanded to [rx, #0] which is not
 638:Drivers/CMSIS/Include/cmsis_gcc.h ****        accepted by assembler. So has to use following less efficient pattern.
 639:Drivers/CMSIS/Include/cmsis_gcc.h ****     */
 640:Drivers/CMSIS/Include/cmsis_gcc.h ****    __ASM volatile ("ldrht %0, [%1]" : "=r" (result) : "r" (ptr) : "memory" );
 641:Drivers/CMSIS/Include/cmsis_gcc.h **** #endif
 642:Drivers/CMSIS/Include/cmsis_gcc.h ****    return ((uint16_t) result);    /* Add explicit type cast here */
 643:Drivers/CMSIS/Include/cmsis_gcc.h **** }
 644:Drivers/CMSIS/Include/cmsis_gcc.h **** 
 645:Drivers/CMSIS/Include/cmsis_gcc.h **** 
 646:Drivers/CMSIS/Include/cmsis_gcc.h **** /**
 647:Drivers/CMSIS/Include/cmsis_gcc.h ****   \brief   LDRT Unprivileged (32 bit)
 648:Drivers/CMSIS/Include/cmsis_gcc.h ****   \details Executes a Unprivileged LDRT instruction for 32 bit values.
 649:Drivers/CMSIS/Include/cmsis_gcc.h ****   \param [in]    ptr  Pointer to data
 650:Drivers/CMSIS/Include/cmsis_gcc.h ****   \return        value of type uint32_t at (*ptr)
 651:Drivers/CMSIS/Include/cmsis_gcc.h ****  */
 652:Drivers/CMSIS/Include/cmsis_gcc.h **** __STATIC_FORCEINLINE uint32_t __LDRT(volatile uint32_t *ptr)
ARM GAS  C:\Users\jonat\AppData\Local\Temp\ccV2JxN8.s 			page 40


 653:Drivers/CMSIS/Include/cmsis_gcc.h **** {
 654:Drivers/CMSIS/Include/cmsis_gcc.h ****     uint32_t result;
 655:Drivers/CMSIS/Include/cmsis_gcc.h **** 
 656:Drivers/CMSIS/Include/cmsis_gcc.h ****    __ASM volatile ("ldrt %0, %1" : "=r" (result) : "Q" (*ptr) );
 657:Drivers/CMSIS/Include/cmsis_gcc.h ****    return(result);
 658:Drivers/CMSIS/Include/cmsis_gcc.h **** }
 659:Drivers/CMSIS/Include/cmsis_gcc.h **** 
 660:Drivers/CMSIS/Include/cmsis_gcc.h **** 
 661:Drivers/CMSIS/Include/cmsis_gcc.h **** /**
 662:Drivers/CMSIS/Include/cmsis_gcc.h ****   \brief   STRT Unprivileged (8 bit)
 663:Drivers/CMSIS/Include/cmsis_gcc.h ****   \details Executes a Unprivileged STRT instruction for 8 bit values.
 664:Drivers/CMSIS/Include/cmsis_gcc.h ****   \param [in]  value  Value to store
 665:Drivers/CMSIS/Include/cmsis_gcc.h ****   \param [in]    ptr  Pointer to location
 666:Drivers/CMSIS/Include/cmsis_gcc.h ****  */
 667:Drivers/CMSIS/Include/cmsis_gcc.h **** __STATIC_FORCEINLINE void __STRBT(uint8_t value, volatile uint8_t *ptr)
 668:Drivers/CMSIS/Include/cmsis_gcc.h **** {
 669:Drivers/CMSIS/Include/cmsis_gcc.h ****    __ASM volatile ("strbt %1, %0" : "=Q" (*ptr) : "r" ((uint32_t)value) );
 670:Drivers/CMSIS/Include/cmsis_gcc.h **** }
 671:Drivers/CMSIS/Include/cmsis_gcc.h **** 
 672:Drivers/CMSIS/Include/cmsis_gcc.h **** 
 673:Drivers/CMSIS/Include/cmsis_gcc.h **** /**
 674:Drivers/CMSIS/Include/cmsis_gcc.h ****   \brief   STRT Unprivileged (16 bit)
 675:Drivers/CMSIS/Include/cmsis_gcc.h ****   \details Executes a Unprivileged STRT instruction for 16 bit values.
 676:Drivers/CMSIS/Include/cmsis_gcc.h ****   \param [in]  value  Value to store
 677:Drivers/CMSIS/Include/cmsis_gcc.h ****   \param [in]    ptr  Pointer to location
 678:Drivers/CMSIS/Include/cmsis_gcc.h ****  */
 679:Drivers/CMSIS/Include/cmsis_gcc.h **** __STATIC_FORCEINLINE void __STRHT(uint16_t value, volatile uint16_t *ptr)
 680:Drivers/CMSIS/Include/cmsis_gcc.h **** {
 681:Drivers/CMSIS/Include/cmsis_gcc.h ****    __ASM volatile ("strht %1, %0" : "=Q" (*ptr) : "r" ((uint32_t)value) );
 682:Drivers/CMSIS/Include/cmsis_gcc.h **** }
 683:Drivers/CMSIS/Include/cmsis_gcc.h **** 
 684:Drivers/CMSIS/Include/cmsis_gcc.h **** 
 685:Drivers/CMSIS/Include/cmsis_gcc.h **** /**
 686:Drivers/CMSIS/Include/cmsis_gcc.h ****   \brief   STRT Unprivileged (32 bit)
 687:Drivers/CMSIS/Include/cmsis_gcc.h ****   \details Executes a Unprivileged STRT instruction for 32 bit values.
 688:Drivers/CMSIS/Include/cmsis_gcc.h ****   \param [in]  value  Value to store
 689:Drivers/CMSIS/Include/cmsis_gcc.h ****   \param [in]    ptr  Pointer to location
 690:Drivers/CMSIS/Include/cmsis_gcc.h ****  */
 691:Drivers/CMSIS/Include/cmsis_gcc.h **** __STATIC_FORCEINLINE void __STRT(uint32_t value, volatile uint32_t *ptr)
 692:Drivers/CMSIS/Include/cmsis_gcc.h **** {
 693:Drivers/CMSIS/Include/cmsis_gcc.h ****    __ASM volatile ("strt %1, %0" : "=Q" (*ptr) : "r" (value) );
 694:Drivers/CMSIS/Include/cmsis_gcc.h **** }
 695:Drivers/CMSIS/Include/cmsis_gcc.h **** 
 696:Drivers/CMSIS/Include/cmsis_gcc.h **** #else  /* ((defined (__ARM_ARCH_7M__      ) && (__ARM_ARCH_7M__      == 1)) || \
 697:Drivers/CMSIS/Include/cmsis_gcc.h ****            (defined (__ARM_ARCH_7EM__     ) && (__ARM_ARCH_7EM__     == 1)) || \
 698:Drivers/CMSIS/Include/cmsis_gcc.h ****            (defined (__ARM_ARCH_8M_MAIN__ ) && (__ARM_ARCH_8M_MAIN__ == 1))    ) */
 699:Drivers/CMSIS/Include/cmsis_gcc.h **** 
 700:Drivers/CMSIS/Include/cmsis_gcc.h **** /**
 701:Drivers/CMSIS/Include/cmsis_gcc.h ****   \brief   Signed Saturate
 702:Drivers/CMSIS/Include/cmsis_gcc.h ****   \details Saturates a signed value.
 703:Drivers/CMSIS/Include/cmsis_gcc.h ****   \param [in]  value  Value to be saturated
 704:Drivers/CMSIS/Include/cmsis_gcc.h ****   \param [in]    sat  Bit position to saturate to (1..32)
 705:Drivers/CMSIS/Include/cmsis_gcc.h ****   \return             Saturated value
 706:Drivers/CMSIS/Include/cmsis_gcc.h ****  */
 707:Drivers/CMSIS/Include/cmsis_gcc.h **** __STATIC_FORCEINLINE int32_t __SSAT(int32_t val, uint32_t sat)
 708:Drivers/CMSIS/Include/cmsis_gcc.h **** {
 709:Drivers/CMSIS/Include/cmsis_gcc.h ****   if ((sat >= 1U) && (sat <= 32U))
ARM GAS  C:\Users\jonat\AppData\Local\Temp\ccV2JxN8.s 			page 41


 710:Drivers/CMSIS/Include/cmsis_gcc.h ****   {
 711:Drivers/CMSIS/Include/cmsis_gcc.h ****     const int32_t max = (int32_t)((1U << (sat - 1U)) - 1U);
 712:Drivers/CMSIS/Include/cmsis_gcc.h ****     const int32_t min = -1 - max ;
 713:Drivers/CMSIS/Include/cmsis_gcc.h ****     if (val > max)
 714:Drivers/CMSIS/Include/cmsis_gcc.h ****     {
 715:Drivers/CMSIS/Include/cmsis_gcc.h ****       return max;
 716:Drivers/CMSIS/Include/cmsis_gcc.h ****     }
 717:Drivers/CMSIS/Include/cmsis_gcc.h ****     else if (val < min)
 718:Drivers/CMSIS/Include/cmsis_gcc.h ****     {
 719:Drivers/CMSIS/Include/cmsis_gcc.h ****       return min;
 720:Drivers/CMSIS/Include/cmsis_gcc.h ****     }
 721:Drivers/CMSIS/Include/cmsis_gcc.h ****   }
 722:Drivers/CMSIS/Include/cmsis_gcc.h ****   return val;
 723:Drivers/CMSIS/Include/cmsis_gcc.h **** }
 724:Drivers/CMSIS/Include/cmsis_gcc.h **** 
 725:Drivers/CMSIS/Include/cmsis_gcc.h **** /**
 726:Drivers/CMSIS/Include/cmsis_gcc.h ****   \brief   Unsigned Saturate
 727:Drivers/CMSIS/Include/cmsis_gcc.h ****   \details Saturates an unsigned value.
 728:Drivers/CMSIS/Include/cmsis_gcc.h ****   \param [in]  value  Value to be saturated
 729:Drivers/CMSIS/Include/cmsis_gcc.h ****   \param [in]    sat  Bit position to saturate to (0..31)
 730:Drivers/CMSIS/Include/cmsis_gcc.h ****   \return             Saturated value
 731:Drivers/CMSIS/Include/cmsis_gcc.h ****  */
 732:Drivers/CMSIS/Include/cmsis_gcc.h **** __STATIC_FORCEINLINE uint32_t __USAT(int32_t val, uint32_t sat)
 733:Drivers/CMSIS/Include/cmsis_gcc.h **** {
 734:Drivers/CMSIS/Include/cmsis_gcc.h ****   if (sat <= 31U)
 735:Drivers/CMSIS/Include/cmsis_gcc.h ****   {
 736:Drivers/CMSIS/Include/cmsis_gcc.h ****     const uint32_t max = ((1U << sat) - 1U);
 737:Drivers/CMSIS/Include/cmsis_gcc.h ****     if (val > (int32_t)max)
 738:Drivers/CMSIS/Include/cmsis_gcc.h ****     {
 739:Drivers/CMSIS/Include/cmsis_gcc.h ****       return max;
 740:Drivers/CMSIS/Include/cmsis_gcc.h ****     }
 741:Drivers/CMSIS/Include/cmsis_gcc.h ****     else if (val < 0)
 742:Drivers/CMSIS/Include/cmsis_gcc.h ****     {
 743:Drivers/CMSIS/Include/cmsis_gcc.h ****       return 0U;
 744:Drivers/CMSIS/Include/cmsis_gcc.h ****     }
 745:Drivers/CMSIS/Include/cmsis_gcc.h ****   }
 746:Drivers/CMSIS/Include/cmsis_gcc.h ****   return (uint32_t)val;
 747:Drivers/CMSIS/Include/cmsis_gcc.h **** }
 748:Drivers/CMSIS/Include/cmsis_gcc.h **** 
 749:Drivers/CMSIS/Include/cmsis_gcc.h **** #endif /* ((defined (__ARM_ARCH_7M__      ) && (__ARM_ARCH_7M__      == 1)) || \
 750:Drivers/CMSIS/Include/cmsis_gcc.h ****            (defined (__ARM_ARCH_7EM__     ) && (__ARM_ARCH_7EM__     == 1)) || \
 751:Drivers/CMSIS/Include/cmsis_gcc.h ****            (defined (__ARM_ARCH_8M_MAIN__ ) && (__ARM_ARCH_8M_MAIN__ == 1))    ) */
 752:Drivers/CMSIS/Include/cmsis_gcc.h **** 
 753:Drivers/CMSIS/Include/cmsis_gcc.h **** 
 754:Drivers/CMSIS/Include/cmsis_gcc.h **** #if ((defined (__ARM_ARCH_8M_MAIN__ ) && (__ARM_ARCH_8M_MAIN__ == 1)) || \
 755:Drivers/CMSIS/Include/cmsis_gcc.h ****      (defined (__ARM_ARCH_8M_BASE__ ) && (__ARM_ARCH_8M_BASE__ == 1))    )
 756:Drivers/CMSIS/Include/cmsis_gcc.h **** /**
 757:Drivers/CMSIS/Include/cmsis_gcc.h ****   \brief   Load-Acquire (8 bit)
 758:Drivers/CMSIS/Include/cmsis_gcc.h ****   \details Executes a LDAB instruction for 8 bit value.
 759:Drivers/CMSIS/Include/cmsis_gcc.h ****   \param [in]    ptr  Pointer to data
 760:Drivers/CMSIS/Include/cmsis_gcc.h ****   \return             value of type uint8_t at (*ptr)
 761:Drivers/CMSIS/Include/cmsis_gcc.h ****  */
 762:Drivers/CMSIS/Include/cmsis_gcc.h **** __STATIC_FORCEINLINE uint8_t __LDAB(volatile uint8_t *ptr)
 763:Drivers/CMSIS/Include/cmsis_gcc.h **** {
 764:Drivers/CMSIS/Include/cmsis_gcc.h ****     uint32_t result;
 765:Drivers/CMSIS/Include/cmsis_gcc.h **** 
 766:Drivers/CMSIS/Include/cmsis_gcc.h ****    __ASM volatile ("ldab %0, %1" : "=r" (result) : "Q" (*ptr) : "memory" );
ARM GAS  C:\Users\jonat\AppData\Local\Temp\ccV2JxN8.s 			page 42


 767:Drivers/CMSIS/Include/cmsis_gcc.h ****    return ((uint8_t) result);
 768:Drivers/CMSIS/Include/cmsis_gcc.h **** }
 769:Drivers/CMSIS/Include/cmsis_gcc.h **** 
 770:Drivers/CMSIS/Include/cmsis_gcc.h **** 
 771:Drivers/CMSIS/Include/cmsis_gcc.h **** /**
 772:Drivers/CMSIS/Include/cmsis_gcc.h ****   \brief   Load-Acquire (16 bit)
 773:Drivers/CMSIS/Include/cmsis_gcc.h ****   \details Executes a LDAH instruction for 16 bit values.
 774:Drivers/CMSIS/Include/cmsis_gcc.h ****   \param [in]    ptr  Pointer to data
 775:Drivers/CMSIS/Include/cmsis_gcc.h ****   \return        value of type uint16_t at (*ptr)
 776:Drivers/CMSIS/Include/cmsis_gcc.h ****  */
 777:Drivers/CMSIS/Include/cmsis_gcc.h **** __STATIC_FORCEINLINE uint16_t __LDAH(volatile uint16_t *ptr)
 778:Drivers/CMSIS/Include/cmsis_gcc.h **** {
 779:Drivers/CMSIS/Include/cmsis_gcc.h ****     uint32_t result;
 780:Drivers/CMSIS/Include/cmsis_gcc.h **** 
 781:Drivers/CMSIS/Include/cmsis_gcc.h ****    __ASM volatile ("ldah %0, %1" : "=r" (result) : "Q" (*ptr) : "memory" );
 782:Drivers/CMSIS/Include/cmsis_gcc.h ****    return ((uint16_t) result);
 783:Drivers/CMSIS/Include/cmsis_gcc.h **** }
 784:Drivers/CMSIS/Include/cmsis_gcc.h **** 
 785:Drivers/CMSIS/Include/cmsis_gcc.h **** 
 786:Drivers/CMSIS/Include/cmsis_gcc.h **** /**
 787:Drivers/CMSIS/Include/cmsis_gcc.h ****   \brief   Load-Acquire (32 bit)
 788:Drivers/CMSIS/Include/cmsis_gcc.h ****   \details Executes a LDA instruction for 32 bit values.
 789:Drivers/CMSIS/Include/cmsis_gcc.h ****   \param [in]    ptr  Pointer to data
 790:Drivers/CMSIS/Include/cmsis_gcc.h ****   \return        value of type uint32_t at (*ptr)
 791:Drivers/CMSIS/Include/cmsis_gcc.h ****  */
 792:Drivers/CMSIS/Include/cmsis_gcc.h **** __STATIC_FORCEINLINE uint32_t __LDA(volatile uint32_t *ptr)
 793:Drivers/CMSIS/Include/cmsis_gcc.h **** {
 794:Drivers/CMSIS/Include/cmsis_gcc.h ****     uint32_t result;
 795:Drivers/CMSIS/Include/cmsis_gcc.h **** 
 796:Drivers/CMSIS/Include/cmsis_gcc.h ****    __ASM volatile ("lda %0, %1" : "=r" (result) : "Q" (*ptr) : "memory" );
 797:Drivers/CMSIS/Include/cmsis_gcc.h ****    return(result);
 798:Drivers/CMSIS/Include/cmsis_gcc.h **** }
 799:Drivers/CMSIS/Include/cmsis_gcc.h **** 
 800:Drivers/CMSIS/Include/cmsis_gcc.h **** 
 801:Drivers/CMSIS/Include/cmsis_gcc.h **** /**
 802:Drivers/CMSIS/Include/cmsis_gcc.h ****   \brief   Store-Release (8 bit)
 803:Drivers/CMSIS/Include/cmsis_gcc.h ****   \details Executes a STLB instruction for 8 bit values.
 804:Drivers/CMSIS/Include/cmsis_gcc.h ****   \param [in]  value  Value to store
 805:Drivers/CMSIS/Include/cmsis_gcc.h ****   \param [in]    ptr  Pointer to location
 806:Drivers/CMSIS/Include/cmsis_gcc.h ****  */
 807:Drivers/CMSIS/Include/cmsis_gcc.h **** __STATIC_FORCEINLINE void __STLB(uint8_t value, volatile uint8_t *ptr)
 808:Drivers/CMSIS/Include/cmsis_gcc.h **** {
 809:Drivers/CMSIS/Include/cmsis_gcc.h ****    __ASM volatile ("stlb %1, %0" : "=Q" (*ptr) : "r" ((uint32_t)value) : "memory" );
 810:Drivers/CMSIS/Include/cmsis_gcc.h **** }
 811:Drivers/CMSIS/Include/cmsis_gcc.h **** 
 812:Drivers/CMSIS/Include/cmsis_gcc.h **** 
 813:Drivers/CMSIS/Include/cmsis_gcc.h **** /**
 814:Drivers/CMSIS/Include/cmsis_gcc.h ****   \brief   Store-Release (16 bit)
 815:Drivers/CMSIS/Include/cmsis_gcc.h ****   \details Executes a STLH instruction for 16 bit values.
 816:Drivers/CMSIS/Include/cmsis_gcc.h ****   \param [in]  value  Value to store
 817:Drivers/CMSIS/Include/cmsis_gcc.h ****   \param [in]    ptr  Pointer to location
 818:Drivers/CMSIS/Include/cmsis_gcc.h ****  */
 819:Drivers/CMSIS/Include/cmsis_gcc.h **** __STATIC_FORCEINLINE void __STLH(uint16_t value, volatile uint16_t *ptr)
 820:Drivers/CMSIS/Include/cmsis_gcc.h **** {
 821:Drivers/CMSIS/Include/cmsis_gcc.h ****    __ASM volatile ("stlh %1, %0" : "=Q" (*ptr) : "r" ((uint32_t)value) : "memory" );
 822:Drivers/CMSIS/Include/cmsis_gcc.h **** }
 823:Drivers/CMSIS/Include/cmsis_gcc.h **** 
ARM GAS  C:\Users\jonat\AppData\Local\Temp\ccV2JxN8.s 			page 43


 824:Drivers/CMSIS/Include/cmsis_gcc.h **** 
 825:Drivers/CMSIS/Include/cmsis_gcc.h **** /**
 826:Drivers/CMSIS/Include/cmsis_gcc.h ****   \brief   Store-Release (32 bit)
 827:Drivers/CMSIS/Include/cmsis_gcc.h ****   \details Executes a STL instruction for 32 bit values.
 828:Drivers/CMSIS/Include/cmsis_gcc.h ****   \param [in]  value  Value to store
 829:Drivers/CMSIS/Include/cmsis_gcc.h ****   \param [in]    ptr  Pointer to location
 830:Drivers/CMSIS/Include/cmsis_gcc.h ****  */
 831:Drivers/CMSIS/Include/cmsis_gcc.h **** __STATIC_FORCEINLINE void __STL(uint32_t value, volatile uint32_t *ptr)
 832:Drivers/CMSIS/Include/cmsis_gcc.h **** {
 833:Drivers/CMSIS/Include/cmsis_gcc.h ****    __ASM volatile ("stl %1, %0" : "=Q" (*ptr) : "r" ((uint32_t)value) : "memory" );
 834:Drivers/CMSIS/Include/cmsis_gcc.h **** }
 835:Drivers/CMSIS/Include/cmsis_gcc.h **** 
 836:Drivers/CMSIS/Include/cmsis_gcc.h **** 
 837:Drivers/CMSIS/Include/cmsis_gcc.h **** /**
 838:Drivers/CMSIS/Include/cmsis_gcc.h ****   \brief   Load-Acquire Exclusive (8 bit)
 839:Drivers/CMSIS/Include/cmsis_gcc.h ****   \details Executes a LDAB exclusive instruction for 8 bit value.
 840:Drivers/CMSIS/Include/cmsis_gcc.h ****   \param [in]    ptr  Pointer to data
 841:Drivers/CMSIS/Include/cmsis_gcc.h ****   \return             value of type uint8_t at (*ptr)
 842:Drivers/CMSIS/Include/cmsis_gcc.h ****  */
 843:Drivers/CMSIS/Include/cmsis_gcc.h **** __STATIC_FORCEINLINE uint8_t __LDAEXB(volatile uint8_t *ptr)
 844:Drivers/CMSIS/Include/cmsis_gcc.h **** {
 845:Drivers/CMSIS/Include/cmsis_gcc.h ****     uint32_t result;
 846:Drivers/CMSIS/Include/cmsis_gcc.h **** 
 847:Drivers/CMSIS/Include/cmsis_gcc.h ****    __ASM volatile ("ldaexb %0, %1" : "=r" (result) : "Q" (*ptr) : "memory" );
 848:Drivers/CMSIS/Include/cmsis_gcc.h ****    return ((uint8_t) result);
 849:Drivers/CMSIS/Include/cmsis_gcc.h **** }
 850:Drivers/CMSIS/Include/cmsis_gcc.h **** 
 851:Drivers/CMSIS/Include/cmsis_gcc.h **** 
 852:Drivers/CMSIS/Include/cmsis_gcc.h **** /**
 853:Drivers/CMSIS/Include/cmsis_gcc.h ****   \brief   Load-Acquire Exclusive (16 bit)
 854:Drivers/CMSIS/Include/cmsis_gcc.h ****   \details Executes a LDAH exclusive instruction for 16 bit values.
 855:Drivers/CMSIS/Include/cmsis_gcc.h ****   \param [in]    ptr  Pointer to data
 856:Drivers/CMSIS/Include/cmsis_gcc.h ****   \return        value of type uint16_t at (*ptr)
 857:Drivers/CMSIS/Include/cmsis_gcc.h ****  */
 858:Drivers/CMSIS/Include/cmsis_gcc.h **** __STATIC_FORCEINLINE uint16_t __LDAEXH(volatile uint16_t *ptr)
 859:Drivers/CMSIS/Include/cmsis_gcc.h **** {
 860:Drivers/CMSIS/Include/cmsis_gcc.h ****     uint32_t result;
 861:Drivers/CMSIS/Include/cmsis_gcc.h **** 
 862:Drivers/CMSIS/Include/cmsis_gcc.h ****    __ASM volatile ("ldaexh %0, %1" : "=r" (result) : "Q" (*ptr) : "memory" );
 863:Drivers/CMSIS/Include/cmsis_gcc.h ****    return ((uint16_t) result);
 864:Drivers/CMSIS/Include/cmsis_gcc.h **** }
 865:Drivers/CMSIS/Include/cmsis_gcc.h **** 
 866:Drivers/CMSIS/Include/cmsis_gcc.h **** 
 867:Drivers/CMSIS/Include/cmsis_gcc.h **** /**
 868:Drivers/CMSIS/Include/cmsis_gcc.h ****   \brief   Load-Acquire Exclusive (32 bit)
 869:Drivers/CMSIS/Include/cmsis_gcc.h ****   \details Executes a LDA exclusive instruction for 32 bit values.
 870:Drivers/CMSIS/Include/cmsis_gcc.h ****   \param [in]    ptr  Pointer to data
 871:Drivers/CMSIS/Include/cmsis_gcc.h ****   \return        value of type uint32_t at (*ptr)
 872:Drivers/CMSIS/Include/cmsis_gcc.h ****  */
 873:Drivers/CMSIS/Include/cmsis_gcc.h **** __STATIC_FORCEINLINE uint32_t __LDAEX(volatile uint32_t *ptr)
 874:Drivers/CMSIS/Include/cmsis_gcc.h **** {
 875:Drivers/CMSIS/Include/cmsis_gcc.h ****     uint32_t result;
 876:Drivers/CMSIS/Include/cmsis_gcc.h **** 
 877:Drivers/CMSIS/Include/cmsis_gcc.h ****    __ASM volatile ("ldaex %0, %1" : "=r" (result) : "Q" (*ptr) : "memory" );
 878:Drivers/CMSIS/Include/cmsis_gcc.h ****    return(result);
 879:Drivers/CMSIS/Include/cmsis_gcc.h **** }
 880:Drivers/CMSIS/Include/cmsis_gcc.h **** 
ARM GAS  C:\Users\jonat\AppData\Local\Temp\ccV2JxN8.s 			page 44


 881:Drivers/CMSIS/Include/cmsis_gcc.h **** 
 882:Drivers/CMSIS/Include/cmsis_gcc.h **** /**
 883:Drivers/CMSIS/Include/cmsis_gcc.h ****   \brief   Store-Release Exclusive (8 bit)
 884:Drivers/CMSIS/Include/cmsis_gcc.h ****   \details Executes a STLB exclusive instruction for 8 bit values.
 885:Drivers/CMSIS/Include/cmsis_gcc.h ****   \param [in]  value  Value to store
 886:Drivers/CMSIS/Include/cmsis_gcc.h ****   \param [in]    ptr  Pointer to location
 887:Drivers/CMSIS/Include/cmsis_gcc.h ****   \return          0  Function succeeded
 888:Drivers/CMSIS/Include/cmsis_gcc.h ****   \return          1  Function failed
 889:Drivers/CMSIS/Include/cmsis_gcc.h ****  */
 890:Drivers/CMSIS/Include/cmsis_gcc.h **** __STATIC_FORCEINLINE uint32_t __STLEXB(uint8_t value, volatile uint8_t *ptr)
 891:Drivers/CMSIS/Include/cmsis_gcc.h **** {
 892:Drivers/CMSIS/Include/cmsis_gcc.h ****    uint32_t result;
 893:Drivers/CMSIS/Include/cmsis_gcc.h **** 
 894:Drivers/CMSIS/Include/cmsis_gcc.h ****    __ASM volatile ("stlexb %0, %2, %1" : "=&r" (result), "=Q" (*ptr) : "r" ((uint32_t)value) : "mem
 895:Drivers/CMSIS/Include/cmsis_gcc.h ****    return(result);
 896:Drivers/CMSIS/Include/cmsis_gcc.h **** }
 897:Drivers/CMSIS/Include/cmsis_gcc.h **** 
 898:Drivers/CMSIS/Include/cmsis_gcc.h **** 
 899:Drivers/CMSIS/Include/cmsis_gcc.h **** /**
 900:Drivers/CMSIS/Include/cmsis_gcc.h ****   \brief   Store-Release Exclusive (16 bit)
 901:Drivers/CMSIS/Include/cmsis_gcc.h ****   \details Executes a STLH exclusive instruction for 16 bit values.
 902:Drivers/CMSIS/Include/cmsis_gcc.h ****   \param [in]  value  Value to store
 903:Drivers/CMSIS/Include/cmsis_gcc.h ****   \param [in]    ptr  Pointer to location
 904:Drivers/CMSIS/Include/cmsis_gcc.h ****   \return          0  Function succeeded
 905:Drivers/CMSIS/Include/cmsis_gcc.h ****   \return          1  Function failed
 906:Drivers/CMSIS/Include/cmsis_gcc.h ****  */
 907:Drivers/CMSIS/Include/cmsis_gcc.h **** __STATIC_FORCEINLINE uint32_t __STLEXH(uint16_t value, volatile uint16_t *ptr)
 908:Drivers/CMSIS/Include/cmsis_gcc.h **** {
 909:Drivers/CMSIS/Include/cmsis_gcc.h ****    uint32_t result;
 910:Drivers/CMSIS/Include/cmsis_gcc.h **** 
 911:Drivers/CMSIS/Include/cmsis_gcc.h ****    __ASM volatile ("stlexh %0, %2, %1" : "=&r" (result), "=Q" (*ptr) : "r" ((uint32_t)value) : "mem
 912:Drivers/CMSIS/Include/cmsis_gcc.h ****    return(result);
 913:Drivers/CMSIS/Include/cmsis_gcc.h **** }
 914:Drivers/CMSIS/Include/cmsis_gcc.h **** 
 915:Drivers/CMSIS/Include/cmsis_gcc.h **** 
 916:Drivers/CMSIS/Include/cmsis_gcc.h **** /**
 917:Drivers/CMSIS/Include/cmsis_gcc.h ****   \brief   Store-Release Exclusive (32 bit)
 918:Drivers/CMSIS/Include/cmsis_gcc.h ****   \details Executes a STL exclusive instruction for 32 bit values.
 919:Drivers/CMSIS/Include/cmsis_gcc.h ****   \param [in]  value  Value to store
 920:Drivers/CMSIS/Include/cmsis_gcc.h ****   \param [in]    ptr  Pointer to location
 921:Drivers/CMSIS/Include/cmsis_gcc.h ****   \return          0  Function succeeded
 922:Drivers/CMSIS/Include/cmsis_gcc.h ****   \return          1  Function failed
 923:Drivers/CMSIS/Include/cmsis_gcc.h ****  */
 924:Drivers/CMSIS/Include/cmsis_gcc.h **** __STATIC_FORCEINLINE uint32_t __STLEX(uint32_t value, volatile uint32_t *ptr)
 925:Drivers/CMSIS/Include/cmsis_gcc.h **** {
 926:Drivers/CMSIS/Include/cmsis_gcc.h ****    uint32_t result;
 927:Drivers/CMSIS/Include/cmsis_gcc.h **** 
 928:Drivers/CMSIS/Include/cmsis_gcc.h ****    __ASM volatile ("stlex %0, %2, %1" : "=&r" (result), "=Q" (*ptr) : "r" ((uint32_t)value) : "memo
 929:Drivers/CMSIS/Include/cmsis_gcc.h ****    return(result);
 930:Drivers/CMSIS/Include/cmsis_gcc.h **** }
 931:Drivers/CMSIS/Include/cmsis_gcc.h **** 
 932:Drivers/CMSIS/Include/cmsis_gcc.h **** #endif /* ((defined (__ARM_ARCH_8M_MAIN__ ) && (__ARM_ARCH_8M_MAIN__ == 1)) || \
 933:Drivers/CMSIS/Include/cmsis_gcc.h ****            (defined (__ARM_ARCH_8M_BASE__ ) && (__ARM_ARCH_8M_BASE__ == 1))    ) */
 934:Drivers/CMSIS/Include/cmsis_gcc.h **** 
 935:Drivers/CMSIS/Include/cmsis_gcc.h **** /*@}*/ /* end of group CMSIS_Core_InstructionInterface */
 936:Drivers/CMSIS/Include/cmsis_gcc.h **** 
 937:Drivers/CMSIS/Include/cmsis_gcc.h **** 
ARM GAS  C:\Users\jonat\AppData\Local\Temp\ccV2JxN8.s 			page 45


 938:Drivers/CMSIS/Include/cmsis_gcc.h **** /* ###########################  Core Function Access  ########################### */
 939:Drivers/CMSIS/Include/cmsis_gcc.h **** /** \ingroup  CMSIS_Core_FunctionInterface
 940:Drivers/CMSIS/Include/cmsis_gcc.h ****     \defgroup CMSIS_Core_RegAccFunctions CMSIS Core Register Access Functions
 941:Drivers/CMSIS/Include/cmsis_gcc.h ****   @{
 942:Drivers/CMSIS/Include/cmsis_gcc.h ****  */
 943:Drivers/CMSIS/Include/cmsis_gcc.h **** 
 944:Drivers/CMSIS/Include/cmsis_gcc.h **** /**
 945:Drivers/CMSIS/Include/cmsis_gcc.h ****   \brief   Enable IRQ Interrupts
 946:Drivers/CMSIS/Include/cmsis_gcc.h ****   \details Enables IRQ interrupts by clearing special-purpose register PRIMASK.
 947:Drivers/CMSIS/Include/cmsis_gcc.h ****            Can only be executed in Privileged modes.
 948:Drivers/CMSIS/Include/cmsis_gcc.h ****  */
 949:Drivers/CMSIS/Include/cmsis_gcc.h **** __STATIC_FORCEINLINE void __enable_irq(void)
 950:Drivers/CMSIS/Include/cmsis_gcc.h **** {
 951:Drivers/CMSIS/Include/cmsis_gcc.h ****   __ASM volatile ("cpsie i" : : : "memory");
 952:Drivers/CMSIS/Include/cmsis_gcc.h **** }
 953:Drivers/CMSIS/Include/cmsis_gcc.h **** 
 954:Drivers/CMSIS/Include/cmsis_gcc.h **** 
 955:Drivers/CMSIS/Include/cmsis_gcc.h **** /**
 956:Drivers/CMSIS/Include/cmsis_gcc.h ****   \brief   Disable IRQ Interrupts
 957:Drivers/CMSIS/Include/cmsis_gcc.h ****   \details Disables IRQ interrupts by setting special-purpose register PRIMASK.
 958:Drivers/CMSIS/Include/cmsis_gcc.h ****            Can only be executed in Privileged modes.
 959:Drivers/CMSIS/Include/cmsis_gcc.h ****  */
 960:Drivers/CMSIS/Include/cmsis_gcc.h **** __STATIC_FORCEINLINE void __disable_irq(void)
 1136              		.loc 2 960 27 view .LVU260
 1137              	.LBB34:
 961:Drivers/CMSIS/Include/cmsis_gcc.h **** {
 962:Drivers/CMSIS/Include/cmsis_gcc.h ****   __ASM volatile ("cpsid i" : : : "memory");
 1138              		.loc 2 962 3 view .LVU261
 1139              		.syntax unified
 1140              	@ 962 "Drivers/CMSIS/Include/cmsis_gcc.h" 1
 1141 0000 72B6     		cpsid i
 1142              	@ 0 "" 2
 1143              		.thumb
 1144              		.syntax unified
 1145              	.L59:
 1146              	.LBE34:
 1147              	.LBE33:
 326:Core/Src/main.c ****   while (1)
 1148              		.loc 1 326 3 view .LVU262
 327:Core/Src/main.c ****   {
 328:Core/Src/main.c ****   }
 1149              		.loc 1 328 3 view .LVU263
 326:Core/Src/main.c ****   while (1)
 1150              		.loc 1 326 9 view .LVU264
 1151 0002 FEE7     		b	.L59
 1152              		.cfi_endproc
 1153              	.LFE140:
 1155              		.section	.text.SystemClock_Config,"ax",%progbits
 1156              		.align	1
 1157              		.global	SystemClock_Config
 1158              		.syntax unified
 1159              		.thumb
 1160              		.thumb_func
 1162              	SystemClock_Config:
 1163              	.LFB135:
 147:Core/Src/main.c ****   RCC_OscInitTypeDef RCC_OscInitStruct = {0};
 1164              		.loc 1 147 1 view -0
ARM GAS  C:\Users\jonat\AppData\Local\Temp\ccV2JxN8.s 			page 46


 1165              		.cfi_startproc
 1166              		@ args = 0, pretend = 0, frame = 80
 1167              		@ frame_needed = 0, uses_anonymous_args = 0
 1168 0000 00B5     		push	{lr}
 1169              	.LCFI14:
 1170              		.cfi_def_cfa_offset 4
 1171              		.cfi_offset 14, -4
 1172 0002 95B0     		sub	sp, sp, #84
 1173              	.LCFI15:
 1174              		.cfi_def_cfa_offset 88
 148:Core/Src/main.c ****   RCC_ClkInitTypeDef RCC_ClkInitStruct = {0};
 1175              		.loc 1 148 3 view .LVU266
 148:Core/Src/main.c ****   RCC_ClkInitTypeDef RCC_ClkInitStruct = {0};
 1176              		.loc 1 148 22 is_stmt 0 view .LVU267
 1177 0004 3422     		movs	r2, #52
 1178 0006 0021     		movs	r1, #0
 1179 0008 07A8     		add	r0, sp, #28
 1180 000a FFF7FEFF 		bl	memset
 1181              	.LVL115:
 149:Core/Src/main.c **** 
 1182              		.loc 1 149 3 is_stmt 1 view .LVU268
 149:Core/Src/main.c **** 
 1183              		.loc 1 149 22 is_stmt 0 view .LVU269
 1184 000e 0023     		movs	r3, #0
 1185 0010 0293     		str	r3, [sp, #8]
 1186 0012 0393     		str	r3, [sp, #12]
 1187 0014 0493     		str	r3, [sp, #16]
 1188 0016 0593     		str	r3, [sp, #20]
 1189 0018 0693     		str	r3, [sp, #24]
 153:Core/Src/main.c ****   __HAL_PWR_VOLTAGESCALING_CONFIG(PWR_REGULATOR_VOLTAGE_SCALE3);
 1190              		.loc 1 153 3 is_stmt 1 view .LVU270
 1191              	.LBB35:
 153:Core/Src/main.c ****   __HAL_PWR_VOLTAGESCALING_CONFIG(PWR_REGULATOR_VOLTAGE_SCALE3);
 1192              		.loc 1 153 3 view .LVU271
 1193 001a 0093     		str	r3, [sp]
 153:Core/Src/main.c ****   __HAL_PWR_VOLTAGESCALING_CONFIG(PWR_REGULATOR_VOLTAGE_SCALE3);
 1194              		.loc 1 153 3 view .LVU272
 1195 001c 194A     		ldr	r2, .L66
 1196 001e 116C     		ldr	r1, [r2, #64]
 1197 0020 41F08051 		orr	r1, r1, #268435456
 1198 0024 1164     		str	r1, [r2, #64]
 153:Core/Src/main.c ****   __HAL_PWR_VOLTAGESCALING_CONFIG(PWR_REGULATOR_VOLTAGE_SCALE3);
 1199              		.loc 1 153 3 view .LVU273
 1200 0026 126C     		ldr	r2, [r2, #64]
 1201 0028 02F08052 		and	r2, r2, #268435456
 1202 002c 0092     		str	r2, [sp]
 153:Core/Src/main.c ****   __HAL_PWR_VOLTAGESCALING_CONFIG(PWR_REGULATOR_VOLTAGE_SCALE3);
 1203              		.loc 1 153 3 view .LVU274
 1204 002e 009A     		ldr	r2, [sp]
 1205              	.LBE35:
 153:Core/Src/main.c ****   __HAL_PWR_VOLTAGESCALING_CONFIG(PWR_REGULATOR_VOLTAGE_SCALE3);
 1206              		.loc 1 153 3 view .LVU275
 154:Core/Src/main.c **** 
 1207              		.loc 1 154 3 view .LVU276
 1208              	.LBB36:
 154:Core/Src/main.c **** 
 1209              		.loc 1 154 3 view .LVU277
ARM GAS  C:\Users\jonat\AppData\Local\Temp\ccV2JxN8.s 			page 47


 1210 0030 0193     		str	r3, [sp, #4]
 154:Core/Src/main.c **** 
 1211              		.loc 1 154 3 view .LVU278
 1212 0032 1549     		ldr	r1, .L66+4
 1213 0034 0A68     		ldr	r2, [r1]
 1214 0036 22F44042 		bic	r2, r2, #49152
 1215 003a 42F48042 		orr	r2, r2, #16384
 1216 003e 0A60     		str	r2, [r1]
 154:Core/Src/main.c **** 
 1217              		.loc 1 154 3 view .LVU279
 1218 0040 0A68     		ldr	r2, [r1]
 1219 0042 02F44042 		and	r2, r2, #49152
 1220 0046 0192     		str	r2, [sp, #4]
 154:Core/Src/main.c **** 
 1221              		.loc 1 154 3 view .LVU280
 1222 0048 019A     		ldr	r2, [sp, #4]
 1223              	.LBE36:
 154:Core/Src/main.c **** 
 1224              		.loc 1 154 3 view .LVU281
 159:Core/Src/main.c ****   RCC_OscInitStruct.HSIState = RCC_HSI_ON;
 1225              		.loc 1 159 3 view .LVU282
 159:Core/Src/main.c ****   RCC_OscInitStruct.HSIState = RCC_HSI_ON;
 1226              		.loc 1 159 36 is_stmt 0 view .LVU283
 1227 004a 0222     		movs	r2, #2
 1228 004c 0792     		str	r2, [sp, #28]
 160:Core/Src/main.c ****   RCC_OscInitStruct.HSICalibrationValue = RCC_HSICALIBRATION_DEFAULT;
 1229              		.loc 1 160 3 is_stmt 1 view .LVU284
 160:Core/Src/main.c ****   RCC_OscInitStruct.HSICalibrationValue = RCC_HSICALIBRATION_DEFAULT;
 1230              		.loc 1 160 30 is_stmt 0 view .LVU285
 1231 004e 0122     		movs	r2, #1
 1232 0050 0A92     		str	r2, [sp, #40]
 161:Core/Src/main.c ****   RCC_OscInitStruct.PLL.PLLState = RCC_PLL_NONE;
 1233              		.loc 1 161 3 is_stmt 1 view .LVU286
 161:Core/Src/main.c ****   RCC_OscInitStruct.PLL.PLLState = RCC_PLL_NONE;
 1234              		.loc 1 161 41 is_stmt 0 view .LVU287
 1235 0052 1022     		movs	r2, #16
 1236 0054 0B92     		str	r2, [sp, #44]
 162:Core/Src/main.c ****   if (HAL_RCC_OscConfig(&RCC_OscInitStruct) != HAL_OK)
 1237              		.loc 1 162 3 is_stmt 1 view .LVU288
 162:Core/Src/main.c ****   if (HAL_RCC_OscConfig(&RCC_OscInitStruct) != HAL_OK)
 1238              		.loc 1 162 34 is_stmt 0 view .LVU289
 1239 0056 0D93     		str	r3, [sp, #52]
 163:Core/Src/main.c ****   {
 1240              		.loc 1 163 3 is_stmt 1 view .LVU290
 163:Core/Src/main.c ****   {
 1241              		.loc 1 163 7 is_stmt 0 view .LVU291
 1242 0058 07A8     		add	r0, sp, #28
 1243 005a FFF7FEFF 		bl	HAL_RCC_OscConfig
 1244              	.LVL116:
 163:Core/Src/main.c ****   {
 1245              		.loc 1 163 6 discriminator 1 view .LVU292
 1246 005e 68B9     		cbnz	r0, .L64
 170:Core/Src/main.c ****                               |RCC_CLOCKTYPE_PCLK1|RCC_CLOCKTYPE_PCLK2;
 1247              		.loc 1 170 3 is_stmt 1 view .LVU293
 170:Core/Src/main.c ****                               |RCC_CLOCKTYPE_PCLK1|RCC_CLOCKTYPE_PCLK2;
 1248              		.loc 1 170 31 is_stmt 0 view .LVU294
 1249 0060 0F23     		movs	r3, #15
ARM GAS  C:\Users\jonat\AppData\Local\Temp\ccV2JxN8.s 			page 48


 1250 0062 0293     		str	r3, [sp, #8]
 172:Core/Src/main.c ****   RCC_ClkInitStruct.AHBCLKDivider = RCC_SYSCLK_DIV1;
 1251              		.loc 1 172 3 is_stmt 1 view .LVU295
 172:Core/Src/main.c ****   RCC_ClkInitStruct.AHBCLKDivider = RCC_SYSCLK_DIV1;
 1252              		.loc 1 172 34 is_stmt 0 view .LVU296
 1253 0064 0021     		movs	r1, #0
 1254 0066 0391     		str	r1, [sp, #12]
 173:Core/Src/main.c ****   RCC_ClkInitStruct.APB1CLKDivider = RCC_HCLK_DIV1;
 1255              		.loc 1 173 3 is_stmt 1 view .LVU297
 173:Core/Src/main.c ****   RCC_ClkInitStruct.APB1CLKDivider = RCC_HCLK_DIV1;
 1256              		.loc 1 173 35 is_stmt 0 view .LVU298
 1257 0068 0491     		str	r1, [sp, #16]
 174:Core/Src/main.c ****   RCC_ClkInitStruct.APB2CLKDivider = RCC_HCLK_DIV1;
 1258              		.loc 1 174 3 is_stmt 1 view .LVU299
 174:Core/Src/main.c ****   RCC_ClkInitStruct.APB2CLKDivider = RCC_HCLK_DIV1;
 1259              		.loc 1 174 36 is_stmt 0 view .LVU300
 1260 006a 0591     		str	r1, [sp, #20]
 175:Core/Src/main.c **** 
 1261              		.loc 1 175 3 is_stmt 1 view .LVU301
 175:Core/Src/main.c **** 
 1262              		.loc 1 175 36 is_stmt 0 view .LVU302
 1263 006c 0691     		str	r1, [sp, #24]
 177:Core/Src/main.c ****   {
 1264              		.loc 1 177 3 is_stmt 1 view .LVU303
 177:Core/Src/main.c ****   {
 1265              		.loc 1 177 7 is_stmt 0 view .LVU304
 1266 006e 02A8     		add	r0, sp, #8
 1267 0070 FFF7FEFF 		bl	HAL_RCC_ClockConfig
 1268              	.LVL117:
 177:Core/Src/main.c ****   {
 1269              		.loc 1 177 6 discriminator 1 view .LVU305
 1270 0074 20B9     		cbnz	r0, .L65
 181:Core/Src/main.c **** 
 1271              		.loc 1 181 1 view .LVU306
 1272 0076 15B0     		add	sp, sp, #84
 1273              	.LCFI16:
 1274              		.cfi_remember_state
 1275              		.cfi_def_cfa_offset 4
 1276              		@ sp needed
 1277 0078 5DF804FB 		ldr	pc, [sp], #4
 1278              	.L64:
 1279              	.LCFI17:
 1280              		.cfi_restore_state
 165:Core/Src/main.c ****   }
 1281              		.loc 1 165 5 is_stmt 1 view .LVU307
 1282 007c FFF7FEFF 		bl	Error_Handler
 1283              	.LVL118:
 1284              	.L65:
 179:Core/Src/main.c ****   }
 1285              		.loc 1 179 5 view .LVU308
 1286 0080 FFF7FEFF 		bl	Error_Handler
 1287              	.LVL119:
 1288              	.L67:
 1289              		.align	2
 1290              	.L66:
 1291 0084 00380240 		.word	1073887232
 1292 0088 00700040 		.word	1073770496
ARM GAS  C:\Users\jonat\AppData\Local\Temp\ccV2JxN8.s 			page 49


 1293              		.cfi_endproc
 1294              	.LFE135:
 1296              		.section	.text.main,"ax",%progbits
 1297              		.align	1
 1298              		.global	main
 1299              		.syntax unified
 1300              		.thumb
 1301              		.thumb_func
 1303              	main:
 1304              	.LFB134:
  86:Core/Src/main.c ****   /* USER CODE BEGIN 1 */
 1305              		.loc 1 86 1 view -0
 1306              		.cfi_startproc
 1307              		@ args = 0, pretend = 0, frame = 0
 1308              		@ frame_needed = 0, uses_anonymous_args = 0
 1309 0000 70B5     		push	{r4, r5, r6, lr}
 1310              	.LCFI18:
 1311              		.cfi_def_cfa_offset 16
 1312              		.cfi_offset 4, -16
 1313              		.cfi_offset 5, -12
 1314              		.cfi_offset 6, -8
 1315              		.cfi_offset 14, -4
  94:Core/Src/main.c **** 
 1316              		.loc 1 94 3 view .LVU310
 1317 0002 FFF7FEFF 		bl	HAL_Init
 1318              	.LVL120:
 101:Core/Src/main.c **** 
 1319              		.loc 1 101 3 view .LVU311
 1320 0006 FFF7FEFF 		bl	SystemClock_Config
 1321              	.LVL121:
 108:Core/Src/main.c ****   /* USER CODE BEGIN 2 */
 1322              		.loc 1 108 3 view .LVU312
 1323 000a FFF7FEFF 		bl	MX_GPIO_Init
 1324              	.LVL122:
 112:Core/Src/main.c ****   int height, width;
 1325              		.loc 1 112 3 view .LVU313
 1326 000e 144C     		ldr	r4, .L71
 1327 0010 0121     		movs	r1, #1
 1328 0012 2046     		mov	r0, r4
 1329 0014 FFF7FEFF 		bl	HAL_GPIO_TogglePin
 1330              	.LVL123:
 113:Core/Src/main.c ****     //width = height = imageSize[0]; //128
 1331              		.loc 1 113 3 view .LVU314
 118:Core/Src/main.c ****   /* Infinite loop */
 1332              		.loc 1 118 5 view .LVU315
 118:Core/Src/main.c ****   /* Infinite loop */
 1333              		.loc 1 118 20 is_stmt 0 view .LVU316
 1334 0018 124B     		ldr	r3, .L71+4
 1335 001a 1E69     		ldr	r6, [r3, #16]
 1336              	.LVL124:
 122:Core/Src/main.c ****      checksum = calculate_mandelbrot_fixed_point_arithmetic(width, height, MAX_ITER);
 1337              		.loc 1 122 6 is_stmt 1 view .LVU317
 122:Core/Src/main.c ****      checksum = calculate_mandelbrot_fixed_point_arithmetic(width, height, MAX_ITER);
 1338              		.loc 1 122 19 is_stmt 0 view .LVU318
 1339 001c FFF7FEFF 		bl	HAL_GetTick
 1340              	.LVL125:
 122:Core/Src/main.c ****      checksum = calculate_mandelbrot_fixed_point_arithmetic(width, height, MAX_ITER);
ARM GAS  C:\Users\jonat\AppData\Local\Temp\ccV2JxN8.s 			page 50


 1341              		.loc 1 122 17 discriminator 1 view .LVU319
 1342 0020 114D     		ldr	r5, .L71+8
 1343 0022 2860     		str	r0, [r5]
 123:Core/Src/main.c ****      //checksum = calculate_mandelbrot_double(width, height, MAX_ITER);
 1344              		.loc 1 123 6 is_stmt 1 view .LVU320
 123:Core/Src/main.c ****      //checksum = calculate_mandelbrot_double(width, height, MAX_ITER);
 1345              		.loc 1 123 17 is_stmt 0 view .LVU321
 1346 0024 6422     		movs	r2, #100
 1347 0026 3146     		mov	r1, r6
 1348 0028 3046     		mov	r0, r6
 1349 002a FFF7FEFF 		bl	calculate_mandelbrot_fixed_point_arithmetic
 1350              	.LVL126:
 123:Core/Src/main.c ****      //checksum = calculate_mandelbrot_double(width, height, MAX_ITER);
 1351              		.loc 1 123 15 discriminator 1 view .LVU322
 1352 002e 0F4B     		ldr	r3, .L71+12
 1353 0030 C3E90001 		strd	r0, [r3]
 126:Core/Src/main.c ****      execution_time = end_time - start_time;
 1354              		.loc 1 126 6 is_stmt 1 view .LVU323
 126:Core/Src/main.c ****      execution_time = end_time - start_time;
 1355              		.loc 1 126 17 is_stmt 0 view .LVU324
 1356 0034 FFF7FEFF 		bl	HAL_GetTick
 1357              	.LVL127:
 126:Core/Src/main.c ****      execution_time = end_time - start_time;
 1358              		.loc 1 126 15 discriminator 1 view .LVU325
 1359 0038 0D4B     		ldr	r3, .L71+16
 1360 003a 1860     		str	r0, [r3]
 127:Core/Src/main.c ****      HAL_GPIO_TogglePin(GPIOB, GPIO_PIN_1);
 1361              		.loc 1 127 6 is_stmt 1 view .LVU326
 127:Core/Src/main.c ****      HAL_GPIO_TogglePin(GPIOB, GPIO_PIN_1);
 1362              		.loc 1 127 32 is_stmt 0 view .LVU327
 1363 003c 2B68     		ldr	r3, [r5]
 1364 003e C01A     		subs	r0, r0, r3
 127:Core/Src/main.c ****      HAL_GPIO_TogglePin(GPIOB, GPIO_PIN_1);
 1365              		.loc 1 127 21 view .LVU328
 1366 0040 0C4B     		ldr	r3, .L71+20
 1367 0042 1860     		str	r0, [r3]
 128:Core/Src/main.c ****      HAL_Delay(2000);
 1368              		.loc 1 128 6 is_stmt 1 view .LVU329
 1369 0044 0221     		movs	r1, #2
 1370 0046 2046     		mov	r0, r4
 1371 0048 FFF7FEFF 		bl	HAL_GPIO_TogglePin
 1372              	.LVL128:
 129:Core/Src/main.c ****      HAL_GPIO_TogglePin(GPIOB, GPIO_PIN_0|GPIO_PIN_1);
 1373              		.loc 1 129 6 view .LVU330
 1374 004c 4FF4FA60 		mov	r0, #2000
 1375 0050 FFF7FEFF 		bl	HAL_Delay
 1376              	.LVL129:
 130:Core/Src/main.c ****   while (1)
 1377              		.loc 1 130 6 view .LVU331
 1378 0054 0321     		movs	r1, #3
 1379 0056 2046     		mov	r0, r4
 1380 0058 FFF7FEFF 		bl	HAL_GPIO_TogglePin
 1381              	.LVL130:
 1382              	.L69:
 131:Core/Src/main.c ****   {
 1383              		.loc 1 131 3 view .LVU332
 138:Core/Src/main.c ****   /* USER CODE END 3 */
ARM GAS  C:\Users\jonat\AppData\Local\Temp\ccV2JxN8.s 			page 51


 1384              		.loc 1 138 3 view .LVU333
 131:Core/Src/main.c ****   {
 1385              		.loc 1 131 9 view .LVU334
 1386 005c FEE7     		b	.L69
 1387              	.L72:
 1388 005e 00BF     		.align	2
 1389              	.L71:
 1390 0060 00040240 		.word	1073873920
 1391 0064 00000000 		.word	imageSize
 1392 0068 00000000 		.word	start_time
 1393 006c 00000000 		.word	checksum
 1394 0070 00000000 		.word	end_time
 1395 0074 00000000 		.word	execution_time
 1396              		.cfi_endproc
 1397              	.LFE134:
 1399              		.global	max_yi
 1400              		.section	.bss.max_yi,"aw",%nobits
 1401              		.align	3
 1404              	max_yi:
 1405 0000 00000000 		.space	8
 1405      00000000 
 1406              		.global	max_xi
 1407              		.section	.bss.max_xi,"aw",%nobits
 1408              		.align	3
 1411              	max_xi:
 1412 0000 00000000 		.space	8
 1412      00000000 
 1413              		.global	imageSize
 1414              		.section	.data.imageSize,"aw"
 1415              		.align	2
 1418              	imageSize:
 1419 0000 80000000 		.word	128
 1420 0004 A0000000 		.word	160
 1421 0008 C0000000 		.word	192
 1422 000c E0000000 		.word	224
 1423 0010 00010000 		.word	256
 1424              		.global	checksum
 1425              		.section	.bss.checksum,"aw",%nobits
 1426              		.align	3
 1429              	checksum:
 1430 0000 00000000 		.space	8
 1430      00000000 
 1431              		.global	execution_time
 1432              		.section	.bss.execution_time,"aw",%nobits
 1433              		.align	2
 1436              	execution_time:
 1437 0000 00000000 		.space	4
 1438              		.global	end_time
 1439              		.section	.bss.end_time,"aw",%nobits
 1440              		.align	2
 1443              	end_time:
 1444 0000 00000000 		.space	4
 1445              		.global	start_time
 1446              		.section	.bss.start_time,"aw",%nobits
 1447              		.align	2
 1450              	start_time:
 1451 0000 00000000 		.space	4
ARM GAS  C:\Users\jonat\AppData\Local\Temp\ccV2JxN8.s 			page 52


 1452              		.text
 1453              	.Letext0:
 1454              		.file 3 "C:\\ST\\STM32CubeIDE_1.19.0\\STM32CubeIDE\\plugins\\com.st.stm32cube.ide.mcu.externaltool
 1455              		.file 4 "C:\\ST\\STM32CubeIDE_1.19.0\\STM32CubeIDE\\plugins\\com.st.stm32cube.ide.mcu.externaltool
 1456              		.file 5 "Drivers/CMSIS/Device/ST/STM32F4xx/Include/stm32f446xx.h"
 1457              		.file 6 "Drivers/STM32F4xx_HAL_Driver/Inc/stm32f4xx_hal_def.h"
 1458              		.file 7 "Drivers/STM32F4xx_HAL_Driver/Inc/stm32f4xx_hal_rcc_ex.h"
 1459              		.file 8 "Drivers/STM32F4xx_HAL_Driver/Inc/stm32f4xx_hal_rcc.h"
 1460              		.file 9 "Drivers/STM32F4xx_HAL_Driver/Inc/stm32f4xx_hal_gpio.h"
 1461              		.file 10 "Drivers/STM32F4xx_HAL_Driver/Inc/stm32f4xx_hal.h"
 1462              		.file 11 "<built-in>"
ARM GAS  C:\Users\jonat\AppData\Local\Temp\ccV2JxN8.s 			page 53


DEFINED SYMBOLS
                            *ABS*:00000000 main.c
C:\Users\jonat\AppData\Local\Temp\ccV2JxN8.s:21     .text.MX_GPIO_Init:00000000 $t
C:\Users\jonat\AppData\Local\Temp\ccV2JxN8.s:26     .text.MX_GPIO_Init:00000000 MX_GPIO_Init
C:\Users\jonat\AppData\Local\Temp\ccV2JxN8.s:101    .text.MX_GPIO_Init:0000004c $d
C:\Users\jonat\AppData\Local\Temp\ccV2JxN8.s:108    .text.calculate_mandelbrot_fixed_point_arithmetic:00000000 $t
C:\Users\jonat\AppData\Local\Temp\ccV2JxN8.s:114    .text.calculate_mandelbrot_fixed_point_arithmetic:00000000 calculate_mandelbrot_fixed_point_arithmetic
C:\Users\jonat\AppData\Local\Temp\ccV2JxN8.s:450    .text.calculate_mandelbrot_fixed_point_arithmetic:000001bc $d
C:\Users\jonat\AppData\Local\Temp\ccV2JxN8.s:1411   .bss.max_xi:00000000 max_xi
C:\Users\jonat\AppData\Local\Temp\ccV2JxN8.s:1404   .bss.max_yi:00000000 max_yi
C:\Users\jonat\AppData\Local\Temp\ccV2JxN8.s:468    .text.calculate_mandelbrot_double:00000000 $t
C:\Users\jonat\AppData\Local\Temp\ccV2JxN8.s:474    .text.calculate_mandelbrot_double:00000000 calculate_mandelbrot_double
C:\Users\jonat\AppData\Local\Temp\ccV2JxN8.s:826    .text.calculate_mandelbrot_double:000001ac $d
C:\Users\jonat\AppData\Local\Temp\ccV2JxN8.s:838    .text.calculate_mandelbrot_float:00000000 $t
C:\Users\jonat\AppData\Local\Temp\ccV2JxN8.s:844    .text.calculate_mandelbrot_float:00000000 calculate_mandelbrot_float
C:\Users\jonat\AppData\Local\Temp\ccV2JxN8.s:1109   .text.calculate_mandelbrot_float:0000013c $d
C:\Users\jonat\AppData\Local\Temp\ccV2JxN8.s:1118   .text.Error_Handler:00000000 $t
C:\Users\jonat\AppData\Local\Temp\ccV2JxN8.s:1124   .text.Error_Handler:00000000 Error_Handler
C:\Users\jonat\AppData\Local\Temp\ccV2JxN8.s:1156   .text.SystemClock_Config:00000000 $t
C:\Users\jonat\AppData\Local\Temp\ccV2JxN8.s:1162   .text.SystemClock_Config:00000000 SystemClock_Config
C:\Users\jonat\AppData\Local\Temp\ccV2JxN8.s:1291   .text.SystemClock_Config:00000084 $d
C:\Users\jonat\AppData\Local\Temp\ccV2JxN8.s:1297   .text.main:00000000 $t
C:\Users\jonat\AppData\Local\Temp\ccV2JxN8.s:1303   .text.main:00000000 main
C:\Users\jonat\AppData\Local\Temp\ccV2JxN8.s:1390   .text.main:00000060 $d
C:\Users\jonat\AppData\Local\Temp\ccV2JxN8.s:1418   .data.imageSize:00000000 imageSize
C:\Users\jonat\AppData\Local\Temp\ccV2JxN8.s:1450   .bss.start_time:00000000 start_time
C:\Users\jonat\AppData\Local\Temp\ccV2JxN8.s:1429   .bss.checksum:00000000 checksum
C:\Users\jonat\AppData\Local\Temp\ccV2JxN8.s:1443   .bss.end_time:00000000 end_time
C:\Users\jonat\AppData\Local\Temp\ccV2JxN8.s:1436   .bss.execution_time:00000000 execution_time
C:\Users\jonat\AppData\Local\Temp\ccV2JxN8.s:1401   .bss.max_yi:00000000 $d
C:\Users\jonat\AppData\Local\Temp\ccV2JxN8.s:1408   .bss.max_xi:00000000 $d
C:\Users\jonat\AppData\Local\Temp\ccV2JxN8.s:1415   .data.imageSize:00000000 $d
C:\Users\jonat\AppData\Local\Temp\ccV2JxN8.s:1426   .bss.checksum:00000000 $d
C:\Users\jonat\AppData\Local\Temp\ccV2JxN8.s:1433   .bss.execution_time:00000000 $d
C:\Users\jonat\AppData\Local\Temp\ccV2JxN8.s:1440   .bss.end_time:00000000 $d
C:\Users\jonat\AppData\Local\Temp\ccV2JxN8.s:1447   .bss.start_time:00000000 $d

UNDEFINED SYMBOLS
HAL_GPIO_WritePin
HAL_GPIO_Init
__aeabi_ldivmod
__aeabi_i2d
__aeabi_ddiv
__aeabi_dmul
__aeabi_dsub
__aeabi_dadd
__aeabi_ul2d
__aeabi_dcmplt
__aeabi_dcmple
__aeabi_d2lz
__aeabi_d2iz
__aeabi_f2d
__aeabi_d2f
memset
HAL_RCC_OscConfig
HAL_RCC_ClockConfig
HAL_Init
ARM GAS  C:\Users\jonat\AppData\Local\Temp\ccV2JxN8.s 			page 54


HAL_GPIO_TogglePin
HAL_GetTick
HAL_Delay
